visitor_id,group,design,converted,time_on_page_sec,pages_visited,revenue
A_0000,A (Control),Blue Button,0,125.33103002799761,4,0.0
A_0001,A (Control),Blue Button,1,79.93966923869696,2,0.0
A_0002,A (Control),Blue Button,0,131.4059355301789,1,0.0
A_0003,A (Control),Blue Button,0,138.3175723585147,1,37.08864797447271
A_0004,A (Control),Blue Button,0,136.7937134379312,1,0.0
A_0005,A (Control),Blue Button,0,152.42342176663865,2,0.0
A_0006,A (Control),Blue Button,0,145.01766463646712,5,65.61431260696685
A_0007,A (Control),Blue Button,0,133.7754023768531,2,0.0
A_0008,A (Control),Blue Button,0,117.89502865624058,5,0.0
A_0009,A (Control),Blue Button,0,70.17117199452025,3,0.0
A_0010,A (Control),Blue Button,0,132.88854657397758,7,0.0
A_0011,A (Control),Blue Button,1,126.23063061489333,2,0.0
A_0012,A (Control),Blue Button,0,128.1473651158612,2,0.0
A_0013,A (Control),Blue Button,0,81.69754272539072,2,0.0
A_0014,A (Control),Blue Button,0,87.56830378775213,2,0.0
A_0015,A (Control),Blue Button,0,151.5945855999871,2,0.0
A_0016,A (Control),Blue Button,0,118.81334538430035,6,48.282914423017054
A_0017,A (Control),Blue Button,0,140.44502092117872,5,0.0
A_0018,A (Control),Blue Button,0,120.84955128391384,3,0.0
A_0019,A (Control),Blue Button,0,120.89268418487235,1,0.0
A_0020,A (Control),Blue Button,0,148.14851417927994,4,0.0
A_0021,A (Control),Blue Button,0,104.51865815347878,2,0.0
A_0022,A (Control),Blue Button,0,122.8836233082295,6,0.0
A_0023,A (Control),Blue Button,0,106.13174133884873,7,72.47146450231676
A_0024,A (Control),Blue Button,0,106.96511317703053,4,37.75767516457934
A_0025,A (Control),Blue Button,0,110.72483629594082,3,0.0
A_0026,A (Control),Blue Button,0,126.66401314901138,3,0.0
A_0027,A (Control),Blue Button,0,105.63754135009569,1,0.0
A_0028,A (Control),Blue Button,0,157.67268376720563,3,0.0
A_0029,A (Control),Blue Button,0,93.16178093341489,4,0.0
A_0030,A (Control),Blue Button,0,114.39385067515923,4,0.0
A_0031,A (Control),Blue Button,0,106.80806825177476,1,0.0
A_0032,A (Control),Blue Button,0,163.409336530612,3,0.0
A_0033,A (Control),Blue Button,1,125.89664329534725,1,0.0
A_0034,A (Control),Blue Button,1,150.95533618405904,1,0.0
A_0035,A (Control),Blue Button,0,75.43318880889083,4,0.0
A_0036,A (Control),Blue Button,0,128.01150797607778,8,42.73612472103755
A_0037,A (Control),Blue Button,0,146.6889238687031,3,0.0
A_0038,A (Control),Blue Button,0,122.46851967826272,5,0.0
A_0039,A (Control),Blue Button,0,151.96441125196054,2,0.0
A_0040,A (Control),Blue Button,0,104.48134649698883,4,0.0
A_0041,A (Control),Blue Button,0,162.2804232055674,3,0.0
A_0042,A (Control),Blue Button,0,188.9669437085775,7,0.0
A_0043,A (Control),Blue Button,1,109.11484318681023,1,0.0
A_0044,A (Control),Blue Button,0,106.63492435797684,6,27.83581389620833
A_0045,A (Control),Blue Button,0,163.60153431353103,3,0.0
A_0046,A (Control),Blue Button,0,167.38716437192136,4,0.0
A_0047,A (Control),Blue Button,0,104.31419918540195,6,0.0
A_0048,A (Control),Blue Button,0,107.39439548712429,4,0.0
A_0049,A (Control),Blue Button,0,111.54646173418479,8,0.0
A_0050,A (Control),Blue Button,1,79.66648466897169,5,0.0
A_0051,A (Control),Blue Button,0,92.44044160547405,5,0.0
A_0052,A (Control),Blue Button,1,89.87577699743797,4,0.0
A_0053,A (Control),Blue Button,0,96.96607304687615,3,0.0
A_0054,A (Control),Blue Button,0,118.95945337839656,2,51.385651874598864
A_0055,A (Control),Blue Button,1,127.02644197609563,4,0.0
A_0056,A (Control),Blue Button,0,166.5150147844223,6,0.0
A_0057,A (Control),Blue Button,0,90.04937877783627,4,0.0
A_0058,A (Control),Blue Button,0,149.5296719542975,2,0.0
A_0059,A (Control),Blue Button,0,113.58033467323473,1,0.0
A_0060,A (Control),Blue Button,0,118.51608871042701,3,0.0
A_0061,A (Control),Blue Button,0,140.2445847649981,3,0.0
A_0062,A (Control),Blue Button,0,86.31833935313105,3,0.0
A_0063,A (Control),Blue Button,0,131.4722923855215,1,0.0
A_0064,A (Control),Blue Button,0,124.99356624639168,2,0.0
A_0065,A (Control),Blue Button,0,134.77353792024448,6,0.0
A_0066,A (Control),Blue Button,0,128.67505931723454,5,0.0
A_0067,A (Control),Blue Button,0,193.65900419732682,5,0.0
A_0068,A (Control),Blue Button,0,100.86780047246052,6,0.0
A_0069,A (Control),Blue Button,1,104.07009134994547,2,0.0
A_0070,A (Control),Blue Button,0,101.30578420725706,2,0.0
A_0071,A (Control),Blue Button,0,103.33568642519236,2,0.0
A_0072,A (Control),Blue Button,0,100.87838618080447,1,0.0
A_0073,A (Control),Blue Button,0,155.67049593322656,1,0.0
A_0074,A (Control),Blue Button,0,162.61512743969564,2,0.0
A_0075,A (Control),Blue Button,0,102.87761118751571,1,63.15071279579174
A_0076,A (Control),Blue Button,0,95.02933280687314,3,0.0
A_0077,A (Control),Blue Button,0,134.14246669159212,3,0.0
A_0078,A (Control),Blue Button,0,103.43330867157087,6,0.0
A_0079,A (Control),Blue Button,0,138.98795453266533,5,0.0
A_0080,A (Control),Blue Button,0,126.087690625539,7,49.08353737991198
A_0081,A (Control),Blue Button,0,74.52767655008304,3,38.7680030596992
A_0082,A (Control),Blue Button,0,166.42515603990185,5,0.0
A_0083,A (Control),Blue Button,0,173.87633019286565,2,0.0
A_0084,A (Control),Blue Button,0,101.61633928546841,6,0.0
A_0085,A (Control),Blue Button,0,108.36895320192048,4,0.0
A_0086,A (Control),Blue Button,0,128.57596172174715,3,0.0
A_0087,A (Control),Blue Button,0,130.03370369961075,5,0.0
A_0088,A (Control),Blue Button,0,139.7563281801849,1,39.89314841510785
A_0089,A (Control),Blue Button,0,180.3061361629905,2,0.0
A_0090,A (Control),Blue Button,0,114.69158317517852,1,0.0
A_0091,A (Control),Blue Button,0,96.05108266384639,2,47.75816460252517
A_0092,A (Control),Blue Button,0,78.62042315956418,2,28.53753197562992
A_0093,A (Control),Blue Button,0,98.07209880174243,3,0.0
A_0094,A (Control),Blue Button,0,119.00619081378609,6,0.0
A_0095,A (Control),Blue Button,0,173.83673590553363,3,0.0
A_0096,A (Control),Blue Button,0,104.47166102891485,3,0.0
A_0097,A (Control),Blue Button,0,126.71363854916696,1,33.54284525556779
A_0098,A (Control),Blue Button,0,119.50731311781743,4,84.37866900228029
A_0099,A (Control),Blue Button,0,155.65179820344252,1,0.0
A_0100,A (Control),Blue Button,0,195.80797277620866,4,0.0
A_0101,A (Control),Blue Button,0,104.07393681239039,6,0.0
A_0102,A (Control),Blue Button,0,105.31681672445333,2,44.008017642907205
A_0103,A (Control),Blue Button,0,151.32482631207216,2,0.0
A_0104,A (Control),Blue Button,1,140.45674468878934,6,0.0
A_0105,A (Control),Blue Button,0,175.401219772081,2,0.0
A_0106,A (Control),Blue Button,0,137.51784555977892,4,0.0
A_0107,A (Control),Blue Button,0,109.22123727638821,5,0.0
A_0108,A (Control),Blue Button,0,137.71964492076927,5,0.0
A_0109,A (Control),Blue Button,0,153.26110741748724,1,30.431158342992912
A_0110,A (Control),Blue Button,0,144.61446543592092,4,36.596074794213195
A_0111,A (Control),Blue Button,0,135.21822093321893,3,0.0
A_0112,A (Control),Blue Button,1,152.00024068767462,4,0.0
A_0113,A (Control),Blue Button,0,155.0788677133702,1,0.0
A_0114,A (Control),Blue Button,0,161.4647697311258,2,0.0
A_0115,A (Control),Blue Button,0,139.46129662768928,6,0.0
A_0116,A (Control),Blue Button,0,114.98645759049437,7,67.98949359382378
A_0117,A (Control),Blue Button,0,124.40141059299968,3,0.0
A_0118,A (Control),Blue Button,0,156.1952689952507,8,0.0
A_0119,A (Control),Blue Button,0,95.49192987038292,4,78.19811824131511
A_0120,A (Control),Blue Button,0,131.06019926618703,3,57.81134180538067
A_0121,A (Control),Blue Button,0,108.19983563017918,1,0.0
A_0122,A (Control),Blue Button,0,120.86234468804453,4,0.0
A_0123,A (Control),Blue Button,0,158.35355587821897,3,0.0
A_0124,A (Control),Blue Button,0,125.7329720405971,1,0.0
A_0125,A (Control),Blue Button,0,121.39309644468446,3,0.0
A_0126,A (Control),Blue Button,0,79.20431577060242,3,0.0
A_0127,A (Control),Blue Button,0,142.38760698081663,7,44.546400576274564
A_0128,A (Control),Blue Button,0,139.36452543423226,4,0.0
A_0129,A (Control),Blue Button,0,184.8976416991638,3,0.0
A_0130,A (Control),Blue Button,0,110.76665295140998,2,0.0
A_0131,A (Control),Blue Button,0,126.57450982991817,1,0.0
A_0132,A (Control),Blue Button,0,127.48151051132265,6,0.0
A_0133,A (Control),Blue Button,0,167.32359839290422,6,0.0
A_0134,A (Control),Blue Button,1,117.14113402839143,4,0.0
A_0135,A (Control),Blue Button,0,128.37064577311017,3,0.0
A_0136,A (Control),Blue Button,0,138.23689529149618,1,0.0
A_0137,A (Control),Blue Button,0,125.59827369469075,7,0.0
A_0138,A (Control),Blue Button,0,106.60699156348416,4,0.0
A_0139,A (Control),Blue Button,1,125.82269978694923,1,0.0
A_0140,A (Control),Blue Button,1,152.20895249579317,2,0.0
A_0141,A (Control),Blue Button,0,89.20454101766819,2,0.0
A_0142,A (Control),Blue Button,0,123.98909022440628,3,58.06118004230571
A_0143,A (Control),Blue Button,0,98.9963755518248,1,59.634518525167636
A_0144,A (Control),Blue Button,0,155.85139886774527,6,0.0
A_0145,A (Control),Blue Button,0,74.30439285648676,4,0.0
A_0146,A (Control),Blue Button,0,103.23234458185235,8,0.0
A_0147,A (Control),Blue Button,0,131.31635625193562,4,0.0
A_0148,A (Control),Blue Button,0,166.9657208770302,2,0.0
A_0149,A (Control),Blue Button,0,118.02749216781037,4,54.528100710815174
A_0150,A (Control),Blue Button,1,103.34401419920405,7,44.20516286829237
A_0151,A (Control),Blue Button,0,176.4347120832177,6,0.0
A_0152,A (Control),Blue Button,0,76.55958298751267,6,0.0
A_0153,A (Control),Blue Button,0,54.03582130139755,3,0.0
A_0154,A (Control),Blue Button,1,133.20043350159997,3,0.0
A_0155,A (Control),Blue Button,0,104.93837326942166,1,0.0
A_0156,A (Control),Blue Button,0,89.36301548607861,6,0.0
A_0157,A (Control),Blue Button,0,141.2506934189806,2,0.0
A_0158,A (Control),Blue Button,0,127.31402141313596,5,0.0
A_0159,A (Control),Blue Button,0,103.07764107789815,2,0.0
A_0160,A (Control),Blue Button,0,81.59086803987316,5,0.0
A_0161,A (Control),Blue Button,0,146.17371984840435,4,0.0
A_0162,A (Control),Blue Button,0,139.50603533875983,2,0.0
A_0163,A (Control),Blue Button,0,117.02472408661852,3,0.0
A_0164,A (Control),Blue Button,0,175.39910988142998,3,0.0
A_0165,A (Control),Blue Button,0,87.89745701021542,4,0.0
A_0166,A (Control),Blue Button,0,74.23424487225783,1,0.0
A_0167,A (Control),Blue Button,0,99.24275790356266,5,0.0
A_0168,A (Control),Blue Button,0,118.63241950933507,2,0.0
A_0169,A (Control),Blue Button,0,127.30018347968075,3,33.771284469303005
A_0170,A (Control),Blue Button,0,112.7629182643101,3,0.0
A_0171,A (Control),Blue Button,0,130.5616618954289,5,0.0
A_0172,A (Control),Blue Button,0,82.45381727428668,2,0.0
A_0173,A (Control),Blue Button,0,163.31293812219778,4,0.0
A_0174,A (Control),Blue Button,0,117.53546464822294,1,0.0
A_0175,A (Control),Blue Button,0,153.51887494764384,2,50.85112524945229
A_0176,A (Control),Blue Button,0,130.28176039133112,4,0.0
A_0177,A (Control),Blue Button,0,133.70259657461352,5,0.0
A_0178,A (Control),Blue Button,1,137.0930184069661,4,63.79807273931645
A_0179,A (Control),Blue Button,0,133.43125680051946,4,0.0
A_0180,A (Control),Blue Button,0,139.2816827960263,4,0.0
A_0181,A (Control),Blue Button,0,159.87457590397293,4,0.0
A_0182,A (Control),Blue Button,1,125.8956350910441,4,0.0
A_0183,A (Control),Blue Button,0,141.27011272765537,1,0.0
A_0184,A (Control),Blue Button,0,117.3079291713832,2,0.0
A_0185,A (Control),Blue Button,0,163.2035164634842,5,0.0
A_0186,A (Control),Blue Button,0,99.7082309382219,5,0.0
A_0187,A (Control),Blue Button,0,174.02821298732448,3,0.0
A_0188,A (Control),Blue Button,0,118.7952614806697,2,0.0
A_0189,A (Control),Blue Button,0,77.07674693645856,1,0.0
A_0190,A (Control),Blue Button,0,123.84313244732368,4,0.0
A_0191,A (Control),Blue Button,0,99.56845027575358,8,0.0
A_0192,A (Control),Blue Button,1,145.21930646966172,2,36.06295489235363
A_0193,A (Control),Blue Button,0,100.42128062092827,4,0.0
A_0194,A (Control),Blue Button,0,106.61449700355661,6,0.0
A_0195,A (Control),Blue Button,0,63.31377807163407,5,0.0
A_0196,A (Control),Blue Button,0,106.4308104225277,3,0.0
A_0197,A (Control),Blue Button,0,47.2836202011313,2,0.0
A_0198,A (Control),Blue Button,0,72.4829152954283,4,0.0
A_0199,A (Control),Blue Button,0,142.81243968432892,2,0.0
A_0200,A (Control),Blue Button,0,143.57400475952497,1,0.0
A_0201,A (Control),Blue Button,0,132.76372685354895,5,0.0
A_0202,A (Control),Blue Button,0,90.99071570612361,2,0.0
A_0203,A (Control),Blue Button,0,118.5686593157406,4,0.0
A_0204,A (Control),Blue Button,0,119.89192382728295,5,0.0
A_0205,A (Control),Blue Button,0,85.24905932422371,4,0.0
A_0206,A (Control),Blue Button,0,165.10194905301452,5,0.0
A_0207,A (Control),Blue Button,0,146.32086871727014,4,0.0
A_0208,A (Control),Blue Button,0,113.37107478511008,3,0.0
A_0209,A (Control),Blue Button,0,120.80657516983592,1,0.0
A_0210,A (Control),Blue Button,0,126.25148423842657,1,0.0
A_0211,A (Control),Blue Button,0,58.747953947271284,4,0.0
A_0212,A (Control),Blue Button,0,112.5846785243821,1,0.0
A_0213,A (Control),Blue Button,0,99.54047256006604,3,0.0
A_0214,A (Control),Blue Button,0,89.95139970315253,1,0.0
A_0215,A (Control),Blue Button,0,111.56699121342135,3,0.0
A_0216,A (Control),Blue Button,0,173.93059580548567,2,0.0
A_0217,A (Control),Blue Button,0,139.22528583801028,6,49.88466506417946
A_0218,A (Control),Blue Button,0,102.86463030651609,3,0.0
A_0219,A (Control),Blue Button,0,137.17748344068477,4,0.0
A_0220,A (Control),Blue Button,0,161.98066309758008,2,42.62657091471605
A_0221,A (Control),Blue Button,0,147.73901048738307,4,0.0
A_0222,A (Control),Blue Button,0,121.78891109760522,2,0.0
A_0223,A (Control),Blue Button,0,100.59189666883279,2,0.0
A_0224,A (Control),Blue Button,0,140.9466994084077,4,0.0
A_0225,A (Control),Blue Button,0,131.80456156265248,7,0.0
A_0226,A (Control),Blue Button,1,146.85579660083198,4,0.0
A_0227,A (Control),Blue Button,0,139.0551540504591,1,0.0
A_0228,A (Control),Blue Button,0,151.48658145958007,3,0.0
A_0229,A (Control),Blue Button,0,103.94294365318297,4,0.0
A_0230,A (Control),Blue Button,0,159.52182196902976,2,0.0
A_0231,A (Control),Blue Button,0,125.92798814077199,5,0.0
A_0232,A (Control),Blue Button,0,182.25782617875797,2,0.0
A_0233,A (Control),Blue Button,0,99.32436545731296,5,0.0
A_0234,A (Control),Blue Button,0,172.0789140949575,3,0.0
A_0235,A (Control),Blue Button,0,125.93732350387944,3,0.0
A_0236,A (Control),Blue Button,0,100.45745989156654,6,0.0
A_0237,A (Control),Blue Button,0,105.48342497837035,4,0.0
A_0238,A (Control),Blue Button,0,110.3895807541704,9,0.0
A_0239,A (Control),Blue Button,0,132.7249783920575,3,0.0
A_0240,A (Control),Blue Button,1,135.685064641065,2,50.47639184872176
A_0241,A (Control),Blue Button,1,102.78899988184263,4,0.0
A_0242,A (Control),Blue Button,1,119.26936223217051,6,0.0
A_0243,A (Control),Blue Button,0,184.2681107583559,4,0.0
A_0244,A (Control),Blue Button,0,171.82629510302132,2,0.0
A_0245,A (Control),Blue Button,1,133.08971009022096,6,0.0
A_0246,A (Control),Blue Button,0,121.14010434504601,2,0.0
A_0247,A (Control),Blue Button,1,123.60093980154784,1,0.0
A_0248,A (Control),Blue Button,1,138.4055391819125,1,29.69367987935362
A_0249,A (Control),Blue Button,0,89.31622304404783,3,0.0
A_0250,A (Control),Blue Button,0,112.27870387729965,9,0.0
A_0251,A (Control),Blue Button,0,69.94247778367232,2,0.0
A_0252,A (Control),Blue Button,0,131.97669367815837,7,82.18737387614732
A_0253,A (Control),Blue Button,0,139.41587819108224,2,0.0
A_0254,A (Control),Blue Button,0,105.50440613101878,5,0.0
A_0255,A (Control),Blue Button,0,167.219602898701,1,27.512281970634525
A_0256,A (Control),Blue Button,1,83.22703010992976,3,0.0
A_0257,A (Control),Blue Button,0,76.0687535937054,9,0.0
A_0258,A (Control),Blue Button,0,126.73355455679916,6,0.0
A_0259,A (Control),Blue Button,0,151.41294907836465,7,0.0
A_0260,A (Control),Blue Button,0,170.51783074373606,1,0.0
A_0261,A (Control),Blue Button,1,106.2334721139318,4,0.0
A_0262,A (Control),Blue Button,0,152.36042500293888,5,0.0
A_0263,A (Control),Blue Button,0,118.84474591497879,4,0.0
A_0264,A (Control),Blue Button,0,114.82118100177541,3,0.0
A_0265,A (Control),Blue Button,0,146.50979812460017,8,0.0
A_0266,A (Control),Blue Button,0,139.56968635240258,2,0.0
A_0267,A (Control),Blue Button,0,72.70823529047252,4,0.0
A_0268,A (Control),Blue Button,0,164.2962104917769,1,0.0
A_0269,A (Control),Blue Button,0,161.40274062442353,4,0.0
A_0270,A (Control),Blue Button,0,101.23311895471412,4,0.0
A_0271,A (Control),Blue Button,0,131.87410600312228,3,0.0
A_0272,A (Control),Blue Button,0,134.82090558848216,5,0.0
A_0273,A (Control),Blue Button,1,127.82021297471721,1,0.0
A_0274,A (Control),Blue Button,0,103.4908453846374,5,0.0
A_0275,A (Control),Blue Button,0,99.85129896185845,1,0.0
A_0276,A (Control),Blue Button,0,119.23337787025665,2,0.0
A_0277,A (Control),Blue Button,0,155.18187057778096,1,0.0
A_0278,A (Control),Blue Button,0,136.30800463783297,5,0.0
A_0279,A (Control),Blue Button,0,108.88157003741682,3,0.0
A_0280,A (Control),Blue Button,0,143.15096131945035,2,56.59179035686986
A_0281,A (Control),Blue Button,0,34.54372138109774,2,0.0
A_0282,A (Control),Blue Button,0,154.46297101116312,4,0.0
A_0283,A (Control),Blue Button,0,67.80858663665701,2,0.0
A_0284,A (Control),Blue Button,0,109.12677175790603,4,0.0
A_0285,A (Control),Blue Button,0,86.40990316121568,2,61.32438149212947
A_0286,A (Control),Blue Button,0,81.15955572837282,2,0.0
A_0287,A (Control),Blue Button,0,154.82480362135558,2,0.0
A_0288,A (Control),Blue Button,0,105.96896396064326,7,0.0
A_0289,A (Control),Blue Button,0,130.39511645192147,5,0.0
A_0290,A (Control),Blue Button,0,118.59238263362448,5,0.0
A_0291,A (Control),Blue Button,0,134.31122481669365,5,0.0
A_0292,A (Control),Blue Button,0,122.30465673180765,3,0.0
A_0293,A (Control),Blue Button,0,81.51023327434291,4,0.0
A_0294,A (Control),Blue Button,0,149.88800458341422,3,0.0
A_0295,A (Control),Blue Button,0,105.18730250516063,2,0.0
A_0296,A (Control),Blue Button,0,73.30254304020747,5,0.0
A_0297,A (Control),Blue Button,0,107.15654517102263,3,0.0
A_0298,A (Control),Blue Button,0,165.02279371902932,4,0.0
A_0299,A (Control),Blue Button,0,145.5066522634048,3,0.0
A_0300,A (Control),Blue Button,0,109.54043596776422,2,0.0
A_0301,A (Control),Blue Button,0,109.52226887044714,5,0.0
A_0302,A (Control),Blue Button,0,110.35094846347852,2,48.7661945049282
A_0303,A (Control),Blue Button,0,182.30243950682524,2,0.0
A_0304,A (Control),Blue Button,0,131.4580635669466,3,0.0
A_0305,A (Control),Blue Button,1,132.90124941573208,3,0.0
A_0306,A (Control),Blue Button,0,150.90850362095526,6,0.0
A_0307,A (Control),Blue Button,0,127.16367477079541,1,0.0
A_0308,A (Control),Blue Button,0,112.2287356253789,5,0.0
A_0309,A (Control),Blue Button,0,114.10950452745065,1,0.0
A_0310,A (Control),Blue Button,0,117.85196221757808,4,55.468422160331855
A_0311,A (Control),Blue Button,0,118.88333290470476,2,0.0
A_0312,A (Control),Blue Button,0,141.8288863091094,3,0.0
A_0313,A (Control),Blue Button,1,121.55837657421898,3,0.0
A_0314,A (Control),Blue Button,0,141.97920231646737,3,0.0
A_0315,A (Control),Blue Button,0,117.57850259674252,4,0.0
A_0316,A (Control),Blue Button,0,122.35905570948272,1,0.0
A_0317,A (Control),Blue Button,0,60.05397946403677,4,37.67277757367981
A_0318,A (Control),Blue Button,0,147.48983024107446,1,69.53885595179347
A_0319,A (Control),Blue Button,0,130.39465427693978,6,0.0
A_0320,A (Control),Blue Button,0,149.94030329578956,7,0.0
A_0321,A (Control),Blue Button,0,33.112338654189315,6,0.0
A_0322,A (Control),Blue Button,0,182.65124114342183,5,0.0
A_0323,A (Control),Blue Button,0,115.81231115534479,2,0.0
A_0324,A (Control),Blue Button,1,153.2454845021255,1,0.0
A_0325,A (Control),Blue Button,0,88.80282218623407,4,0.0
A_0326,A (Control),Blue Button,0,138.3832171518771,5,0.0
A_0327,A (Control),Blue Button,0,88.39753310479031,4,0.0
A_0328,A (Control),Blue Button,0,101.28693117912584,3,0.0
A_0329,A (Control),Blue Button,0,177.42094061600358,6,0.0
A_0330,A (Control),Blue Button,0,114.2795279770996,2,0.0
A_0331,A (Control),Blue Button,0,126.52298619539168,4,0.0
A_0332,A (Control),Blue Button,0,146.10203192066263,4,0.0
A_0333,A (Control),Blue Button,0,134.87045663917814,3,0.0
A_0334,A (Control),Blue Button,0,124.51256715430729,8,0.0
A_0335,A (Control),Blue Button,0,130.94883007398676,1,0.0
A_0336,A (Control),Blue Button,0,192.10246755714826,4,0.0
A_0337,A (Control),Blue Button,0,118.27143608899244,2,0.0
A_0338,A (Control),Blue Button,0,126.03297140144903,2,0.0
A_0339,A (Control),Blue Button,0,151.51963188022836,1,0.0
A_0340,A (Control),Blue Button,0,153.1657779887395,2,0.0
A_0341,A (Control),Blue Button,0,155.6109091668114,7,0.0
A_0342,A (Control),Blue Button,0,139.16190666087553,1,0.0
A_0343,A (Control),Blue Button,0,85.70985261808549,2,0.0
A_0344,A (Control),Blue Button,0,169.00294596903288,3,0.0
A_0345,A (Control),Blue Button,0,85.60963820943937,5,0.0
A_0346,A (Control),Blue Button,0,129.079063957171,3,0.0
A_0347,A (Control),Blue Button,0,97.37172449941926,4,0.0
A_0348,A (Control),Blue Button,0,118.07584960221023,6,0.0
A_0349,A (Control),Blue Button,0,129.8628723091044,3,40.71315577625103
A_0350,A (Control),Blue Button,0,129.6407164635082,3,0.0
A_0351,A (Control),Blue Button,0,132.65762262705854,3,0.0
A_0352,A (Control),Blue Button,0,168.41133807175942,2,0.0
A_0353,A (Control),Blue Button,0,133.6060290454194,3,0.0
A_0354,A (Control),Blue Button,0,112.67530094128054,6,0.0
A_0355,A (Control),Blue Button,0,148.92261504865073,2,0.0
A_0356,A (Control),Blue Button,0,155.6841146677392,3,0.0
A_0357,A (Control),Blue Button,0,83.17176554589022,1,0.0
A_0358,A (Control),Blue Button,1,137.92200209549574,2,0.0
A_0359,A (Control),Blue Button,0,141.03518226932695,3,0.0
A_0360,A (Control),Blue Button,0,111.07309489920024,8,31.883609111849715
A_0361,A (Control),Blue Button,0,161.2712043993486,6,0.0
A_0362,A (Control),Blue Button,0,115.4983323890242,4,0.0
A_0363,A (Control),Blue Button,0,123.76729360414626,5,0.0
A_0364,A (Control),Blue Button,1,114.80784527148391,3,0.0
A_0365,A (Control),Blue Button,0,120.46737142744402,1,0.0
A_0366,A (Control),Blue Button,1,87.11174739314394,8,0.0
A_0367,A (Control),Blue Button,1,76.79847352217118,3,0.0
A_0368,A (Control),Blue Button,0,167.83515189674915,5,0.0
A_0369,A (Control),Blue Button,0,94.59115955045016,3,14.28891341714754
A_0370,A (Control),Blue Button,0,90.25822951631079,2,0.0
A_0371,A (Control),Blue Button,0,55.39829659188855,3,0.0
A_0372,A (Control),Blue Button,0,100.83114756931494,2,0.0
A_0373,A (Control),Blue Button,0,80.30730619777505,3,36.34269944702718
A_0374,A (Control),Blue Button,0,169.26045480409107,1,0.0
A_0375,A (Control),Blue Button,0,150.294512680279,3,0.0
A_0376,A (Control),Blue Button,0,99.35548964466828,3,0.0
A_0377,A (Control),Blue Button,0,187.57307416032927,1,0.0
A_0378,A (Control),Blue Button,0,149.45296460974782,1,36.70939629532434
A_0379,A (Control),Blue Button,0,110.25505849474132,1,0.0
A_0380,A (Control),Blue Button,0,45.01782855379281,2,0.0
A_0381,A (Control),Blue Button,0,188.72827717772225,5,0.0
A_0382,A (Control),Blue Button,0,78.31282599709212,4,0.0
A_0383,A (Control),Blue Button,0,70.63803759129325,4,0.0
A_0384,A (Control),Blue Button,0,150.6771129602892,4,0.0
A_0385,A (Control),Blue Button,0,193.19257219017817,2,0.0
A_0386,A (Control),Blue Button,0,161.52818455531553,2,0.0
A_0387,A (Control),Blue Button,0,136.9172736015708,4,36.40027182268561
A_0388,A (Control),Blue Button,0,137.84263024995857,4,0.0
A_0389,A (Control),Blue Button,0,145.60246676340924,3,0.0
A_0390,A (Control),Blue Button,1,142.76785769360296,1,0.0
A_0391,A (Control),Blue Button,0,128.43574271908128,4,0.0
A_0392,A (Control),Blue Button,0,123.12603311855628,4,0.0
A_0393,A (Control),Blue Button,0,118.12220616301433,5,0.0
A_0394,A (Control),Blue Button,0,97.38106233399971,3,0.0
A_0395,A (Control),Blue Button,1,111.57974769399678,1,0.0
A_0396,A (Control),Blue Button,0,69.21129557413843,8,0.0
A_0397,A (Control),Blue Button,0,117.0498111961575,4,0.0
A_0398,A (Control),Blue Button,0,90.34226678547248,6,56.57868936381508
A_0399,A (Control),Blue Button,0,86.89232048352687,1,0.0
A_0400,A (Control),Blue Button,0,125.39682453460435,2,0.0
A_0401,A (Control),Blue Button,1,161.760068590338,4,0.0
A_0402,A (Control),Blue Button,0,147.5494981800694,2,69.02874853471204
A_0403,A (Control),Blue Button,0,72.88498189130469,7,0.0
A_0404,A (Control),Blue Button,0,90.31115590288988,4,0.0
A_0405,A (Control),Blue Button,0,148.22313563964647,4,0.0
A_0406,A (Control),Blue Button,0,90.52537819385071,1,0.0
A_0407,A (Control),Blue Button,0,113.26100550008925,2,0.0
A_0408,A (Control),Blue Button,1,136.50156297073656,5,0.0
A_0409,A (Control),Blue Button,0,90.94966635409094,1,0.0
A_0410,A (Control),Blue Button,0,123.16126518437879,1,52.18140826108639
A_0411,A (Control),Blue Button,1,79.97923515245387,1,0.0
A_0412,A (Control),Blue Button,1,101.9589706814636,3,0.0
A_0413,A (Control),Blue Button,0,129.59345802427612,3,0.0
A_0414,A (Control),Blue Button,0,72.21018799404993,4,0.0
A_0415,A (Control),Blue Button,0,133.21424213881198,2,0.0
A_0416,A (Control),Blue Button,0,119.41086603219956,4,0.0
A_0417,A (Control),Blue Button,0,136.57469863251444,8,0.0
A_0418,A (Control),Blue Button,0,126.71742402193985,3,0.0
A_0419,A (Control),Blue Button,0,160.92421289921532,1,0.0
A_0420,A (Control),Blue Button,0,123.75673507943722,4,0.0
A_0421,A (Control),Blue Button,0,107.11783376624241,1,0.0
A_0422,A (Control),Blue Button,0,123.66892509096851,4,0.0
A_0423,A (Control),Blue Button,0,136.29894087109165,3,0.0
A_0424,A (Control),Blue Button,0,121.46580210977113,3,0.0
A_0425,A (Control),Blue Button,0,121.21775073611647,5,0.0
A_0426,A (Control),Blue Button,0,98.94024936579734,4,0.0
A_0427,A (Control),Blue Button,0,100.11297247347156,1,0.0
A_0428,A (Control),Blue Button,0,77.92184184600919,1,0.0
A_0429,A (Control),Blue Button,0,172.48730229560817,8,0.0
A_0430,A (Control),Blue Button,0,82.68410293826145,4,0.0
A_0431,A (Control),Blue Button,0,99.21284406612278,4,0.0
A_0432,A (Control),Blue Button,0,98.44778203292408,5,0.0
A_0433,A (Control),Blue Button,0,146.84773130833324,1,0.0
A_0434,A (Control),Blue Button,0,111.15150965123917,4,42.25078701859838
A_0435,A (Control),Blue Button,0,157.432262180212,2,0.0
A_0436,A (Control),Blue Button,0,99.79528127268395,3,0.0
A_0437,A (Control),Blue Button,0,128.36982486671405,1,0.0
A_0438,A (Control),Blue Button,0,94.93958840220728,5,0.0
A_0439,A (Control),Blue Button,0,184.35447383320167,3,0.0
A_0440,A (Control),Blue Button,0,84.37204742911462,7,0.0
A_0441,A (Control),Blue Button,1,129.29462130681082,3,0.0
A_0442,A (Control),Blue Button,0,139.01330642796296,1,0.0
A_0443,A (Control),Blue Button,0,132.41397292354495,1,37.73162236792242
A_0444,A (Control),Blue Button,0,114.44137023366875,6,0.0
A_0445,A (Control),Blue Button,1,116.10537900799721,3,0.0
A_0446,A (Control),Blue Button,1,121.31434415937329,3,0.0
A_0447,A (Control),Blue Button,0,115.58993995114534,2,0.0
A_0448,A (Control),Blue Button,0,148.9163735038473,5,0.0
A_0449,A (Control),Blue Button,0,186.31569004774053,5,0.0
A_0450,A (Control),Blue Button,0,103.27524644976499,4,0.0
A_0451,A (Control),Blue Button,0,78.90591061262766,3,0.0
A_0452,A (Control),Blue Button,0,117.35153854946236,2,0.0
A_0453,A (Control),Blue Button,1,197.39128012962954,3,0.0
A_0454,A (Control),Blue Button,0,95.88976296090807,2,0.0
A_0455,A (Control),Blue Button,0,169.17350416332204,5,0.0
A_0456,A (Control),Blue Button,0,170.3310244222932,4,45.456721343015104
A_0457,A (Control),Blue Button,0,103.39235274876016,3,70.19149691771386
A_0458,A (Control),Blue Button,0,137.06949237555827,4,0.0
A_0459,A (Control),Blue Button,0,168.85189869385613,6,0.0
A_0460,A (Control),Blue Button,0,108.62616777037539,4,0.0
A_0461,A (Control),Blue Button,0,113.89258919692915,6,0.0
A_0462,A (Control),Blue Button,0,102.54957258154069,1,72.12668546464784
A_0463,A (Control),Blue Button,0,89.557298079214,3,0.0
A_0464,A (Control),Blue Button,1,100.52167364801979,3,0.0
A_0465,A (Control),Blue Button,0,83.2817919971323,2,0.0
A_0466,A (Control),Blue Button,0,121.02250404777678,3,0.0
A_0467,A (Control),Blue Button,0,96.90080306824075,8,0.0
A_0468,A (Control),Blue Button,0,127.01357735372243,5,0.0
A_0469,A (Control),Blue Button,1,73.32313061389118,3,0.0
A_0470,A (Control),Blue Button,0,129.92640696643372,5,0.0
A_0471,A (Control),Blue Button,1,145.00586884826774,2,0.0
A_0472,A (Control),Blue Button,0,60.187930722856336,2,0.0
A_0473,A (Control),Blue Button,0,131.22169709542717,5,0.0
A_0474,A (Control),Blue Button,0,156.83006977419876,2,0.0
A_0475,A (Control),Blue Button,1,83.71076943926383,5,0.0
A_0476,A (Control),Blue Button,0,170.1771716051311,1,45.6814088469812
A_0477,A (Control),Blue Button,0,132.57057028098134,3,53.675579964731085
A_0478,A (Control),Blue Button,1,98.84964432724773,3,45.950721547622535
A_0479,A (Control),Blue Button,0,118.32692767026882,1,0.0
A_0480,A (Control),Blue Button,0,136.74980737565167,2,0.0
A_0481,A (Control),Blue Button,0,122.28016174237234,5,0.0
A_0482,A (Control),Blue Button,0,136.16267977339106,2,0.0
A_0483,A (Control),Blue Button,0,92.379792207619,5,46.09945624729333
A_0484,A (Control),Blue Button,0,125.08082472108234,2,0.0
A_0485,A (Control),Blue Button,1,77.58856509285059,5,0.0
A_0486,A (Control),Blue Button,0,116.66321815953899,1,46.76319310507671
A_0487,A (Control),Blue Button,0,92.8827707560563,5,0.0
A_0488,A (Control),Blue Button,1,97.934101722307,4,0.0
A_0489,A (Control),Blue Button,0,157.08279525631312,4,0.0
A_0490,A (Control),Blue Button,0,152.73930361782806,5,0.0
A_0491,A (Control),Blue Button,0,138.27414362721532,4,0.0
A_0492,A (Control),Blue Button,0,87.23061705982263,3,0.0
A_0493,A (Control),Blue Button,0,110.50774650915594,3,0.0
A_0494,A (Control),Blue Button,0,156.3929309993755,3,0.0
A_0495,A (Control),Blue Button,0,124.25150740919715,7,0.0
A_0496,A (Control),Blue Button,0,189.5798861994508,4,0.0
A_0497,A (Control),Blue Button,0,131.79953518183115,4,0.0
A_0498,A (Control),Blue Button,1,125.76147349470095,1,0.0
A_0499,A (Control),Blue Button,1,110.72650607392495,4,56.325753995046455
A_0500,A (Control),Blue Button,0,124.00622714346846,5,0.0
A_0501,A (Control),Blue Button,0,115.42590490858369,4,0.0
A_0502,A (Control),Blue Button,0,141.2432603006577,1,0.0
A_0503,A (Control),Blue Button,0,148.70106950383752,3,0.0
A_0504,A (Control),Blue Button,0,96.42031618476152,4,0.0
A_0505,A (Control),Blue Button,0,80.06301139326666,5,0.0
A_0506,A (Control),Blue Button,1,64.91383880690111,1,0.0
A_0507,A (Control),Blue Button,0,135.2397398073763,9,0.0
A_0508,A (Control),Blue Button,1,86.89900181478379,2,0.0
A_0509,A (Control),Blue Button,0,55.41328221142551,4,82.94969082468431
A_0510,A (Control),Blue Button,0,131.65735813592892,1,0.0
A_0511,A (Control),Blue Button,0,194.78998552298373,2,49.97428769496404
A_0512,A (Control),Blue Button,1,119.8178726538032,3,0.0
A_0513,A (Control),Blue Button,0,145.15472323354925,4,0.0
A_0514,A (Control),Blue Button,0,122.45488075642695,4,0.0
A_0515,A (Control),Blue Button,0,117.03331040426572,6,0.0
A_0516,A (Control),Blue Button,0,147.57229448963307,3,0.0
A_0517,A (Control),Blue Button,0,111.29176367434046,4,0.0
A_0518,A (Control),Blue Button,1,128.0217694221571,4,0.0
A_0519,A (Control),Blue Button,0,129.6509341858804,8,0.0
A_0520,A (Control),Blue Button,0,99.95728639070853,4,0.0
A_0521,A (Control),Blue Button,0,149.7612704860957,5,0.0
A_0522,A (Control),Blue Button,1,114.75120729913775,2,0.0
A_0523,A (Control),Blue Button,0,97.32764521521466,6,0.0
A_0524,A (Control),Blue Button,0,136.0952953071121,3,0.0
A_0525,A (Control),Blue Button,0,93.04596054626889,2,0.0
A_0526,A (Control),Blue Button,0,120.84543472107384,7,0.0
A_0527,A (Control),Blue Button,0,119.7264301006739,6,0.0
A_0528,A (Control),Blue Button,0,152.57686697494734,2,0.0
A_0529,A (Control),Blue Button,0,134.24094698639857,4,38.56373074095629
A_0530,A (Control),Blue Button,0,119.24919123764569,5,0.0
A_0531,A (Control),Blue Button,1,144.53298897600862,5,0.0
A_0532,A (Control),Blue Button,1,161.7062264705194,2,0.0
A_0533,A (Control),Blue Button,0,136.73430919055588,4,0.0
A_0534,A (Control),Blue Button,0,120.31057859530142,4,0.0
A_0535,A (Control),Blue Button,1,80.64491302949521,5,0.0
A_0536,A (Control),Blue Button,0,88.04659010773882,4,0.0
A_0537,A (Control),Blue Button,0,110.84325886935997,2,0.0
A_0538,A (Control),Blue Button,0,101.71463393522151,4,0.0
A_0539,A (Control),Blue Button,0,114.39086091043661,4,0.0
A_0540,A (Control),Blue Button,1,121.69949774691321,1,0.0
A_0541,A (Control),Blue Button,0,135.89078263070192,4,0.0
A_0542,A (Control),Blue Button,0,117.88503665822726,5,0.0
A_0543,A (Control),Blue Button,0,134.59504931478605,2,0.0
A_0544,A (Control),Blue Button,0,121.9342324443036,5,0.0
A_0545,A (Control),Blue Button,0,60.736003009383865,4,0.0
A_0546,A (Control),Blue Button,0,91.81993818543737,6,53.858801316672526
A_0547,A (Control),Blue Button,0,115.67737332835154,1,0.0
A_0548,A (Control),Blue Button,0,83.70915771476677,2,0.0
A_0549,A (Control),Blue Button,0,137.99786189988615,1,0.0
A_0550,A (Control),Blue Button,0,165.92252497031092,4,0.0
A_0551,A (Control),Blue Button,0,156.5628555509195,3,0.0
A_0552,A (Control),Blue Button,0,113.59671387209376,2,0.0
A_0553,A (Control),Blue Button,0,164.72178410549856,3,73.04235159282418
A_0554,A (Control),Blue Button,0,124.46002371606335,2,0.0
A_0555,A (Control),Blue Button,0,109.88742086645883,1,0.0
A_0556,A (Control),Blue Button,0,101.5979200937718,1,0.0
A_0557,A (Control),Blue Button,0,110.92590940535615,7,0.0
A_0558,A (Control),Blue Button,0,108.35469544376313,7,0.0
A_0559,A (Control),Blue Button,0,125.11248667126463,4,0.0
A_0560,A (Control),Blue Button,0,124.81721943149594,1,0.0
A_0561,A (Control),Blue Button,0,120.09138060460243,3,0.0
A_0562,A (Control),Blue Button,0,133.1081450923905,1,0.0
A_0563,A (Control),Blue Button,0,155.71938824359023,2,46.77567742881573
A_0564,A (Control),Blue Button,0,148.4866240632397,1,0.0
A_0565,A (Control),Blue Button,0,75.45306094650289,3,0.0
A_0566,A (Control),Blue Button,0,43.382365952941356,4,0.0
A_0567,A (Control),Blue Button,0,148.02959733717822,2,0.0
A_0568,A (Control),Blue Button,1,78.99363904753736,2,55.535246567377506
A_0569,A (Control),Blue Button,0,113.2570379432195,3,0.0
A_0570,A (Control),Blue Button,0,84.89660921821921,2,0.0
A_0571,A (Control),Blue Button,0,65.94058687259941,4,0.0
A_0572,A (Control),Blue Button,0,136.24388184614364,3,0.0
A_0573,A (Control),Blue Button,0,142.7746548090794,7,36.54120490758115
A_0574,A (Control),Blue Button,0,102.70468797819842,3,0.0
A_0575,A (Control),Blue Button,1,42.26873123565271,2,0.0
A_0576,A (Control),Blue Button,0,103.61266655242551,5,0.0
A_0577,A (Control),Blue Button,1,131.7541201620764,2,54.0207564138463
A_0578,A (Control),Blue Button,0,75.63265293677614,1,0.0
A_0579,A (Control),Blue Button,0,125.50079759337467,4,0.0
A_0580,A (Control),Blue Button,0,119.54070452481014,3,0.0
A_0581,A (Control),Blue Button,1,137.37874498803265,4,0.0
A_0582,A (Control),Blue Button,0,123.5874110524246,3,0.0
A_0583,A (Control),Blue Button,0,90.80793177355334,5,0.0
A_0584,A (Control),Blue Button,0,155.89714504993475,3,0.0
A_0585,A (Control),Blue Button,0,115.2441128091909,3,0.0
A_0586,A (Control),Blue Button,0,119.18086381470205,1,0.0
A_0587,A (Control),Blue Button,0,92.00196122780412,3,0.0
A_0588,A (Control),Blue Button,0,106.70153246425468,4,0.0
A_0589,A (Control),Blue Button,0,93.45591857919297,2,0.0
A_0590,A (Control),Blue Button,0,114.81161820229731,3,57.81034244634003
A_0591,A (Control),Blue Button,0,171.35125440427032,2,0.0
A_0592,A (Control),Blue Button,0,78.84296571205931,3,0.0
A_0593,A (Control),Blue Button,0,71.59315806369776,2,0.0
A_0594,A (Control),Blue Button,0,164.13510982480824,1,0.0
A_0595,A (Control),Blue Button,0,113.72028968544402,2,0.0
A_0596,A (Control),Blue Button,0,99.92781784020251,3,0.0
A_0597,A (Control),Blue Button,0,151.19714062188228,5,0.0
A_0598,A (Control),Blue Button,0,101.83153380789408,3,16.70333078822224
A_0599,A (Control),Blue Button,0,174.78029140640808,6,0.0
A_0600,A (Control),Blue Button,0,140.33777614017808,2,0.0
A_0601,A (Control),Blue Button,0,105.36265775562892,6,0.0
A_0602,A (Control),Blue Button,0,184.7192463979651,6,0.0
A_0603,A (Control),Blue Button,0,101.82855230989985,8,0.0
A_0604,A (Control),Blue Button,0,142.26286116027921,1,0.0
A_0605,A (Control),Blue Button,0,128.97877741219475,5,0.0
A_0606,A (Control),Blue Button,0,159.05223868196396,3,0.0
A_0607,A (Control),Blue Button,0,166.84533590180558,6,71.43140243055156
A_0608,A (Control),Blue Button,0,120.960124471973,5,0.0
A_0609,A (Control),Blue Button,0,97.3974638896145,1,0.0
A_0610,A (Control),Blue Button,0,133.7991642881735,1,0.0
A_0611,A (Control),Blue Button,0,99.66853890743681,2,0.0
A_0612,A (Control),Blue Button,0,180.4016174257987,5,0.0
A_0613,A (Control),Blue Button,0,124.09605993248212,6,0.0
A_0614,A (Control),Blue Button,0,109.04035346063674,3,76.16875805112872
A_0615,A (Control),Blue Button,1,125.54040917594725,5,62.897503422011866
A_0616,A (Control),Blue Button,0,79.58621131410911,3,0.0
A_0617,A (Control),Blue Button,0,90.85157884468046,3,0.0
A_0618,A (Control),Blue Button,0,156.01241723833277,2,0.0
A_0619,A (Control),Blue Button,0,100.29317163085813,1,0.0
A_0620,A (Control),Blue Button,0,88.59267051954181,8,0.0
A_0621,A (Control),Blue Button,0,136.09958257581857,2,0.0
A_0622,A (Control),Blue Button,0,155.57112463988992,4,0.0
A_0623,A (Control),Blue Button,0,141.568599319952,7,0.0
A_0624,A (Control),Blue Button,0,149.8814305741745,5,0.0
A_0625,A (Control),Blue Button,0,97.29614734291619,3,0.0
A_0626,A (Control),Blue Button,0,77.3456799977447,2,0.0
A_0627,A (Control),Blue Button,0,165.0400095586646,3,36.74196657288906
A_0628,A (Control),Blue Button,0,110.31960483473593,5,0.0
A_0629,A (Control),Blue Button,0,112.47500950634858,3,0.0
A_0630,A (Control),Blue Button,0,159.84582425547174,3,0.0
A_0631,A (Control),Blue Button,0,136.6869002820198,5,0.0
A_0632,A (Control),Blue Button,0,133.67663316244824,1,0.0
A_0633,A (Control),Blue Button,0,184.95007034703252,3,0.0
A_0634,A (Control),Blue Button,0,100.69445308859571,2,0.0
A_0635,A (Control),Blue Button,0,147.83520384243712,1,0.0
A_0636,A (Control),Blue Button,0,121.71039374691253,2,0.0
A_0637,A (Control),Blue Button,0,128.05776836589772,1,0.0
A_0638,A (Control),Blue Button,0,165.85405279237597,3,0.0
A_0639,A (Control),Blue Button,0,135.23507268868872,4,0.0
A_0640,A (Control),Blue Button,0,136.14888237148898,2,34.980280187030495
A_0641,A (Control),Blue Button,0,152.17522011929407,8,0.0
A_0642,A (Control),Blue Button,0,109.05141811371344,5,0.0
A_0643,A (Control),Blue Button,0,94.8237099798298,5,0.0
A_0644,A (Control),Blue Button,0,88.65572417936899,3,0.0
A_0645,A (Control),Blue Button,0,61.009302318719946,1,47.3072813769128
A_0646,A (Control),Blue Button,0,181.68621389820967,3,0.0
A_0647,A (Control),Blue Button,0,86.90374902834951,4,0.0
A_0648,A (Control),Blue Button,0,113.36239129242684,6,0.0
A_0649,A (Control),Blue Button,0,111.69560100333238,4,0.0
A_0650,A (Control),Blue Button,0,129.22220093427302,3,0.0
A_0651,A (Control),Blue Button,0,144.47211637617892,2,0.0
A_0652,A (Control),Blue Button,0,145.81420465079236,2,0.0
A_0653,A (Control),Blue Button,0,102.50767684293184,2,0.0
A_0654,A (Control),Blue Button,0,114.98634858640766,4,0.0
A_0655,A (Control),Blue Button,0,128.477398514649,1,0.0
A_0656,A (Control),Blue Button,0,112.5392662144936,5,0.0
A_0657,A (Control),Blue Button,0,168.2203672805998,6,0.0
A_0658,A (Control),Blue Button,0,134.72924854914754,6,0.0
A_0659,A (Control),Blue Button,0,142.04633358149454,3,0.0
A_0660,A (Control),Blue Button,0,139.88643806002239,6,0.0
A_0661,A (Control),Blue Button,1,155.20421572455973,5,0.0
A_0662,A (Control),Blue Button,0,125.4306467611112,4,0.0
A_0663,A (Control),Blue Button,0,81.0950415613246,2,0.0
A_0664,A (Control),Blue Button,0,131.99063855257924,2,0.0
A_0665,A (Control),Blue Button,0,100.45929318624513,2,40.561817757058364
A_0666,A (Control),Blue Button,0,104.1414995475073,5,0.0
A_0667,A (Control),Blue Button,0,137.5909205626528,3,0.0
A_0668,A (Control),Blue Button,0,157.14849214300907,2,0.0
A_0669,A (Control),Blue Button,0,120.63814730208185,6,0.0
A_0670,A (Control),Blue Button,0,129.2649903779689,7,0.0
A_0671,A (Control),Blue Button,0,171.06644833905713,2,0.0
A_0672,A (Control),Blue Button,0,127.22259538465705,5,0.0
A_0673,A (Control),Blue Button,0,198.05049342541184,2,0.0
A_0674,A (Control),Blue Button,0,136.96528936894632,4,0.0
A_0675,A (Control),Blue Button,1,67.17711722532547,2,0.0
A_0676,A (Control),Blue Button,0,142.60024863313598,2,0.0
A_0677,A (Control),Blue Button,0,131.43475154648334,5,0.0
A_0678,A (Control),Blue Button,1,158.69258262248238,4,0.0
A_0679,A (Control),Blue Button,0,140.19544053809875,2,0.0
A_0680,A (Control),Blue Button,0,115.84632048048678,1,0.0
A_0681,A (Control),Blue Button,0,83.27105291131903,1,0.0
A_0682,A (Control),Blue Button,0,113.72930228141924,3,0.0
A_0683,A (Control),Blue Button,0,94.484386373721,1,0.0
A_0684,A (Control),Blue Button,1,102.58429650585832,1,0.0
A_0685,A (Control),Blue Button,0,137.65735213261829,5,0.0
A_0686,A (Control),Blue Button,0,170.0971351305422,8,0.0
A_0687,A (Control),Blue Button,0,131.84014589468944,3,0.0
A_0688,A (Control),Blue Button,0,84.12350813894447,3,0.0
A_0689,A (Control),Blue Button,0,133.33808004660423,2,0.0
A_0690,A (Control),Blue Button,0,155.89894459936954,3,0.0
A_0691,A (Control),Blue Button,0,101.70651287041854,1,0.0
A_0692,A (Control),Blue Button,0,115.97948499981247,5,0.0
A_0693,A (Control),Blue Button,0,120.4406458418759,3,0.0
A_0694,A (Control),Blue Button,0,96.4530506075328,2,0.0
A_0695,A (Control),Blue Button,0,139.44841301531577,5,0.0
A_0696,A (Control),Blue Button,0,116.37155554176655,3,0.0
A_0697,A (Control),Blue Button,0,132.58597331721083,6,0.0
A_0698,A (Control),Blue Button,0,93.375234665937,5,0.0
A_0699,A (Control),Blue Button,0,106.87625099029769,4,0.0
A_0700,A (Control),Blue Button,0,141.67144073483314,5,0.0
A_0701,A (Control),Blue Button,0,108.815005437247,2,0.0
A_0702,A (Control),Blue Button,0,171.80891553700215,6,0.0
A_0703,A (Control),Blue Button,0,108.01091443156193,5,0.0
A_0704,A (Control),Blue Button,0,126.74054177255658,6,0.0
A_0705,A (Control),Blue Button,1,147.9777249561927,5,0.0
A_0706,A (Control),Blue Button,0,77.44902801200905,3,0.0
A_0707,A (Control),Blue Button,0,67.17573564057673,1,0.0
A_0708,A (Control),Blue Button,0,74.23031056289716,3,0.0
A_0709,A (Control),Blue Button,0,157.87752310281547,3,0.0
A_0710,A (Control),Blue Button,0,103.4442556232266,5,0.0
A_0711,A (Control),Blue Button,0,196.74597857004755,3,0.0
A_0712,A (Control),Blue Button,0,103.07257204027835,4,0.0
A_0713,A (Control),Blue Button,0,125.53653909591111,3,27.782814130674264
A_0714,A (Control),Blue Button,0,166.26329857703627,2,0.0
A_0715,A (Control),Blue Button,1,180.18278664477367,3,0.0
A_0716,A (Control),Blue Button,0,181.84510729909192,2,0.0
A_0717,A (Control),Blue Button,1,156.25098691779428,3,0.0
A_0718,A (Control),Blue Button,0,150.72187577434386,5,0.0
A_0719,A (Control),Blue Button,0,137.77580847603548,4,0.0
A_0720,A (Control),Blue Button,1,143.35083228499914,4,61.239238353191766
A_0721,A (Control),Blue Button,0,103.46442851014399,1,0.0
A_0722,A (Control),Blue Button,0,95.45403349733078,4,0.0
A_0723,A (Control),Blue Button,0,119.89876627767144,6,0.0
A_0724,A (Control),Blue Button,0,114.89446132425215,5,0.0
A_0725,A (Control),Blue Button,0,106.40315852018175,3,0.0
A_0726,A (Control),Blue Button,0,140.89162342370145,4,0.0
A_0727,A (Control),Blue Button,0,148.6591562571153,3,0.0
A_0728,A (Control),Blue Button,0,122.65220658875542,3,0.0
A_0729,A (Control),Blue Button,0,164.32590243165785,4,0.0
A_0730,A (Control),Blue Button,0,85.74932657599484,5,0.0
A_0731,A (Control),Blue Button,0,114.19021622160845,4,0.0
A_0732,A (Control),Blue Button,0,98.49533038191585,2,0.0
A_0733,A (Control),Blue Button,0,64.0039014878082,2,0.0
A_0734,A (Control),Blue Button,0,117.51957942471903,3,0.0
A_0735,A (Control),Blue Button,0,116.3475747485015,4,0.0
A_0736,A (Control),Blue Button,0,165.40349229726394,4,0.0
A_0737,A (Control),Blue Button,0,138.92435053664332,1,0.0
A_0738,A (Control),Blue Button,0,89.27439527012385,2,0.0
A_0739,A (Control),Blue Button,0,175.62277699002564,5,0.0
A_0740,A (Control),Blue Button,0,156.63101086576057,5,0.0
A_0741,A (Control),Blue Button,0,137.46293110405847,2,0.0
A_0742,A (Control),Blue Button,0,113.20547703450504,5,0.0
A_0743,A (Control),Blue Button,0,91.2168228982956,4,0.0
A_0744,A (Control),Blue Button,0,108.83379671786841,3,0.0
A_0745,A (Control),Blue Button,0,152.66245859112558,4,35.09610494102828
A_0746,A (Control),Blue Button,0,176.53758917803827,5,0.0
A_0747,A (Control),Blue Button,0,166.29730584816568,2,0.0
A_0748,A (Control),Blue Button,1,105.33451734641177,5,0.0
A_0749,A (Control),Blue Button,0,86.41147700132967,2,0.0
A_0750,A (Control),Blue Button,0,124.22658740733611,1,0.0
A_0751,A (Control),Blue Button,1,66.94681903311445,4,0.0
A_0752,A (Control),Blue Button,0,129.69503142554345,6,0.0
A_0753,A (Control),Blue Button,0,115.57192241103994,2,0.0
A_0754,A (Control),Blue Button,0,106.01890494395273,3,0.0
A_0755,A (Control),Blue Button,0,72.15890798199614,4,0.0
A_0756,A (Control),Blue Button,0,135.4080031970915,3,0.0
A_0757,A (Control),Blue Button,0,104.01897481014265,1,0.0
A_0758,A (Control),Blue Button,0,84.90249492869137,2,0.0
A_0759,A (Control),Blue Button,0,33.832133601550524,1,0.0
A_0760,A (Control),Blue Button,0,119.17455284848091,4,0.0
A_0761,A (Control),Blue Button,0,173.16754790009233,1,0.0
A_0762,A (Control),Blue Button,0,169.83777643643612,5,0.0
A_0763,A (Control),Blue Button,0,106.28711230241184,2,37.91012403410877
A_0764,A (Control),Blue Button,0,101.93363818914659,5,0.0
A_0765,A (Control),Blue Button,0,134.06322768225073,6,0.0
A_0766,A (Control),Blue Button,0,90.04843682435126,6,0.0
A_0767,A (Control),Blue Button,0,129.05375699458398,3,59.99941825185336
A_0768,A (Control),Blue Button,0,142.9824083515407,3,0.0
A_0769,A (Control),Blue Button,0,156.80799671652923,4,43.17201642775761
A_0770,A (Control),Blue Button,0,116.99537770560141,2,0.0
A_0771,A (Control),Blue Button,0,113.88978749469102,5,0.0
A_0772,A (Control),Blue Button,0,93.66052239730317,3,0.0
A_0773,A (Control),Blue Button,0,95.1935893788042,5,0.0
A_0774,A (Control),Blue Button,0,113.20563324295419,6,0.0
A_0775,A (Control),Blue Button,0,131.02096520448535,2,0.0
A_0776,A (Control),Blue Button,0,147.4075387869975,1,0.0
A_0777,A (Control),Blue Button,0,95.90463147958965,3,0.0
A_0778,A (Control),Blue Button,0,164.78065706878564,2,0.0
A_0779,A (Control),Blue Button,0,111.86629196872293,1,0.0
A_0780,A (Control),Blue Button,0,119.35898116954692,7,0.0
A_0781,A (Control),Blue Button,0,97.5836496255653,1,0.0
A_0782,A (Control),Blue Button,0,47.272792191811746,6,0.0
A_0783,A (Control),Blue Button,0,146.52136189083149,6,0.0
A_0784,A (Control),Blue Button,0,142.105316912773,6,0.0
A_0785,A (Control),Blue Button,1,111.56017328645359,6,0.0
A_0786,A (Control),Blue Button,0,122.00972151674615,1,0.0
A_0787,A (Control),Blue Button,0,135.47817653112298,5,0.0
A_0788,A (Control),Blue Button,0,73.12362429340372,3,0.0
A_0789,A (Control),Blue Button,1,104.12841967961116,4,0.0
A_0790,A (Control),Blue Button,0,143.8279403886548,1,0.0
A_0791,A (Control),Blue Button,0,82.37131730492251,5,0.0
A_0792,A (Control),Blue Button,0,128.8067379649989,7,0.0
A_0793,A (Control),Blue Button,0,79.30254586129786,2,0.0
A_0794,A (Control),Blue Button,0,133.9928994730058,3,0.0
A_0795,A (Control),Blue Button,0,118.93075553107549,4,0.0
A_0796,A (Control),Blue Button,1,71.54604552283472,3,0.0
A_0797,A (Control),Blue Button,0,154.94218063371514,1,0.0
A_0798,A (Control),Blue Button,0,97.96225269605853,7,0.0
A_0799,A (Control),Blue Button,1,95.69242688956857,2,0.0
A_0800,A (Control),Blue Button,0,126.01707591692829,6,0.0
A_0801,A (Control),Blue Button,0,154.45912048286147,6,54.31345857750992
A_0802,A (Control),Blue Button,0,89.52534543064809,1,0.0
A_0803,A (Control),Blue Button,0,121.85039549543914,4,0.0
A_0804,A (Control),Blue Button,0,132.8644950099172,5,0.0
A_0805,A (Control),Blue Button,0,140.79316821789433,2,0.0
A_0806,A (Control),Blue Button,1,125.29324665831676,1,0.0
A_0807,A (Control),Blue Button,1,108.98916482750033,3,0.0
A_0808,A (Control),Blue Button,0,95.1722933805384,4,39.70191870269347
A_0809,A (Control),Blue Button,0,122.58431649139125,3,0.0
A_0810,A (Control),Blue Button,1,87.8358296404318,6,0.0
A_0811,A (Control),Blue Button,0,32.35948549516178,3,0.0
A_0812,A (Control),Blue Button,0,133.09679412473002,8,0.0
A_0813,A (Control),Blue Button,1,147.11804523258587,3,0.0
A_0814,A (Control),Blue Button,0,49.11202693374484,6,0.0
A_0815,A (Control),Blue Button,0,89.70807885870187,2,0.0
A_0816,A (Control),Blue Button,0,138.57462783015592,3,0.0
A_0817,A (Control),Blue Button,0,181.72486409135095,5,0.0
A_0818,A (Control),Blue Button,0,120.62381123026223,4,0.0
A_0819,A (Control),Blue Button,0,98.15991176312596,3,0.0
A_0820,A (Control),Blue Button,0,114.51310676685479,5,0.0
A_0821,A (Control),Blue Button,0,161.24629257444553,4,0.0
A_0822,A (Control),Blue Button,0,100.62107462626395,3,0.0
A_0823,A (Control),Blue Button,0,96.0242398004924,2,0.0
A_0824,A (Control),Blue Button,0,105.51769433453903,4,48.990838026296984
A_0825,A (Control),Blue Button,1,91.40014175223862,3,0.0
A_0826,A (Control),Blue Button,0,123.68010947984386,2,0.0
A_0827,A (Control),Blue Button,0,168.7403537540868,5,0.0
A_0828,A (Control),Blue Button,0,129.69237819348086,6,0.0
A_0829,A (Control),Blue Button,0,112.42939493621137,6,0.0
A_0830,A (Control),Blue Button,0,111.24566193253368,2,0.0
A_0831,A (Control),Blue Button,0,73.10427573910029,3,0.0
A_0832,A (Control),Blue Button,0,146.49329331441476,2,0.0
A_0833,A (Control),Blue Button,0,117.66488408961594,1,0.0
A_0834,A (Control),Blue Button,0,114.58560259228123,4,0.0
A_0835,A (Control),Blue Button,0,215.7932270353458,3,0.0
A_0836,A (Control),Blue Button,1,128.96258725097059,4,43.5652892394137
A_0837,A (Control),Blue Button,0,97.44626849714447,4,0.0
A_0838,A (Control),Blue Button,0,107.2092721138337,3,0.0
A_0839,A (Control),Blue Button,0,154.45337127590264,6,0.0
A_0840,A (Control),Blue Button,0,123.39811231613294,3,0.0
A_0841,A (Control),Blue Button,0,76.851660650479,4,0.0
A_0842,A (Control),Blue Button,0,147.5768680372561,2,0.0
A_0843,A (Control),Blue Button,1,99.95567743383018,3,0.0
A_0844,A (Control),Blue Button,0,176.19893328652637,3,0.0
A_0845,A (Control),Blue Button,0,152.40144197143945,5,0.0
A_0846,A (Control),Blue Button,0,106.58034313023747,4,0.0
A_0847,A (Control),Blue Button,1,158.4304908520534,8,0.0
A_0848,A (Control),Blue Button,0,122.0356653158221,5,0.0
A_0849,A (Control),Blue Button,0,145.58321025366658,4,0.0
A_0850,A (Control),Blue Button,0,134.54198451883425,2,0.0
A_0851,A (Control),Blue Button,0,94.6093003502738,3,0.0
A_0852,A (Control),Blue Button,0,100.69350503047613,1,0.0
A_0853,A (Control),Blue Button,0,150.89882452743484,4,77.09133676755442
A_0854,A (Control),Blue Button,0,109.95674003680378,3,0.0
A_0855,A (Control),Blue Button,0,107.8905461027401,4,0.0
A_0856,A (Control),Blue Button,0,91.34632261951941,4,66.75021912601284
A_0857,A (Control),Blue Button,0,132.70797196780384,3,0.0
A_0858,A (Control),Blue Button,0,181.87574757729436,5,0.0
A_0859,A (Control),Blue Button,0,87.9740125723718,2,0.0
A_0860,A (Control),Blue Button,0,120.72658370018274,6,0.0
A_0861,A (Control),Blue Button,0,162.3666166624629,5,58.06218056909643
A_0862,A (Control),Blue Button,0,117.61075826262855,1,0.0
A_0863,A (Control),Blue Button,0,133.57115388749202,5,0.0
A_0864,A (Control),Blue Button,0,88.1281941555936,4,0.0
A_0865,A (Control),Blue Button,0,132.84921291622945,1,0.0
A_0866,A (Control),Blue Button,0,114.38567204986353,3,0.0
A_0867,A (Control),Blue Button,0,149.5718998703959,3,0.0
A_0868,A (Control),Blue Button,0,155.62158154694254,4,0.0
A_0869,A (Control),Blue Button,1,197.68690926055842,4,0.0
A_0870,A (Control),Blue Button,0,137.38899519640728,1,70.23768573333058
A_0871,A (Control),Blue Button,0,129.773889497465,1,0.0
A_0872,A (Control),Blue Button,0,125.83152904732007,3,0.0
A_0873,A (Control),Blue Button,0,109.40501121567935,2,0.0
A_0874,A (Control),Blue Button,0,130.15451530385073,4,0.0
A_0875,A (Control),Blue Button,0,111.13795769582912,1,0.0
A_0876,A (Control),Blue Button,0,125.05382928808842,2,30.268380394252315
A_0877,A (Control),Blue Button,0,159.5279260682388,3,0.0
A_0878,A (Control),Blue Button,0,89.80372304161077,3,0.0
A_0879,A (Control),Blue Button,0,154.19635683387136,2,0.0
A_0880,A (Control),Blue Button,0,159.51345202019596,3,0.0
A_0881,A (Control),Blue Button,0,116.45794419026764,6,0.0
A_0882,A (Control),Blue Button,0,56.344353029742166,3,0.0
A_0883,A (Control),Blue Button,0,101.76534038716703,4,0.0
A_0884,A (Control),Blue Button,0,158.90983639683327,4,0.0
A_0885,A (Control),Blue Button,0,119.31395813103353,2,0.0
A_0886,A (Control),Blue Button,0,90.02093303115268,4,58.82115012751748
A_0887,A (Control),Blue Button,0,104.85675236315348,4,0.0
A_0888,A (Control),Blue Button,0,145.21860079513658,2,0.0
A_0889,A (Control),Blue Button,0,136.40200704604138,4,0.0
A_0890,A (Control),Blue Button,0,112.83203702490917,4,0.0
A_0891,A (Control),Blue Button,0,108.99526764555938,5,45.53199792564708
A_0892,A (Control),Blue Button,0,108.24725552868534,5,0.0
A_0893,A (Control),Blue Button,0,92.32769446504493,2,0.0
A_0894,A (Control),Blue Button,0,168.46127068408325,2,0.0
A_0895,A (Control),Blue Button,0,110.3303859236598,5,0.0
A_0896,A (Control),Blue Button,0,156.5147556247649,2,0.0
A_0897,A (Control),Blue Button,0,165.63948155767355,5,0.0
A_0898,A (Control),Blue Button,0,149.9493269444388,3,0.0
A_0899,A (Control),Blue Button,0,107.05139061845856,4,0.0
A_0900,A (Control),Blue Button,0,132.1119027100983,6,0.0
A_0901,A (Control),Blue Button,0,119.27413180827251,5,0.0
A_0902,A (Control),Blue Button,0,92.88894417809615,6,0.0
A_0903,A (Control),Blue Button,0,129.7307784516481,5,0.0
A_0904,A (Control),Blue Button,0,84.62880626520592,3,0.0
A_0905,A (Control),Blue Button,0,155.6303816538469,5,0.0
A_0906,A (Control),Blue Button,0,106.06148108104821,5,0.0
A_0907,A (Control),Blue Button,0,126.03478967618518,4,0.0
A_0908,A (Control),Blue Button,0,128.49863614638426,4,0.0
A_0909,A (Control),Blue Button,0,112.23285078887768,1,0.0
A_0910,A (Control),Blue Button,0,137.60081404425824,4,0.0
A_0911,A (Control),Blue Button,0,105.75289030132427,2,0.0
A_0912,A (Control),Blue Button,0,146.1389189237173,5,0.0
A_0913,A (Control),Blue Button,0,79.62060959259755,4,0.0
A_0914,A (Control),Blue Button,0,123.79138738639236,1,0.0
A_0915,A (Control),Blue Button,0,178.16786997174853,7,0.0
A_0916,A (Control),Blue Button,0,89.99006026183275,3,0.0
A_0917,A (Control),Blue Button,1,99.66765088425446,3,0.0
A_0918,A (Control),Blue Button,0,135.41723548976745,6,0.0
A_0919,A (Control),Blue Button,0,125.38745345818793,6,0.0
A_0920,A (Control),Blue Button,0,130.51890297820677,4,0.0
A_0921,A (Control),Blue Button,0,134.6756139044299,2,0.0
A_0922,A (Control),Blue Button,0,139.0416440568531,5,0.0
A_0923,A (Control),Blue Button,0,153.29099525868668,5,0.0
A_0924,A (Control),Blue Button,0,132.29455970785537,3,0.0
A_0925,A (Control),Blue Button,0,112.76227036144373,3,0.0
A_0926,A (Control),Blue Button,0,140.17721103608193,3,0.0
A_0927,A (Control),Blue Button,0,176.99645804685647,6,0.0
A_0928,A (Control),Blue Button,0,116.02098760852279,1,0.0
A_0929,A (Control),Blue Button,0,90.76412085988076,4,0.0
A_0930,A (Control),Blue Button,0,153.21242007860917,8,0.0
A_0931,A (Control),Blue Button,0,116.38856508139206,2,0.0
A_0932,A (Control),Blue Button,1,54.81991361957891,1,0.0
A_0933,A (Control),Blue Button,0,145.42265031451265,1,0.0
A_0934,A (Control),Blue Button,0,103.94015442138232,4,0.0
A_0935,A (Control),Blue Button,0,117.28400153087517,6,38.261129561778006
A_0936,A (Control),Blue Button,0,129.95940991707045,2,0.0
A_0937,A (Control),Blue Button,1,125.71499039337199,4,0.0
A_0938,A (Control),Blue Button,0,141.2835545141712,2,56.91195865423951
A_0939,A (Control),Blue Button,0,106.9354088829047,4,0.0
A_0940,A (Control),Blue Button,0,135.39317394528248,5,0.0
A_0941,A (Control),Blue Button,0,112.21359967248249,3,0.0
A_0942,A (Control),Blue Button,0,142.16431442662508,1,0.0
A_0943,A (Control),Blue Button,0,138.46102452039162,4,0.0
A_0944,A (Control),Blue Button,0,91.93683893866213,4,0.0
A_0945,A (Control),Blue Button,0,152.57946348525098,3,0.0
A_0946,A (Control),Blue Button,0,103.92109664657856,3,0.0
A_0947,A (Control),Blue Button,1,144.24173394843436,1,0.0
A_0948,A (Control),Blue Button,0,131.01861940204023,5,0.0
A_0949,A (Control),Blue Button,0,175.14551030385368,3,0.0
A_0950,A (Control),Blue Button,0,113.29602052884444,5,0.0
A_0951,A (Control),Blue Button,0,109.52049611645407,3,0.0
A_0952,A (Control),Blue Button,0,119.41741182336803,2,45.944499548582456
A_0953,A (Control),Blue Button,1,110.90460651497173,6,0.0
A_0954,A (Control),Blue Button,0,143.99825705826152,1,0.0
A_0955,A (Control),Blue Button,0,71.51068174690236,5,0.0
A_0956,A (Control),Blue Button,0,88.38952742560937,3,0.0
A_0957,A (Control),Blue Button,0,87.9659123526242,3,0.0
A_0958,A (Control),Blue Button,0,148.50922775920728,3,39.33045159575781
A_0959,A (Control),Blue Button,0,171.31840117745776,3,0.0
A_0960,A (Control),Blue Button,0,116.86652344387585,4,0.0
A_0961,A (Control),Blue Button,0,114.93534830429968,3,0.0
A_0962,A (Control),Blue Button,0,122.10156489339545,4,0.0
A_0963,A (Control),Blue Button,0,154.85634907824573,2,0.0
A_0964,A (Control),Blue Button,0,92.17940597428277,7,0.0
A_0965,A (Control),Blue Button,0,127.15106948204355,2,0.0
A_0966,A (Control),Blue Button,0,149.25592889347288,1,0.0
A_0967,A (Control),Blue Button,0,135.03282509819536,3,0.0
A_0968,A (Control),Blue Button,0,125.68744849796231,4,0.0
A_0969,A (Control),Blue Button,0,150.03138277701424,5,0.0
A_0970,A (Control),Blue Button,0,38.90303121002289,3,0.0
A_0971,A (Control),Blue Button,1,140.33625958592722,5,0.0
A_0972,A (Control),Blue Button,0,100.37772950617729,1,0.0
A_0973,A (Control),Blue Button,0,65.08101309430629,3,80.89767502606102
A_0974,A (Control),Blue Button,0,135.33607798574943,3,0.0
A_0975,A (Control),Blue Button,0,161.20975635488873,5,47.652839358152626
A_0976,A (Control),Blue Button,0,115.87654456116924,3,0.0
A_0977,A (Control),Blue Button,0,148.58623641608816,5,68.65203692518945
A_0978,A (Control),Blue Button,0,168.36834773965936,6,0.0
A_0979,A (Control),Blue Button,0,159.44743360752142,6,40.22167126202929
A_0980,A (Control),Blue Button,0,169.19893588114178,2,0.0
A_0981,A (Control),Blue Button,0,142.26382473215676,2,0.0
A_0982,A (Control),Blue Button,0,122.26300916704778,3,52.071176126263204
A_0983,A (Control),Blue Button,0,71.94102564308494,5,0.0
A_0984,A (Control),Blue Button,0,112.61812535610154,3,0.0
A_0985,A (Control),Blue Button,0,94.70260214051424,1,0.0
A_0986,A (Control),Blue Button,0,185.1282815249344,5,42.846853090342464
A_0987,A (Control),Blue Button,0,114.7234256270299,4,0.0
A_0988,A (Control),Blue Button,0,123.69614420353457,3,0.0
A_0989,A (Control),Blue Button,0,136.54456128121402,6,0.0
A_0990,A (Control),Blue Button,0,121.30807339117361,5,0.0
A_0991,A (Control),Blue Button,0,170.8515312129226,7,0.0
A_0992,A (Control),Blue Button,0,101.32051914796644,5,0.0
A_0993,A (Control),Blue Button,0,125.83822365711728,2,0.0
A_0994,A (Control),Blue Button,0,97.72588242905854,3,36.837739667665524
A_0995,A (Control),Blue Button,0,80.39932466337882,2,0.0
A_0996,A (Control),Blue Button,1,101.64692727284144,4,0.0
A_0997,A (Control),Blue Button,0,118.88889608854764,3,0.0
A_0998,A (Control),Blue Button,1,107.1209332644822,1,0.0
A_0999,A (Control),Blue Button,0,99.22737060378432,3,0.0
B_0000,B (Treatment),Green Button,0,115.70486966378988,4,0.0
B_0001,B (Treatment),Green Button,1,148.0953229080488,1,0.0
B_0002,B (Treatment),Green Button,0,171.69696555877698,3,46.93734593732434
B_0003,B (Treatment),Green Button,0,167.79085520674766,3,0.0
B_0004,B (Treatment),Green Button,0,99.8161705935278,1,0.0
B_0005,B (Treatment),Green Button,0,171.09768543939245,3,0.0
B_0006,B (Treatment),Green Button,0,126.091561954698,5,0.0
B_0007,B (Treatment),Green Button,0,151.82052442407655,6,52.87111114589679
B_0008,B (Treatment),Green Button,1,109.62597070267809,2,0.0
B_0009,B (Treatment),Green Button,0,138.97543758847215,3,51.85039057939713
B_0010,B (Treatment),Green Button,0,143.7842491211134,4,0.0
B_0011,B (Treatment),Green Button,0,93.43106582624972,4,0.0
B_0012,B (Treatment),Green Button,0,152.0314806576373,4,0.0
B_0013,B (Treatment),Green Button,0,172.68618021947282,5,0.0
B_0014,B (Treatment),Green Button,0,130.10985752091443,1,0.0
B_0015,B (Treatment),Green Button,0,173.08470766318436,3,0.0
B_0016,B (Treatment),Green Button,0,129.68858218333258,5,0.0
B_0017,B (Treatment),Green Button,0,158.7883668693053,6,0.0
B_0018,B (Treatment),Green Button,0,72.88004095336922,8,81.47109628662695
B_0019,B (Treatment),Green Button,0,202.72577782077698,3,98.54412442758013
B_0020,B (Treatment),Green Button,0,176.8728308668028,4,0.0
B_0021,B (Treatment),Green Button,0,127.03048588089699,3,51.646123301441975
B_0022,B (Treatment),Green Button,1,79.7815072539731,4,0.0
B_0023,B (Treatment),Green Button,0,143.0647943125537,4,0.0
B_0024,B (Treatment),Green Button,0,94.57008468193482,5,0.0
B_0025,B (Treatment),Green Button,0,147.45589905160966,3,39.88230176399286
B_0026,B (Treatment),Green Button,0,146.5238401365999,2,0.0
B_0027,B (Treatment),Green Button,0,108.6407112679433,5,0.0
B_0028,B (Treatment),Green Button,1,166.38707666120257,6,0.0
B_0029,B (Treatment),Green Button,0,157.55609167857287,1,0.0
B_0030,B (Treatment),Green Button,0,162.3230534440798,6,0.0
B_0031,B (Treatment),Green Button,0,135.24801570272908,6,0.0
B_0032,B (Treatment),Green Button,0,95.36532612641622,5,0.0
B_0033,B (Treatment),Green Button,0,162.38042362191186,3,53.82085297370114
B_0034,B (Treatment),Green Button,0,127.42960082419785,3,0.0
B_0035,B (Treatment),Green Button,1,96.08615599060526,4,0.0
B_0036,B (Treatment),Green Button,0,172.85710224728112,3,0.0
B_0037,B (Treatment),Green Button,0,193.78341057407027,3,0.0
B_0038,B (Treatment),Green Button,0,133.8450523885823,1,0.0
B_0039,B (Treatment),Green Button,0,195.45539232889217,6,0.0
B_0040,B (Treatment),Green Button,1,137.55681240111778,5,56.834900292472845
B_0041,B (Treatment),Green Button,0,124.34723468334217,6,0.0
B_0042,B (Treatment),Green Button,0,117.34716328280663,4,57.53487147121496
B_0043,B (Treatment),Green Button,0,180.83830742379678,6,0.0
B_0044,B (Treatment),Green Button,0,113.15597132114239,5,0.0
B_0045,B (Treatment),Green Button,0,155.58754067929965,3,0.0
B_0046,B (Treatment),Green Button,0,119.34341261834217,4,0.0
B_0047,B (Treatment),Green Button,0,122.11141064791784,2,0.0
B_0048,B (Treatment),Green Button,0,163.84699143114787,1,0.0
B_0049,B (Treatment),Green Button,0,124.3589683038981,5,0.0
B_0050,B (Treatment),Green Button,1,123.6657293762318,3,0.0
B_0051,B (Treatment),Green Button,0,166.7185315208946,7,0.0
B_0052,B (Treatment),Green Button,0,179.72712421020543,8,26.070794044198593
B_0053,B (Treatment),Green Button,0,153.05131449195852,7,0.0
B_0054,B (Treatment),Green Button,0,116.66644628252942,6,0.0
B_0055,B (Treatment),Green Button,0,120.70296201966778,1,0.0
B_0056,B (Treatment),Green Button,0,137.23762738472104,3,0.0
B_0057,B (Treatment),Green Button,0,143.9860417339184,2,0.0
B_0058,B (Treatment),Green Button,0,107.33975451608639,6,0.0
B_0059,B (Treatment),Green Button,0,155.2450623082362,6,0.0
B_0060,B (Treatment),Green Button,0,137.39437322990878,7,0.0
B_0061,B (Treatment),Green Button,0,86.96016707813237,2,0.0
B_0062,B (Treatment),Green Button,0,108.99005849109955,7,0.0
B_0063,B (Treatment),Green Button,0,120.88439713775341,1,0.0
B_0064,B (Treatment),Green Button,0,132.95998471245045,3,0.0
B_0065,B (Treatment),Green Button,0,187.89980627411188,3,0.0
B_0066,B (Treatment),Green Button,0,141.66879657190958,2,0.0
B_0067,B (Treatment),Green Button,1,111.4583870828385,2,0.0
B_0068,B (Treatment),Green Button,0,141.17766252060056,1,0.0
B_0069,B (Treatment),Green Button,0,125.14154307129134,3,0.0
B_0070,B (Treatment),Green Button,0,144.09323070693918,7,26.452851910394827
B_0071,B (Treatment),Green Button,0,151.25589523699722,7,0.0
B_0072,B (Treatment),Green Button,0,168.85845812227026,2,0.0
B_0073,B (Treatment),Green Button,0,134.31997812123927,1,0.0
B_0074,B (Treatment),Green Button,0,180.89089477279532,3,0.0
B_0075,B (Treatment),Green Button,1,160.42463455101336,6,0.0
B_0076,B (Treatment),Green Button,0,115.19169274525873,9,0.0
B_0077,B (Treatment),Green Button,0,196.87595864095698,2,44.311013771323104
B_0078,B (Treatment),Green Button,1,144.15584637156275,2,0.0
B_0079,B (Treatment),Green Button,0,111.61651388877742,4,0.0
B_0080,B (Treatment),Green Button,0,181.2815654344518,4,0.0
B_0081,B (Treatment),Green Button,0,193.17777238555647,2,60.1990951070875
B_0082,B (Treatment),Green Button,0,134.0752926158523,6,0.0
B_0083,B (Treatment),Green Button,0,120.8977927094833,4,0.0
B_0084,B (Treatment),Green Button,0,130.17350119129748,2,0.0
B_0085,B (Treatment),Green Button,0,155.0124883704956,6,0.0
B_0086,B (Treatment),Green Button,0,170.7799863408544,3,0.0
B_0087,B (Treatment),Green Button,0,150.97364526418005,3,70.84992923891541
B_0088,B (Treatment),Green Button,0,137.84824983720955,3,0.0
B_0089,B (Treatment),Green Button,0,176.94432956852398,5,0.0
B_0090,B (Treatment),Green Button,1,126.24057875455738,2,0.0
B_0091,B (Treatment),Green Button,0,163.8657414742734,6,0.0
B_0092,B (Treatment),Green Button,0,126.9342416461642,3,0.0
B_0093,B (Treatment),Green Button,0,147.06864282430502,3,0.0
B_0094,B (Treatment),Green Button,0,131.82024818586737,1,0.0
B_0095,B (Treatment),Green Button,0,133.4361388857213,4,0.0
B_0096,B (Treatment),Green Button,0,124.43317751105812,7,0.0
B_0097,B (Treatment),Green Button,1,172.65591287305944,4,0.0
B_0098,B (Treatment),Green Button,1,114.47807093296102,1,0.0
B_0099,B (Treatment),Green Button,0,114.27349692863616,1,0.0
B_0100,B (Treatment),Green Button,1,194.38781984366307,2,0.0
B_0101,B (Treatment),Green Button,0,162.3797318103213,4,73.18876872960325
B_0102,B (Treatment),Green Button,0,68.21681643659498,8,0.0
B_0103,B (Treatment),Green Button,1,119.1727553021087,3,0.0
B_0104,B (Treatment),Green Button,0,84.26429854826247,4,0.0
B_0105,B (Treatment),Green Button,1,108.38066058437286,3,0.0
B_0106,B (Treatment),Green Button,0,47.12158934544689,4,0.0
B_0107,B (Treatment),Green Button,0,131.1642918245696,2,0.0
B_0108,B (Treatment),Green Button,0,103.02562906348328,4,0.0
B_0109,B (Treatment),Green Button,1,136.67734719030028,3,0.0
B_0110,B (Treatment),Green Button,0,89.49660475128931,7,0.0
B_0111,B (Treatment),Green Button,0,137.3215318888171,3,0.0
B_0112,B (Treatment),Green Button,0,123.38234421263084,5,54.83648303494428
B_0113,B (Treatment),Green Button,0,177.05468302528067,3,0.0
B_0114,B (Treatment),Green Button,0,174.5179921288775,1,0.0
B_0115,B (Treatment),Green Button,0,156.98967688428792,6,0.0
B_0116,B (Treatment),Green Button,0,125.85481414148605,7,0.0
B_0117,B (Treatment),Green Button,0,190.5906510672882,5,0.0
B_0118,B (Treatment),Green Button,0,91.51501222048502,4,0.0
B_0119,B (Treatment),Green Button,0,95.70035837221744,1,0.0
B_0120,B (Treatment),Green Button,0,132.65407320310618,8,0.0
B_0121,B (Treatment),Green Button,0,198.11306704979134,4,0.0
B_0122,B (Treatment),Green Button,1,129.33451060763755,1,0.0
B_0123,B (Treatment),Green Button,0,129.8691331901401,3,0.0
B_0124,B (Treatment),Green Button,0,94.62651002886935,3,0.0
B_0125,B (Treatment),Green Button,0,161.4860283875706,3,0.0
B_0126,B (Treatment),Green Button,0,161.6889351212219,3,37.86639622023335
B_0127,B (Treatment),Green Button,0,157.0941056391975,3,0.0
B_0128,B (Treatment),Green Button,0,117.38182116027386,5,0.0
B_0129,B (Treatment),Green Button,0,115.21221048555584,9,0.0
B_0130,B (Treatment),Green Button,0,98.79257698866083,4,0.0
B_0131,B (Treatment),Green Button,0,137.34843004930613,1,0.0
B_0132,B (Treatment),Green Button,0,104.74859478020196,1,0.0
B_0133,B (Treatment),Green Button,0,102.03233785301992,3,0.0
B_0134,B (Treatment),Green Button,0,123.13665992650107,2,0.0
B_0135,B (Treatment),Green Button,0,121.30362709484194,3,84.131170152478
B_0136,B (Treatment),Green Button,1,119.93660119298525,1,69.4981062249912
B_0137,B (Treatment),Green Button,0,148.06044871152733,5,76.35386426530417
B_0138,B (Treatment),Green Button,0,137.2133384602078,4,0.0
B_0139,B (Treatment),Green Button,0,126.9316311456887,10,49.73427613791668
B_0140,B (Treatment),Green Button,1,140.1243619927215,4,0.0
B_0141,B (Treatment),Green Button,0,107.2372428490703,3,0.0
B_0142,B (Treatment),Green Button,0,137.947801469471,5,0.0
B_0143,B (Treatment),Green Button,0,139.21686979964974,2,0.0
B_0144,B (Treatment),Green Button,1,92.91468793799055,3,32.1811054048261
B_0145,B (Treatment),Green Button,0,162.87942512237015,4,0.0
B_0146,B (Treatment),Green Button,0,110.31985625364413,2,0.0
B_0147,B (Treatment),Green Button,0,137.5286743777802,1,0.0
B_0148,B (Treatment),Green Button,0,167.60352873498758,5,68.97595076456274
B_0149,B (Treatment),Green Button,0,160.91894921598833,6,0.0
B_0150,B (Treatment),Green Button,0,135.9613348799274,7,55.372308319372
B_0151,B (Treatment),Green Button,0,124.85002791930208,2,0.0
B_0152,B (Treatment),Green Button,0,161.5303334401159,5,0.0
B_0153,B (Treatment),Green Button,0,153.89145937864134,5,0.0
B_0154,B (Treatment),Green Button,0,117.68577943876436,7,0.0
B_0155,B (Treatment),Green Button,0,112.74297788395268,5,0.0
B_0156,B (Treatment),Green Button,0,76.97405491251206,4,0.0
B_0157,B (Treatment),Green Button,0,139.31289156714044,7,0.0
B_0158,B (Treatment),Green Button,0,132.68446313948485,9,0.0
B_0159,B (Treatment),Green Button,0,166.81335848999117,3,0.0
B_0160,B (Treatment),Green Button,0,145.05354261745026,5,0.0
B_0161,B (Treatment),Green Button,0,172.35841743683534,3,0.0
B_0162,B (Treatment),Green Button,0,115.47380161834721,1,0.0
B_0163,B (Treatment),Green Button,0,166.8682092670933,5,0.0
B_0164,B (Treatment),Green Button,0,120.19034138506966,3,0.0
B_0165,B (Treatment),Green Button,0,156.77268973018363,4,0.0
B_0166,B (Treatment),Green Button,0,94.15476500914059,6,0.0
B_0167,B (Treatment),Green Button,0,141.5837883822533,3,0.0
B_0168,B (Treatment),Green Button,1,79.42873763951452,4,63.857534781929175
B_0169,B (Treatment),Green Button,0,127.52015039363087,8,0.0
B_0170,B (Treatment),Green Button,1,147.32991182858157,6,77.73219498531417
B_0171,B (Treatment),Green Button,0,120.41288056552932,2,0.0
B_0172,B (Treatment),Green Button,1,105.58774639483292,3,0.0
B_0173,B (Treatment),Green Button,0,158.69131714028615,6,0.0
B_0174,B (Treatment),Green Button,0,132.10304188428614,1,0.0
B_0175,B (Treatment),Green Button,0,121.29202188314119,2,0.0
B_0176,B (Treatment),Green Button,0,136.17308579231974,4,0.0
B_0177,B (Treatment),Green Button,1,208.8267359744765,1,0.0
B_0178,B (Treatment),Green Button,0,167.29807979388323,2,0.0
B_0179,B (Treatment),Green Button,0,167.55206270925953,4,0.0
B_0180,B (Treatment),Green Button,1,147.1952969317862,7,0.0
B_0181,B (Treatment),Green Button,0,139.66158763216012,3,0.0
B_0182,B (Treatment),Green Button,0,67.90969592674834,3,0.0
B_0183,B (Treatment),Green Button,0,115.9885502990323,3,0.0
B_0184,B (Treatment),Green Button,1,121.54391643033071,6,0.0
B_0185,B (Treatment),Green Button,0,82.50302220666907,5,0.0
B_0186,B (Treatment),Green Button,0,102.59235787396786,4,0.0
B_0187,B (Treatment),Green Button,0,79.53657881416625,2,0.0
B_0188,B (Treatment),Green Button,0,133.92693260047358,5,0.0
B_0189,B (Treatment),Green Button,0,157.92544718376683,6,0.0
B_0190,B (Treatment),Green Button,1,165.9896865214812,2,0.0
B_0191,B (Treatment),Green Button,1,146.61396493821874,4,0.0
B_0192,B (Treatment),Green Button,0,108.02490244644007,2,0.0
B_0193,B (Treatment),Green Button,0,80.90217556144114,3,0.0
B_0194,B (Treatment),Green Button,0,85.80767641675794,6,65.17477409701242
B_0195,B (Treatment),Green Button,0,99.46848783687403,3,0.0
B_0196,B (Treatment),Green Button,0,110.1119284550011,1,0.0
B_0197,B (Treatment),Green Button,1,130.5270420562356,3,0.0
B_0198,B (Treatment),Green Button,0,106.60340189244488,7,0.0
B_0199,B (Treatment),Green Button,0,144.49132502271132,6,58.45897028340865
B_0200,B (Treatment),Green Button,0,128.49634192161477,1,0.0
B_0201,B (Treatment),Green Button,0,135.29527992874873,3,0.0
B_0202,B (Treatment),Green Button,0,166.92701547479373,7,0.0
B_0203,B (Treatment),Green Button,0,101.95351144238964,4,0.0
B_0204,B (Treatment),Green Button,1,146.72372819218631,3,0.0
B_0205,B (Treatment),Green Button,1,134.60874960266995,1,0.0
B_0206,B (Treatment),Green Button,0,125.66238413284853,6,0.0
B_0207,B (Treatment),Green Button,1,159.78717698424688,4,0.0
B_0208,B (Treatment),Green Button,0,159.6123963275962,6,0.0
B_0209,B (Treatment),Green Button,0,108.498257712324,6,0.0
B_0210,B (Treatment),Green Button,0,129.89950365197814,2,0.0
B_0211,B (Treatment),Green Button,0,142.87392711235384,5,0.0
B_0212,B (Treatment),Green Button,1,127.35581105536764,4,24.691097495014922
B_0213,B (Treatment),Green Button,0,151.38059730405834,6,0.0
B_0214,B (Treatment),Green Button,0,142.8733765014877,4,59.50571405436828
B_0215,B (Treatment),Green Button,0,186.31171472996834,4,0.0
B_0216,B (Treatment),Green Button,0,92.15218419396595,2,0.0
B_0217,B (Treatment),Green Button,0,131.57179228707287,5,0.0
B_0218,B (Treatment),Green Button,0,109.56192967765865,5,0.0
B_0219,B (Treatment),Green Button,0,151.91500875229323,3,45.25219309327318
B_0220,B (Treatment),Green Button,0,89.71918707872476,4,64.97508873452516
B_0221,B (Treatment),Green Button,0,144.6967558862968,5,0.0
B_0222,B (Treatment),Green Button,0,117.35864392224644,6,0.0
B_0223,B (Treatment),Green Button,0,114.44346774861161,5,0.0
B_0224,B (Treatment),Green Button,0,94.49805030086075,7,39.407129864185364
B_0225,B (Treatment),Green Button,1,121.97787350637184,5,0.0
B_0226,B (Treatment),Green Button,0,165.3660148481459,2,0.0
B_0227,B (Treatment),Green Button,0,134.29471686117458,7,0.0
B_0228,B (Treatment),Green Button,0,152.5750517004853,1,0.0
B_0229,B (Treatment),Green Button,0,181.6099710150557,5,0.0
B_0230,B (Treatment),Green Button,0,142.38515637503212,6,0.0
B_0231,B (Treatment),Green Button,0,119.35361198225446,4,82.97940398933468
B_0232,B (Treatment),Green Button,0,148.08306202511812,4,0.0
B_0233,B (Treatment),Green Button,0,119.75970790319982,4,0.0
B_0234,B (Treatment),Green Button,0,120.87616486767925,1,0.0
B_0235,B (Treatment),Green Button,0,92.44300161066843,6,0.0
B_0236,B (Treatment),Green Button,0,160.935209750363,3,0.0
B_0237,B (Treatment),Green Button,0,124.1919278818157,3,0.0
B_0238,B (Treatment),Green Button,0,140.09875088284414,5,0.0
B_0239,B (Treatment),Green Button,0,105.99306599901409,5,0.0
B_0240,B (Treatment),Green Button,0,147.20653363203323,3,0.0
B_0241,B (Treatment),Green Button,0,113.66564533221765,2,0.0
B_0242,B (Treatment),Green Button,0,131.03215579234893,3,0.0
B_0243,B (Treatment),Green Button,0,159.57912887469553,3,0.0
B_0244,B (Treatment),Green Button,0,157.1412607425108,4,0.0
B_0245,B (Treatment),Green Button,0,134.38315796952566,1,0.0
B_0246,B (Treatment),Green Button,0,85.49233108421188,6,0.0
B_0247,B (Treatment),Green Button,0,218.79869596169794,6,0.0
B_0248,B (Treatment),Green Button,0,183.8840511676478,5,0.0
B_0249,B (Treatment),Green Button,0,155.23489509687235,5,0.0
B_0250,B (Treatment),Green Button,0,113.91029411545281,3,0.0
B_0251,B (Treatment),Green Button,0,131.81941947234498,1,0.0
B_0252,B (Treatment),Green Button,0,119.78422796625753,1,0.0
B_0253,B (Treatment),Green Button,0,170.38796629469888,3,0.0
B_0254,B (Treatment),Green Button,0,142.35008094385134,1,0.0
B_0255,B (Treatment),Green Button,0,113.04341196592468,4,0.0
B_0256,B (Treatment),Green Button,0,121.8188572245061,1,0.0
B_0257,B (Treatment),Green Button,0,166.39326799195732,4,0.0
B_0258,B (Treatment),Green Button,0,179.80273971097338,5,0.0
B_0259,B (Treatment),Green Button,0,177.79328377761487,7,0.0
B_0260,B (Treatment),Green Button,0,156.19689782151136,7,41.52066354623871
B_0261,B (Treatment),Green Button,1,127.92650367352617,4,0.0
B_0262,B (Treatment),Green Button,0,44.23761289078463,3,0.0
B_0263,B (Treatment),Green Button,0,143.3204806666302,3,52.47878523392776
B_0264,B (Treatment),Green Button,0,134.9487947523652,5,0.0
B_0265,B (Treatment),Green Button,0,138.9194986969979,7,0.0
B_0266,B (Treatment),Green Button,0,136.5091257169298,2,0.0
B_0267,B (Treatment),Green Button,0,97.8646594654236,5,0.0
B_0268,B (Treatment),Green Button,0,150.60743959183318,7,0.0
B_0269,B (Treatment),Green Button,0,152.70205679289182,4,0.0
B_0270,B (Treatment),Green Button,0,154.10548589767046,2,31.30942138693697
B_0271,B (Treatment),Green Button,0,161.50415610005481,5,0.0
B_0272,B (Treatment),Green Button,0,151.91344605780546,5,0.0
B_0273,B (Treatment),Green Button,0,123.5191764769105,3,0.0
B_0274,B (Treatment),Green Button,1,133.01656825834948,8,0.0
B_0275,B (Treatment),Green Button,1,137.55149628309456,2,0.0
B_0276,B (Treatment),Green Button,1,138.01558457498533,4,0.0
B_0277,B (Treatment),Green Button,0,162.95009436720844,4,0.0
B_0278,B (Treatment),Green Button,1,153.02272508462974,6,0.0
B_0279,B (Treatment),Green Button,0,193.1656163079587,4,0.0
B_0280,B (Treatment),Green Button,0,196.7811314367708,1,0.0
B_0281,B (Treatment),Green Button,0,137.2301883131899,2,0.0
B_0282,B (Treatment),Green Button,0,27.573644643137655,6,0.0
B_0283,B (Treatment),Green Button,0,169.63130905156345,5,0.0
B_0284,B (Treatment),Green Button,0,119.86946250836247,8,0.0
B_0285,B (Treatment),Green Button,0,112.55845018873181,4,0.0
B_0286,B (Treatment),Green Button,0,123.84353230029772,4,0.0
B_0287,B (Treatment),Green Button,0,122.49399468919103,4,0.0
B_0288,B (Treatment),Green Button,0,152.143554682951,3,0.0
B_0289,B (Treatment),Green Button,0,91.33579818446569,3,0.0
B_0290,B (Treatment),Green Button,0,104.82381911783516,7,0.0
B_0291,B (Treatment),Green Button,0,144.60843951752767,3,0.0
B_0292,B (Treatment),Green Button,0,152.44243285157262,3,0.0
B_0293,B (Treatment),Green Button,0,152.96316605820834,6,0.0
B_0294,B (Treatment),Green Button,0,112.96298418986763,3,0.0
B_0295,B (Treatment),Green Button,0,107.60856182054528,3,0.0
B_0296,B (Treatment),Green Button,0,120.81422465393825,2,0.0
B_0297,B (Treatment),Green Button,0,141.7164370639723,5,0.0
B_0298,B (Treatment),Green Button,0,176.5933663396314,5,0.0
B_0299,B (Treatment),Green Button,0,77.67175879841899,6,0.0
B_0300,B (Treatment),Green Button,0,128.81959480516574,3,0.0
B_0301,B (Treatment),Green Button,1,97.6850036512943,6,60.60168033166659
B_0302,B (Treatment),Green Button,0,88.73720503410229,2,0.0
B_0303,B (Treatment),Green Button,0,162.07478606965486,4,86.78655403539352
B_0304,B (Treatment),Green Button,0,150.24948808598148,9,0.0
B_0305,B (Treatment),Green Button,1,147.58413844652335,4,0.0
B_0306,B (Treatment),Green Button,0,160.7887235124678,4,0.0
B_0307,B (Treatment),Green Button,0,121.56787089054819,1,0.0
B_0308,B (Treatment),Green Button,0,122.8861495426612,1,0.0
B_0309,B (Treatment),Green Button,0,196.20045726823207,4,0.0
B_0310,B (Treatment),Green Button,0,128.0960104807319,2,0.0
B_0311,B (Treatment),Green Button,0,155.58369916551456,4,0.0
B_0312,B (Treatment),Green Button,0,135.17868314697282,2,0.0
B_0313,B (Treatment),Green Button,0,83.24876115780438,3,0.0
B_0314,B (Treatment),Green Button,0,77.7503878935645,4,55.133101882786185
B_0315,B (Treatment),Green Button,0,118.78844184168267,4,0.0
B_0316,B (Treatment),Green Button,0,164.5708350467597,4,0.0
B_0317,B (Treatment),Green Button,1,157.0721663858081,4,0.0
B_0318,B (Treatment),Green Button,0,160.59416059827294,4,0.0
B_0319,B (Treatment),Green Button,0,107.36270698978316,6,0.0
B_0320,B (Treatment),Green Button,0,180.2444297234248,5,0.0
B_0321,B (Treatment),Green Button,0,107.98298759478124,4,0.0
B_0322,B (Treatment),Green Button,0,140.95908316275913,6,0.0
B_0323,B (Treatment),Green Button,0,134.71013588258336,2,0.0
B_0324,B (Treatment),Green Button,0,130.1315330311916,6,0.0
B_0325,B (Treatment),Green Button,1,172.480579872277,4,67.423995351835
B_0326,B (Treatment),Green Button,0,115.2569054353531,2,0.0
B_0327,B (Treatment),Green Button,0,97.21105284006602,10,0.0
B_0328,B (Treatment),Green Button,0,135.55987361377973,4,0.0
B_0329,B (Treatment),Green Button,0,123.80485143997726,5,46.95318827465598
B_0330,B (Treatment),Green Button,0,229.5667217343141,6,0.0
B_0331,B (Treatment),Green Button,0,153.9422093403193,5,0.0
B_0332,B (Treatment),Green Button,1,123.53846389387851,2,44.61121420134252
B_0333,B (Treatment),Green Button,0,105.42887606276157,1,0.0
B_0334,B (Treatment),Green Button,0,82.35192450407402,4,0.0
B_0335,B (Treatment),Green Button,0,106.29386559935188,4,0.0
B_0336,B (Treatment),Green Button,0,138.2183696092557,7,0.0
B_0337,B (Treatment),Green Button,0,174.96520224465354,2,0.0
B_0338,B (Treatment),Green Button,0,166.40729598686173,1,0.0
B_0339,B (Treatment),Green Button,0,141.41465528609862,6,0.0
B_0340,B (Treatment),Green Button,0,125.95130536033042,3,0.0
B_0341,B (Treatment),Green Button,0,142.52674597954032,1,0.0
B_0342,B (Treatment),Green Button,0,120.47813607043187,3,0.0
B_0343,B (Treatment),Green Button,0,183.11419188138854,4,0.0
B_0344,B (Treatment),Green Button,0,129.70267492429775,1,74.3978765305324
B_0345,B (Treatment),Green Button,0,132.58253996909164,3,0.0
B_0346,B (Treatment),Green Button,0,72.9569720994213,5,0.0
B_0347,B (Treatment),Green Button,0,129.5278242973626,1,0.0
B_0348,B (Treatment),Green Button,0,158.42155586301834,2,0.0
B_0349,B (Treatment),Green Button,0,105.10376784292073,5,0.0
B_0350,B (Treatment),Green Button,0,113.97983063420125,7,0.0
B_0351,B (Treatment),Green Button,0,157.19590849654261,6,0.0
B_0352,B (Treatment),Green Button,0,93.65359774149451,1,0.0
B_0353,B (Treatment),Green Button,1,164.61842821117372,2,0.0
B_0354,B (Treatment),Green Button,0,120.09997107515315,2,0.0
B_0355,B (Treatment),Green Button,0,124.12008982624631,2,0.0
B_0356,B (Treatment),Green Button,0,103.53140465648336,8,0.0
B_0357,B (Treatment),Green Button,0,145.58529529198074,7,0.0
B_0358,B (Treatment),Green Button,1,203.87641558082265,2,0.0
B_0359,B (Treatment),Green Button,0,156.8819227048977,2,0.0
B_0360,B (Treatment),Green Button,0,110.800012665665,4,0.0
B_0361,B (Treatment),Green Button,0,166.79737639376134,7,63.317928550327125
B_0362,B (Treatment),Green Button,0,126.13297271384101,8,0.0
B_0363,B (Treatment),Green Button,0,173.48557947997165,3,0.0
B_0364,B (Treatment),Green Button,0,157.58693926060215,4,0.0
B_0365,B (Treatment),Green Button,1,52.59203616679147,2,0.0
B_0366,B (Treatment),Green Button,1,106.88577027725924,3,0.0
B_0367,B (Treatment),Green Button,0,161.4427862393909,3,0.0
B_0368,B (Treatment),Green Button,0,139.2464036200605,7,54.30934398442436
B_0369,B (Treatment),Green Button,0,106.33483346418018,2,35.402010375067
B_0370,B (Treatment),Green Button,1,117.25949356617325,6,0.0
B_0371,B (Treatment),Green Button,1,81.62537463749734,2,0.0
B_0372,B (Treatment),Green Button,0,132.52554794926093,2,0.0
B_0373,B (Treatment),Green Button,0,196.8993123284414,3,0.0
B_0374,B (Treatment),Green Button,0,157.53813494050513,7,0.0
B_0375,B (Treatment),Green Button,0,196.33167603327584,3,0.0
B_0376,B (Treatment),Green Button,0,159.70711851411946,2,0.0
B_0377,B (Treatment),Green Button,0,163.76942161387535,6,0.0
B_0378,B (Treatment),Green Button,0,190.27420325686066,1,0.0
B_0379,B (Treatment),Green Button,0,145.56337126158235,2,61.80340045396883
B_0380,B (Treatment),Green Button,0,129.75763499780734,3,50.44068905394188
B_0381,B (Treatment),Green Button,0,163.91441046541635,3,0.0
B_0382,B (Treatment),Green Button,0,175.70752663941278,1,0.0
B_0383,B (Treatment),Green Button,0,121.56099000405816,4,68.00231628874987
B_0384,B (Treatment),Green Button,0,114.79606569447918,5,0.0
B_0385,B (Treatment),Green Button,0,138.88796890806464,3,0.0
B_0386,B (Treatment),Green Button,0,158.28196827408652,1,0.0
B_0387,B (Treatment),Green Button,0,157.34654936252372,4,38.75748906125432
B_0388,B (Treatment),Green Button,0,95.12330719474723,5,0.0
B_0389,B (Treatment),Green Button,0,188.524969877773,5,0.0
B_0390,B (Treatment),Green Button,0,117.04738197688819,1,50.04476130172793
B_0391,B (Treatment),Green Button,0,127.57818008711978,7,0.0
B_0392,B (Treatment),Green Button,0,109.72567792034104,4,0.0
B_0393,B (Treatment),Green Button,0,210.55320740623847,1,0.0
B_0394,B (Treatment),Green Button,0,141.7779787680631,8,0.0
B_0395,B (Treatment),Green Button,0,111.17269774091618,3,0.0
B_0396,B (Treatment),Green Button,0,159.1898593989485,1,0.0
B_0397,B (Treatment),Green Button,0,156.53580182068092,2,0.0
B_0398,B (Treatment),Green Button,0,129.74364333976325,7,0.0
B_0399,B (Treatment),Green Button,0,158.53698795793474,4,0.0
B_0400,B (Treatment),Green Button,1,111.8918250967358,4,0.0
B_0401,B (Treatment),Green Button,0,121.19828830142093,3,0.0
B_0402,B (Treatment),Green Button,0,78.71393367215023,2,0.0
B_0403,B (Treatment),Green Button,0,97.92936964185225,5,0.0
B_0404,B (Treatment),Green Button,1,185.6136625587792,2,0.0
B_0405,B (Treatment),Green Button,0,180.9600015762248,4,0.0
B_0406,B (Treatment),Green Button,0,136.84208216217095,6,0.0
B_0407,B (Treatment),Green Button,0,181.56208052131547,3,0.0
B_0408,B (Treatment),Green Button,0,130.51791437496746,5,0.0
B_0409,B (Treatment),Green Button,0,128.18451152809857,3,0.0
B_0410,B (Treatment),Green Button,0,136.58229815703558,4,0.0
B_0411,B (Treatment),Green Button,0,131.50219533094017,2,0.0
B_0412,B (Treatment),Green Button,0,128.97450294031495,8,0.0
B_0413,B (Treatment),Green Button,0,167.01514700018748,4,0.0
B_0414,B (Treatment),Green Button,0,139.2037983107737,5,0.0
B_0415,B (Treatment),Green Button,0,154.94948940414653,3,0.0
B_0416,B (Treatment),Green Button,0,163.87865470776526,4,0.0
B_0417,B (Treatment),Green Button,0,145.86920227833252,6,0.0
B_0418,B (Treatment),Green Button,0,107.83240287456931,3,59.461729078359234
B_0419,B (Treatment),Green Button,0,97.11975510900692,5,0.0
B_0420,B (Treatment),Green Button,0,139.16585777460455,6,0.0
B_0421,B (Treatment),Green Button,0,130.20482346490184,4,0.0
B_0422,B (Treatment),Green Button,0,137.44696000976342,3,48.55102043613688
B_0423,B (Treatment),Green Button,0,134.5504869010396,5,0.0
B_0424,B (Treatment),Green Button,0,207.34006248466386,2,0.0
B_0425,B (Treatment),Green Button,0,97.75366484204254,7,0.0
B_0426,B (Treatment),Green Button,1,79.28150444500851,4,0.0
B_0427,B (Treatment),Green Button,0,144.30655133854907,3,0.0
B_0428,B (Treatment),Green Button,0,124.46016847153054,2,0.0
B_0429,B (Treatment),Green Button,0,143.84990035243862,2,0.0
B_0430,B (Treatment),Green Button,0,151.34872462395202,2,0.0
B_0431,B (Treatment),Green Button,0,170.95493146500914,1,0.0
B_0432,B (Treatment),Green Button,0,92.79767702924973,5,0.0
B_0433,B (Treatment),Green Button,0,119.41189885999944,4,0.0
B_0434,B (Treatment),Green Button,0,147.0053152486614,1,40.852805830337466
B_0435,B (Treatment),Green Button,0,156.57298067924233,3,0.0
B_0436,B (Treatment),Green Button,0,196.4165874080748,9,0.0
B_0437,B (Treatment),Green Button,1,161.75971119118827,3,0.0
B_0438,B (Treatment),Green Button,0,133.40991931518425,5,57.00449789783101
B_0439,B (Treatment),Green Button,0,110.06779891760547,7,0.0
B_0440,B (Treatment),Green Button,0,119.19988412386746,6,0.0
B_0441,B (Treatment),Green Button,0,118.40432095720101,4,0.0
B_0442,B (Treatment),Green Button,0,153.3465415983853,4,0.0
B_0443,B (Treatment),Green Button,0,142.19592847640325,6,0.0
B_0444,B (Treatment),Green Button,0,97.93781201641899,3,0.0
B_0445,B (Treatment),Green Button,1,122.79475886546788,2,0.0
B_0446,B (Treatment),Green Button,1,159.57133149663977,4,0.0
B_0447,B (Treatment),Green Button,1,144.84654593927365,1,0.0
B_0448,B (Treatment),Green Button,0,150.92204924835758,5,0.0
B_0449,B (Treatment),Green Button,0,145.72180788160335,3,0.0
B_0450,B (Treatment),Green Button,0,180.54006056904805,5,0.0
B_0451,B (Treatment),Green Button,0,141.60920578708237,4,0.0
B_0452,B (Treatment),Green Button,1,124.19136165962045,1,0.0
B_0453,B (Treatment),Green Button,0,109.3588588482603,9,0.0
B_0454,B (Treatment),Green Button,1,141.98906482987192,4,0.0
B_0455,B (Treatment),Green Button,0,66.66028758629764,2,0.0
B_0456,B (Treatment),Green Button,1,129.83990794868407,6,0.0
B_0457,B (Treatment),Green Button,1,129.23648392220238,5,0.0
B_0458,B (Treatment),Green Button,0,96.79481609871613,6,0.0
B_0459,B (Treatment),Green Button,0,109.00855651763212,6,0.0
B_0460,B (Treatment),Green Button,0,157.67041084415075,5,40.50786956815246
B_0461,B (Treatment),Green Button,0,141.45992897409894,2,51.79853402202638
B_0462,B (Treatment),Green Button,0,137.85007334380518,2,0.0
B_0463,B (Treatment),Green Button,0,143.57773095009662,4,0.0
B_0464,B (Treatment),Green Button,1,137.59357246256985,4,0.0
B_0465,B (Treatment),Green Button,0,169.8001517600328,8,0.0
B_0466,B (Treatment),Green Button,0,138.45601708770215,3,0.0
B_0467,B (Treatment),Green Button,0,94.17003281307498,2,0.0
B_0468,B (Treatment),Green Button,0,180.6436390164835,1,47.17156393587639
B_0469,B (Treatment),Green Button,0,145.36952748520767,5,71.29991241776474
B_0470,B (Treatment),Green Button,0,118.5008955377381,3,0.0
B_0471,B (Treatment),Green Button,0,99.90475188773948,3,0.0
B_0472,B (Treatment),Green Button,0,146.08559818682528,1,0.0
B_0473,B (Treatment),Green Button,0,131.7191838607175,3,0.0
B_0474,B (Treatment),Green Button,0,179.07611000890745,4,0.0
B_0475,B (Treatment),Green Button,0,125.31459614132882,3,0.0
B_0476,B (Treatment),Green Button,0,111.55333788889092,1,0.0
B_0477,B (Treatment),Green Button,0,160.082294110606,1,0.0
B_0478,B (Treatment),Green Button,1,160.90789299607127,5,0.0
B_0479,B (Treatment),Green Button,0,139.72223829308547,3,0.0
B_0480,B (Treatment),Green Button,0,153.93799733489743,1,0.0
B_0481,B (Treatment),Green Button,0,133.94476061921733,8,0.0
B_0482,B (Treatment),Green Button,0,141.54822282825893,8,27.20935697702082
B_0483,B (Treatment),Green Button,1,167.61974471178985,1,0.0
B_0484,B (Treatment),Green Button,0,152.5089133526021,5,0.0
B_0485,B (Treatment),Green Button,0,130.2603157266865,2,0.0
B_0486,B (Treatment),Green Button,0,172.86615128593223,7,0.0
B_0487,B (Treatment),Green Button,0,68.78404956183766,1,65.09342299448718
B_0488,B (Treatment),Green Button,0,192.4580527198142,3,0.0
B_0489,B (Treatment),Green Button,0,87.23314534305942,7,0.0
B_0490,B (Treatment),Green Button,0,117.44140090637572,6,0.0
B_0491,B (Treatment),Green Button,0,133.85430901453807,2,0.0
B_0492,B (Treatment),Green Button,0,130.89854121961147,3,0.0
B_0493,B (Treatment),Green Button,0,163.17950912074355,4,0.0
B_0494,B (Treatment),Green Button,0,105.38057467891343,3,0.0
B_0495,B (Treatment),Green Button,0,142.30147088952577,4,48.64078506887816
B_0496,B (Treatment),Green Button,0,118.81006124984688,2,0.0
B_0497,B (Treatment),Green Button,0,143.26394742144765,4,0.0
B_0498,B (Treatment),Green Button,0,133.18637672565947,3,33.398183063808816
B_0499,B (Treatment),Green Button,0,137.60219827512338,6,0.0
B_0500,B (Treatment),Green Button,0,119.60210469099832,7,0.0
B_0501,B (Treatment),Green Button,0,120.71820939730969,3,0.0
B_0502,B (Treatment),Green Button,1,143.04363039276797,4,0.0
B_0503,B (Treatment),Green Button,0,161.42403416116923,2,0.0
B_0504,B (Treatment),Green Button,0,118.24817864246026,2,0.0
B_0505,B (Treatment),Green Button,0,110.67450875195853,4,0.0
B_0506,B (Treatment),Green Button,1,152.17688463881143,1,0.0
B_0507,B (Treatment),Green Button,0,134.0898909943847,4,0.0
B_0508,B (Treatment),Green Button,1,158.25394775160666,3,0.0
B_0509,B (Treatment),Green Button,1,109.63767802560787,11,0.0
B_0510,B (Treatment),Green Button,0,85.17571008814394,3,0.0
B_0511,B (Treatment),Green Button,1,120.07588570886264,4,0.0
B_0512,B (Treatment),Green Button,0,113.54212694057955,10,0.0
B_0513,B (Treatment),Green Button,0,132.7939247977516,5,0.0
B_0514,B (Treatment),Green Button,0,117.1683340004291,3,0.0
B_0515,B (Treatment),Green Button,0,155.74847463742057,3,0.0
B_0516,B (Treatment),Green Button,0,126.93179265216955,3,0.0
B_0517,B (Treatment),Green Button,0,139.21328596566923,3,0.0
B_0518,B (Treatment),Green Button,0,139.41376763634642,3,0.0
B_0519,B (Treatment),Green Button,0,140.45874258754125,1,0.0
B_0520,B (Treatment),Green Button,0,134.32438490726074,4,0.0
B_0521,B (Treatment),Green Button,0,149.2968193314888,6,65.46089989292918
B_0522,B (Treatment),Green Button,0,112.72165625287738,3,16.838867218989087
B_0523,B (Treatment),Green Button,0,174.18370194630873,4,0.0
B_0524,B (Treatment),Green Button,0,128.376953265681,3,0.0
B_0525,B (Treatment),Green Button,0,98.27662413883692,4,0.0
B_0526,B (Treatment),Green Button,0,140.26605399576965,4,0.0
B_0527,B (Treatment),Green Button,0,111.16694649147041,6,0.0
B_0528,B (Treatment),Green Button,0,153.6293669662485,3,52.136885464693314
B_0529,B (Treatment),Green Button,1,196.86895612918659,6,30.11634125675077
B_0530,B (Treatment),Green Button,0,112.9759814363802,3,35.11194866913279
B_0531,B (Treatment),Green Button,1,144.30642533027157,1,0.0
B_0532,B (Treatment),Green Button,0,85.84584351627043,6,0.0
B_0533,B (Treatment),Green Button,0,147.70934642435773,4,0.0
B_0534,B (Treatment),Green Button,0,110.20001360560869,7,0.0
B_0535,B (Treatment),Green Button,0,117.50463068383449,4,0.0
B_0536,B (Treatment),Green Button,0,104.16397828448481,7,0.0
B_0537,B (Treatment),Green Button,0,155.5002343295326,1,0.0
B_0538,B (Treatment),Green Button,0,163.20452200925135,2,0.0
B_0539,B (Treatment),Green Button,0,135.65478601043822,1,0.0
B_0540,B (Treatment),Green Button,0,110.79605225059984,4,0.0
B_0541,B (Treatment),Green Button,0,179.50664501090813,7,0.0
B_0542,B (Treatment),Green Button,0,113.98851642286962,2,0.0
B_0543,B (Treatment),Green Button,0,74.46309560203171,2,0.0
B_0544,B (Treatment),Green Button,0,147.83489227879792,9,0.0
B_0545,B (Treatment),Green Button,0,104.06630913803752,4,0.0
B_0546,B (Treatment),Green Button,0,162.6810462179769,3,0.0
B_0547,B (Treatment),Green Button,1,124.32814449314426,9,0.0
B_0548,B (Treatment),Green Button,0,151.9039707352375,2,0.0
B_0549,B (Treatment),Green Button,0,174.24200970346044,3,0.0
B_0550,B (Treatment),Green Button,0,101.15195179061979,3,69.51718316206804
B_0551,B (Treatment),Green Button,0,119.15376033501265,2,0.0
B_0552,B (Treatment),Green Button,0,132.8812099656022,2,0.0
B_0553,B (Treatment),Green Button,0,178.05143693296162,6,0.0
B_0554,B (Treatment),Green Button,0,116.56528389766753,1,0.0
B_0555,B (Treatment),Green Button,0,118.3538965134278,10,0.0
B_0556,B (Treatment),Green Button,0,148.38793611556264,4,29.91760729533257
B_0557,B (Treatment),Green Button,0,118.83759568010402,4,0.0
B_0558,B (Treatment),Green Button,0,139.27072472113326,4,53.74378918522431
B_0559,B (Treatment),Green Button,0,91.55695221289245,1,0.0
B_0560,B (Treatment),Green Button,0,197.0012383915847,6,0.0
B_0561,B (Treatment),Green Button,0,97.2641415513367,3,0.0
B_0562,B (Treatment),Green Button,0,125.99092428827417,2,0.0
B_0563,B (Treatment),Green Button,0,134.09053099642136,2,0.0
B_0564,B (Treatment),Green Button,1,188.55526776199028,2,0.0
B_0565,B (Treatment),Green Button,0,97.90431813388328,6,0.0
B_0566,B (Treatment),Green Button,0,190.54371579340503,10,0.0
B_0567,B (Treatment),Green Button,0,156.20095099085663,3,0.0
B_0568,B (Treatment),Green Button,0,146.67866908385088,4,0.0
B_0569,B (Treatment),Green Button,0,107.43025676349725,3,0.0
B_0570,B (Treatment),Green Button,0,150.99195477706607,4,0.0
B_0571,B (Treatment),Green Button,0,114.74237457224561,2,0.0
B_0572,B (Treatment),Green Button,0,170.46651508955554,9,44.729257684778986
B_0573,B (Treatment),Green Button,0,107.81026318498347,6,0.0
B_0574,B (Treatment),Green Button,0,131.83156215522965,3,0.0
B_0575,B (Treatment),Green Button,0,119.4523535356312,4,0.0
B_0576,B (Treatment),Green Button,0,107.34935705204416,2,46.35991119257141
B_0577,B (Treatment),Green Button,0,155.7569548734216,3,0.0
B_0578,B (Treatment),Green Button,0,149.99284492746975,5,0.0
B_0579,B (Treatment),Green Button,0,168.85228556922792,2,0.0
B_0580,B (Treatment),Green Button,0,85.16349697017131,4,0.0
B_0581,B (Treatment),Green Button,0,164.79677966554922,2,0.0
B_0582,B (Treatment),Green Button,0,205.15256934999303,5,0.0
B_0583,B (Treatment),Green Button,0,122.35404950304549,3,0.0
B_0584,B (Treatment),Green Button,0,188.06416113905115,4,0.0
B_0585,B (Treatment),Green Button,0,127.63148438232486,5,0.0
B_0586,B (Treatment),Green Button,0,96.57252734828342,1,36.024716075298045
B_0587,B (Treatment),Green Button,0,126.44229161260972,3,0.0
B_0588,B (Treatment),Green Button,0,164.34971109490772,3,0.0
B_0589,B (Treatment),Green Button,0,111.53105849471712,2,0.0
B_0590,B (Treatment),Green Button,0,118.19051754781836,5,0.0
B_0591,B (Treatment),Green Button,0,151.61910410420933,2,0.0
B_0592,B (Treatment),Green Button,1,135.08568326868004,6,45.83852639301562
B_0593,B (Treatment),Green Button,0,151.36944266962874,2,0.0
B_0594,B (Treatment),Green Button,1,141.6592271412334,3,0.0
B_0595,B (Treatment),Green Button,0,148.42950894744405,6,0.0
B_0596,B (Treatment),Green Button,0,122.89556679733285,6,0.0
B_0597,B (Treatment),Green Button,1,141.488466376851,2,0.0
B_0598,B (Treatment),Green Button,0,109.03355584051386,3,0.0
B_0599,B (Treatment),Green Button,0,171.07614143009488,3,0.0
B_0600,B (Treatment),Green Button,0,117.24030792911522,6,0.0
B_0601,B (Treatment),Green Button,0,166.6077296513829,1,0.0
B_0602,B (Treatment),Green Button,0,128.45900509247977,1,0.0
B_0603,B (Treatment),Green Button,0,140.655972301205,7,64.0076469584078
B_0604,B (Treatment),Green Button,0,121.14099257506038,6,95.32021435736588
B_0605,B (Treatment),Green Button,0,106.55212792729519,2,0.0
B_0606,B (Treatment),Green Button,0,86.14670914705155,7,0.0
B_0607,B (Treatment),Green Button,1,105.45092355941114,2,72.1732243554721
B_0608,B (Treatment),Green Button,0,125.93055210995419,7,0.0
B_0609,B (Treatment),Green Button,0,140.93261700720876,4,0.0
B_0610,B (Treatment),Green Button,0,163.29062077193137,2,0.0
B_0611,B (Treatment),Green Button,0,122.51879112568824,6,0.0
B_0612,B (Treatment),Green Button,0,110.30509860051913,3,0.0
B_0613,B (Treatment),Green Button,0,94.60398599192405,4,0.0
B_0614,B (Treatment),Green Button,0,148.4417813013149,1,26.646390037945057
B_0615,B (Treatment),Green Button,0,173.7294464292216,3,0.0
B_0616,B (Treatment),Green Button,1,170.45724750277608,4,0.0
B_0617,B (Treatment),Green Button,0,154.87811694812265,3,0.0
B_0618,B (Treatment),Green Button,0,152.87921288349278,2,0.0
B_0619,B (Treatment),Green Button,0,182.53346583186155,5,82.02772038453836
B_0620,B (Treatment),Green Button,0,144.2982809196707,1,68.16419221791986
B_0621,B (Treatment),Green Button,0,153.0916309286768,2,0.0
B_0622,B (Treatment),Green Button,0,126.01805186814403,1,43.693684891489546
B_0623,B (Treatment),Green Button,0,96.86278561606679,6,0.0
B_0624,B (Treatment),Green Button,0,115.85223078601186,1,0.0
B_0625,B (Treatment),Green Button,0,134.74354692102966,2,0.0
B_0626,B (Treatment),Green Button,0,136.7019904300365,6,0.0
B_0627,B (Treatment),Green Button,0,188.93600393595102,3,72.02569842804536
B_0628,B (Treatment),Green Button,0,137.2757606925499,2,0.0
B_0629,B (Treatment),Green Button,0,168.007616432718,3,0.0
B_0630,B (Treatment),Green Button,0,122.81783723586315,2,0.0
B_0631,B (Treatment),Green Button,0,126.27307519857345,8,0.0
B_0632,B (Treatment),Green Button,0,97.78778615774345,13,0.0
B_0633,B (Treatment),Green Button,0,114.21481563945599,3,0.0
B_0634,B (Treatment),Green Button,0,149.75547895818508,6,0.0
B_0635,B (Treatment),Green Button,0,135.21168505103574,1,0.0
B_0636,B (Treatment),Green Button,1,161.40228135712255,4,0.0
B_0637,B (Treatment),Green Button,0,140.0751105536614,3,0.0
B_0638,B (Treatment),Green Button,0,125.13129551414323,1,0.0
B_0639,B (Treatment),Green Button,0,195.15231218603486,3,0.0
B_0640,B (Treatment),Green Button,0,132.37070007603467,3,0.0
B_0641,B (Treatment),Green Button,0,167.56402715174852,6,0.0
B_0642,B (Treatment),Green Button,0,123.76614221674902,6,0.0
B_0643,B (Treatment),Green Button,0,154.86878542273985,3,0.0
B_0644,B (Treatment),Green Button,0,160.98443845624723,4,0.0
B_0645,B (Treatment),Green Button,0,140.83777517611625,7,0.0
B_0646,B (Treatment),Green Button,0,69.07447816449513,3,0.0
B_0647,B (Treatment),Green Button,0,135.51106890397116,6,0.0
B_0648,B (Treatment),Green Button,0,169.4528813372793,4,0.0
B_0649,B (Treatment),Green Button,0,149.76946332477644,5,0.0
B_0650,B (Treatment),Green Button,0,147.4834885064189,2,0.0
B_0651,B (Treatment),Green Button,0,86.77680584918946,6,0.0
B_0652,B (Treatment),Green Button,0,114.82725802109834,6,0.0
B_0653,B (Treatment),Green Button,0,146.5180136722403,2,0.0
B_0654,B (Treatment),Green Button,0,146.49073175003298,2,0.0
B_0655,B (Treatment),Green Button,0,169.01066984372127,2,60.117694435050346
B_0656,B (Treatment),Green Button,1,130.94373085590937,4,0.0
B_0657,B (Treatment),Green Button,0,146.3630744268668,5,0.0
B_0658,B (Treatment),Green Button,0,135.4584787740762,3,0.0
B_0659,B (Treatment),Green Button,0,107.3656033779564,1,0.0
B_0660,B (Treatment),Green Button,0,71.83784272934707,6,0.0
B_0661,B (Treatment),Green Button,0,147.06827137964214,2,0.0
B_0662,B (Treatment),Green Button,0,139.87052183555872,7,0.0
B_0663,B (Treatment),Green Button,0,117.69109882119527,5,0.0
B_0664,B (Treatment),Green Button,0,89.66315441755579,3,0.0
B_0665,B (Treatment),Green Button,0,152.63270640344467,3,60.6216779628801
B_0666,B (Treatment),Green Button,0,127.55423792252455,4,0.0
B_0667,B (Treatment),Green Button,0,150.59249222630808,4,0.0
B_0668,B (Treatment),Green Button,0,187.19335885152924,3,56.96012349838929
B_0669,B (Treatment),Green Button,0,75.03993535104826,5,0.0
B_0670,B (Treatment),Green Button,1,115.41117735633381,3,62.798651085048775
B_0671,B (Treatment),Green Button,0,129.13748282726644,6,0.0
B_0672,B (Treatment),Green Button,0,175.7351328761062,5,0.0
B_0673,B (Treatment),Green Button,0,89.18071546221842,4,0.0
B_0674,B (Treatment),Green Button,0,189.20410871905693,2,0.0
B_0675,B (Treatment),Green Button,0,138.80396524385614,5,0.0
B_0676,B (Treatment),Green Button,0,132.31198147145196,5,0.0
B_0677,B (Treatment),Green Button,0,129.45432662987062,6,0.0
B_0678,B (Treatment),Green Button,0,122.7846350989592,3,0.0
B_0679,B (Treatment),Green Button,0,164.34726925953635,8,0.0
B_0680,B (Treatment),Green Button,0,105.0814188856917,6,0.0
B_0681,B (Treatment),Green Button,0,144.6715970860279,5,0.0
B_0682,B (Treatment),Green Button,0,124.24291336020468,4,0.0
B_0683,B (Treatment),Green Button,0,113.66026344160525,4,0.0
B_0684,B (Treatment),Green Button,0,207.40730491914908,9,0.0
B_0685,B (Treatment),Green Button,0,146.73342057309688,5,0.0
B_0686,B (Treatment),Green Button,0,152.17143525051202,8,63.58923088085241
B_0687,B (Treatment),Green Button,0,166.85774985872254,3,0.0
B_0688,B (Treatment),Green Button,0,95.20220153108068,5,0.0
B_0689,B (Treatment),Green Button,0,184.0641734554169,2,0.0
B_0690,B (Treatment),Green Button,0,64.74919900213789,5,0.0
B_0691,B (Treatment),Green Button,0,113.47454051892143,3,0.0
B_0692,B (Treatment),Green Button,0,122.14711315099079,5,0.0
B_0693,B (Treatment),Green Button,0,151.28825421917418,4,0.0
B_0694,B (Treatment),Green Button,0,141.12411145196165,4,0.0
B_0695,B (Treatment),Green Button,0,130.329187260445,6,0.0
B_0696,B (Treatment),Green Button,0,134.66407435042373,2,0.0
B_0697,B (Treatment),Green Button,0,107.61535534136809,3,0.0
B_0698,B (Treatment),Green Button,0,93.07749295444316,5,0.0
B_0699,B (Treatment),Green Button,0,155.34232542540968,7,0.0
B_0700,B (Treatment),Green Button,0,154.4237711510132,3,0.0
B_0701,B (Treatment),Green Button,0,179.36584250439765,1,70.19784706765583
B_0702,B (Treatment),Green Button,0,112.87952128917418,3,0.0
B_0703,B (Treatment),Green Button,0,154.39882588842585,5,0.0
B_0704,B (Treatment),Green Button,0,127.05621160578751,4,0.0
B_0705,B (Treatment),Green Button,1,168.3332995854175,5,0.0
B_0706,B (Treatment),Green Button,0,163.61495774698795,2,0.0
B_0707,B (Treatment),Green Button,0,140.9138631782848,2,0.0
B_0708,B (Treatment),Green Button,0,125.49315561335237,5,0.0
B_0709,B (Treatment),Green Button,0,161.90610100103132,4,0.0
B_0710,B (Treatment),Green Button,0,153.11332665118385,3,0.0
B_0711,B (Treatment),Green Button,0,115.83566874158689,10,0.0
B_0712,B (Treatment),Green Button,0,97.82163714257594,5,0.0
B_0713,B (Treatment),Green Button,0,126.92107878090971,4,53.321091243924386
B_0714,B (Treatment),Green Button,0,177.43158682974985,4,0.0
B_0715,B (Treatment),Green Button,0,167.10164044452506,6,0.0
B_0716,B (Treatment),Green Button,0,103.85483084922373,4,0.0
B_0717,B (Treatment),Green Button,0,102.30279235480221,1,0.0
B_0718,B (Treatment),Green Button,0,170.69114779102563,2,0.0
B_0719,B (Treatment),Green Button,0,103.20219466678078,3,0.0
B_0720,B (Treatment),Green Button,0,149.26026906197623,7,46.561723395719
B_0721,B (Treatment),Green Button,0,117.75000597058293,4,0.0
B_0722,B (Treatment),Green Button,0,180.27725788660712,3,0.0
B_0723,B (Treatment),Green Button,0,113.42810562413939,9,73.10349023457597
B_0724,B (Treatment),Green Button,0,167.01412284576318,5,0.0
B_0725,B (Treatment),Green Button,0,140.1760423136902,3,49.77103425197757
B_0726,B (Treatment),Green Button,0,142.06145591856003,3,0.0
B_0727,B (Treatment),Green Button,0,79.83135972216077,3,40.66897202340171
B_0728,B (Treatment),Green Button,0,73.31842611023988,5,0.0
B_0729,B (Treatment),Green Button,1,128.8241536725152,3,0.0
B_0730,B (Treatment),Green Button,0,141.91336977566513,5,0.0
B_0731,B (Treatment),Green Button,0,103.49446082334376,5,0.0
B_0732,B (Treatment),Green Button,0,104.51658450666241,2,0.0
B_0733,B (Treatment),Green Button,0,150.72123363513174,2,24.034135539567338
B_0734,B (Treatment),Green Button,0,150.75992545279965,2,0.0
B_0735,B (Treatment),Green Button,0,131.14325030913804,1,0.0
B_0736,B (Treatment),Green Button,0,156.8456481932101,4,0.0
B_0737,B (Treatment),Green Button,1,102.12233571983589,1,0.0
B_0738,B (Treatment),Green Button,0,125.03382232156483,4,0.0
B_0739,B (Treatment),Green Button,0,181.14057296194284,8,0.0
B_0740,B (Treatment),Green Button,1,136.9130196383149,3,42.032625823650434
B_0741,B (Treatment),Green Button,0,138.53675040843598,3,0.0
B_0742,B (Treatment),Green Button,1,199.56650440709672,3,0.0
B_0743,B (Treatment),Green Button,1,95.81841935623441,5,0.0
B_0744,B (Treatment),Green Button,1,157.30005026597908,3,0.0
B_0745,B (Treatment),Green Button,0,181.5916158346268,4,0.0
B_0746,B (Treatment),Green Button,0,125.9039780580407,8,0.0
B_0747,B (Treatment),Green Button,0,159.06966203193568,5,0.0
B_0748,B (Treatment),Green Button,1,107.50345407809466,5,0.0
B_0749,B (Treatment),Green Button,0,115.77149292411416,1,0.0
B_0750,B (Treatment),Green Button,0,145.77905964933376,5,0.0
B_0751,B (Treatment),Green Button,0,157.35986684709653,7,0.0
B_0752,B (Treatment),Green Button,0,166.38622234737488,7,0.0
B_0753,B (Treatment),Green Button,0,178.9496004343058,2,58.05287132822307
B_0754,B (Treatment),Green Button,0,133.1114963604549,3,0.0
B_0755,B (Treatment),Green Button,0,168.42112914483246,2,0.0
B_0756,B (Treatment),Green Button,0,125.41546438342382,3,0.0
B_0757,B (Treatment),Green Button,1,160.2585567244715,7,0.0
B_0758,B (Treatment),Green Button,0,140.8096863398611,3,0.0
B_0759,B (Treatment),Green Button,0,147.47898139829385,4,0.0
B_0760,B (Treatment),Green Button,0,146.85822047261706,4,0.0
B_0761,B (Treatment),Green Button,0,90.06825972566125,7,81.89591487715724
B_0762,B (Treatment),Green Button,0,103.52458795189835,1,25.821224545581245
B_0763,B (Treatment),Green Button,1,137.87116031489063,4,0.0
B_0764,B (Treatment),Green Button,0,87.75618577004728,4,0.0
B_0765,B (Treatment),Green Button,0,158.27391088959317,5,56.19814081405338
B_0766,B (Treatment),Green Button,0,159.40356705606797,1,0.0
B_0767,B (Treatment),Green Button,0,144.16077548057814,1,0.0
B_0768,B (Treatment),Green Button,0,103.60824764277818,2,50.66313554823248
B_0769,B (Treatment),Green Button,0,173.6438902883184,1,61.09810440627971
B_0770,B (Treatment),Green Button,0,192.04189791211402,4,0.0
B_0771,B (Treatment),Green Button,0,139.11815116848726,2,0.0
B_0772,B (Treatment),Green Button,0,149.29499059663462,1,0.0
B_0773,B (Treatment),Green Button,0,140.64868233428922,3,41.032179513196866
B_0774,B (Treatment),Green Button,0,149.85033729196638,2,50.685438084444804
B_0775,B (Treatment),Green Button,0,131.65235481446092,2,0.0
B_0776,B (Treatment),Green Button,1,134.0322012843735,4,0.0
B_0777,B (Treatment),Green Button,0,160.36009281392623,5,0.0
B_0778,B (Treatment),Green Button,0,200.67747653310033,1,0.0
B_0779,B (Treatment),Green Button,1,95.79800543675131,1,0.0
B_0780,B (Treatment),Green Button,0,132.09325043671691,4,0.0
B_0781,B (Treatment),Green Button,0,101.9471064135017,5,0.0
B_0782,B (Treatment),Green Button,0,179.57669716013032,4,0.0
B_0783,B (Treatment),Green Button,0,118.54333685904285,2,0.0
B_0784,B (Treatment),Green Button,0,94.59037777399777,3,0.0
B_0785,B (Treatment),Green Button,0,152.86923596776006,7,0.0
B_0786,B (Treatment),Green Button,0,183.84071121280712,2,0.0
B_0787,B (Treatment),Green Button,0,153.58074031970136,6,0.0
B_0788,B (Treatment),Green Button,1,140.73434056389368,9,65.15503595970604
B_0789,B (Treatment),Green Button,0,146.45594583772782,4,0.0
B_0790,B (Treatment),Green Button,0,174.61553855911552,4,0.0
B_0791,B (Treatment),Green Button,0,110.5224204396038,2,0.0
B_0792,B (Treatment),Green Button,0,131.86828108558325,3,65.20264120094915
B_0793,B (Treatment),Green Button,0,122.32467584173307,4,0.0
B_0794,B (Treatment),Green Button,1,102.29977139583211,3,0.0
B_0795,B (Treatment),Green Button,0,125.80549273632954,2,0.0
B_0796,B (Treatment),Green Button,0,166.01619068750855,1,0.0
B_0797,B (Treatment),Green Button,0,150.8648601549963,4,59.77190293560544
B_0798,B (Treatment),Green Button,0,153.0406940030296,3,0.0
B_0799,B (Treatment),Green Button,0,139.1013171262929,4,0.0
B_0800,B (Treatment),Green Button,0,149.6530659164005,4,0.0
B_0801,B (Treatment),Green Button,0,112.58347041425304,4,0.0
B_0802,B (Treatment),Green Button,0,126.33372319403757,4,0.0
B_0803,B (Treatment),Green Button,0,140.37611863512294,4,37.621462636805035
B_0804,B (Treatment),Green Button,0,142.77044404869292,5,66.90178733251652
B_0805,B (Treatment),Green Button,0,143.96525993781245,1,0.0
B_0806,B (Treatment),Green Button,0,131.12661210354142,6,0.0
B_0807,B (Treatment),Green Button,0,124.43214476835077,2,0.0
B_0808,B (Treatment),Green Button,0,223.41759592524033,2,0.0
B_0809,B (Treatment),Green Button,0,160.39004364210717,5,0.0
B_0810,B (Treatment),Green Button,0,146.56812932667341,4,0.0
B_0811,B (Treatment),Green Button,1,128.47016205022098,6,0.0
B_0812,B (Treatment),Green Button,0,122.36587284557146,7,0.0
B_0813,B (Treatment),Green Button,1,131.33758337564524,3,0.0
B_0814,B (Treatment),Green Button,0,143.19920762042713,1,0.0
B_0815,B (Treatment),Green Button,0,82.34780476623372,5,0.0
B_0816,B (Treatment),Green Button,1,91.05709132950886,10,0.0
B_0817,B (Treatment),Green Button,0,117.16729310970919,9,60.09857394498581
B_0818,B (Treatment),Green Button,0,140.79990422979992,5,0.0
B_0819,B (Treatment),Green Button,0,128.30035187974815,5,72.3420362296846
B_0820,B (Treatment),Green Button,0,176.38739433078555,3,0.0
B_0821,B (Treatment),Green Button,1,93.49288996411848,2,0.0
B_0822,B (Treatment),Green Button,0,113.96232685110563,5,0.0
B_0823,B (Treatment),Green Button,0,177.56256874775084,4,27.849353162079726
B_0824,B (Treatment),Green Button,0,138.67134109090412,4,0.0
B_0825,B (Treatment),Green Button,0,159.77559231843244,3,80.98727511543439
B_0826,B (Treatment),Green Button,0,192.43491441154498,2,0.0
B_0827,B (Treatment),Green Button,0,115.57347629874897,3,0.0
B_0828,B (Treatment),Green Button,0,132.2191985418231,6,0.0
B_0829,B (Treatment),Green Button,0,127.3720467739356,8,0.0
B_0830,B (Treatment),Green Button,0,80.27139587446828,2,70.38110087712984
B_0831,B (Treatment),Green Button,1,126.30888949483287,2,0.0
B_0832,B (Treatment),Green Button,0,159.66974124665865,2,0.0
B_0833,B (Treatment),Green Button,0,150.13650717074273,4,0.0
B_0834,B (Treatment),Green Button,0,152.33432874286427,3,0.0
B_0835,B (Treatment),Green Button,0,124.48574854209402,4,0.0
B_0836,B (Treatment),Green Button,0,116.62927739184204,5,0.0
B_0837,B (Treatment),Green Button,0,170.53915881316138,6,0.0
B_0838,B (Treatment),Green Button,0,121.07511990198526,5,0.0
B_0839,B (Treatment),Green Button,0,143.23429708621,5,0.0
B_0840,B (Treatment),Green Button,0,139.57337105897108,5,0.0
B_0841,B (Treatment),Green Button,0,175.92807645519932,4,0.0
B_0842,B (Treatment),Green Button,1,162.19954601482607,3,0.0
B_0843,B (Treatment),Green Button,0,98.73275862132061,4,0.0
B_0844,B (Treatment),Green Button,0,101.74851133029887,7,0.0
B_0845,B (Treatment),Green Button,0,151.20947490593576,3,0.0
B_0846,B (Treatment),Green Button,0,133.19854587338332,5,0.0
B_0847,B (Treatment),Green Button,0,122.25519004929461,4,0.0
B_0848,B (Treatment),Green Button,1,163.4375807518452,4,0.0
B_0849,B (Treatment),Green Button,0,140.24886269848952,2,0.0
B_0850,B (Treatment),Green Button,0,136.46880683290442,4,0.0
B_0851,B (Treatment),Green Button,0,156.8352019411414,6,0.0
B_0852,B (Treatment),Green Button,0,124.49694814158019,3,0.0
B_0853,B (Treatment),Green Button,0,178.9185315932315,4,29.80860070922931
B_0854,B (Treatment),Green Button,0,112.93466654947578,7,0.0
B_0855,B (Treatment),Green Button,0,153.39401385757847,4,0.0
B_0856,B (Treatment),Green Button,0,175.14731948247567,4,0.0
B_0857,B (Treatment),Green Button,0,96.4357263003812,4,0.0
B_0858,B (Treatment),Green Button,0,125.38661507613142,6,0.0
B_0859,B (Treatment),Green Button,0,166.9818070007956,5,0.0
B_0860,B (Treatment),Green Button,0,167.4028473364687,2,0.0
B_0861,B (Treatment),Green Button,0,130.1981231891293,1,0.0
B_0862,B (Treatment),Green Button,0,114.42920937704794,5,46.706425924438015
B_0863,B (Treatment),Green Button,1,161.76620302526135,3,0.0
B_0864,B (Treatment),Green Button,0,168.13937487228492,3,0.0
B_0865,B (Treatment),Green Button,0,102.38942624165296,6,0.0
B_0866,B (Treatment),Green Button,1,101.29041782894136,3,0.0
B_0867,B (Treatment),Green Button,0,141.3071870955408,2,0.0
B_0868,B (Treatment),Green Button,0,152.62209773600898,3,0.0
B_0869,B (Treatment),Green Button,0,126.62606561355847,2,0.0
B_0870,B (Treatment),Green Button,0,154.02022695950578,7,0.0
B_0871,B (Treatment),Green Button,0,115.1161750085533,3,0.0
B_0872,B (Treatment),Green Button,0,75.78857922593541,5,47.61763637811945
B_0873,B (Treatment),Green Button,0,123.13076997468731,5,0.0
B_0874,B (Treatment),Green Button,0,136.77050010236684,4,0.0
B_0875,B (Treatment),Green Button,0,127.27648112289921,3,0.0
B_0876,B (Treatment),Green Button,0,102.5591086175344,2,0.0
B_0877,B (Treatment),Green Button,0,84.16182867539311,3,72.0346190151221
B_0878,B (Treatment),Green Button,0,120.60551347769886,3,0.0
B_0879,B (Treatment),Green Button,0,160.1343616061928,5,0.0
B_0880,B (Treatment),Green Button,0,170.1735283035831,7,0.0
B_0881,B (Treatment),Green Button,0,168.25597475587674,7,0.0
B_0882,B (Treatment),Green Button,0,112.15453301584051,7,82.06382705616839
B_0883,B (Treatment),Green Button,0,102.6962229383498,5,0.0
B_0884,B (Treatment),Green Button,1,148.90576921943708,4,0.0
B_0885,B (Treatment),Green Button,0,152.7828003247419,6,0.0
B_0886,B (Treatment),Green Button,0,146.20474894561391,2,0.0
B_0887,B (Treatment),Green Button,0,78.60622832134263,4,0.0
B_0888,B (Treatment),Green Button,0,110.72723162326294,4,0.0
B_0889,B (Treatment),Green Button,0,134.1687138719926,3,0.0
B_0890,B (Treatment),Green Button,0,148.64210944965197,2,0.0
B_0891,B (Treatment),Green Button,1,156.48460615286962,3,0.0
B_0892,B (Treatment),Green Button,0,139.03909862389713,7,0.0
B_0893,B (Treatment),Green Button,0,144.2619465830706,1,0.0
B_0894,B (Treatment),Green Button,0,137.3762328341109,1,45.97496234338838
B_0895,B (Treatment),Green Button,1,154.19734247811752,5,0.0
B_0896,B (Treatment),Green Button,0,143.7602382417455,4,0.0
B_0897,B (Treatment),Green Button,0,136.84065448132404,6,0.0
B_0898,B (Treatment),Green Button,0,127.48567362415334,2,73.72886704374028
B_0899,B (Treatment),Green Button,0,137.27615990118946,3,0.0
B_0900,B (Treatment),Green Button,0,148.5685586074997,4,0.0
B_0901,B (Treatment),Green Button,0,142.4893108891457,1,0.0
B_0902,B (Treatment),Green Button,0,145.6631397136671,1,0.0
B_0903,B (Treatment),Green Button,0,172.5962121178332,4,0.0
B_0904,B (Treatment),Green Button,0,142.42458983690446,3,48.234608220768905
B_0905,B (Treatment),Green Button,0,116.82804142675158,5,0.0
B_0906,B (Treatment),Green Button,0,159.74099000783673,4,0.0
B_0907,B (Treatment),Green Button,1,96.74644654527032,7,70.43741241204441
B_0908,B (Treatment),Green Button,0,104.72042533929996,3,0.0
B_0909,B (Treatment),Green Button,1,144.40372341216192,1,0.0
B_0910,B (Treatment),Green Button,0,149.45910669802421,6,52.58487750707948
B_0911,B (Treatment),Green Button,0,100.13856574188814,1,0.0
B_0912,B (Treatment),Green Button,0,124.281110532371,2,0.0
B_0913,B (Treatment),Green Button,0,118.02965269784956,1,0.0
B_0914,B (Treatment),Green Button,0,121.37306295931529,4,0.0
B_0915,B (Treatment),Green Button,0,161.4207377356425,2,0.0
B_0916,B (Treatment),Green Button,0,154.7821529793231,5,0.0
B_0917,B (Treatment),Green Button,0,134.46457896409618,3,0.0
B_0918,B (Treatment),Green Button,1,119.71306604078202,4,0.0
B_0919,B (Treatment),Green Button,0,97.20980923383607,6,0.0
B_0920,B (Treatment),Green Button,1,174.76517828589456,3,0.0
B_0921,B (Treatment),Green Button,0,151.57918920797772,2,0.0
B_0922,B (Treatment),Green Button,0,115.21326508595206,3,67.43938167012823
B_0923,B (Treatment),Green Button,0,155.14878593349695,4,0.0
B_0924,B (Treatment),Green Button,0,133.0337386239105,3,0.0
B_0925,B (Treatment),Green Button,0,126.9609338638544,4,0.0
B_0926,B (Treatment),Green Button,0,147.18592279210887,4,0.0
B_0927,B (Treatment),Green Button,0,114.2380490024437,3,0.0
B_0928,B (Treatment),Green Button,0,125.37481745371691,2,25.316977597898557
B_0929,B (Treatment),Green Button,0,138.40090979758727,5,0.0
B_0930,B (Treatment),Green Button,0,121.01536659921402,6,0.0
B_0931,B (Treatment),Green Button,0,153.73438588749067,5,0.0
B_0932,B (Treatment),Green Button,0,187.3338621029913,4,0.0
B_0933,B (Treatment),Green Button,0,113.879652287,2,0.0
B_0934,B (Treatment),Green Button,0,88.37649170348675,4,0.0
B_0935,B (Treatment),Green Button,0,78.95127531066467,5,0.0
B_0936,B (Treatment),Green Button,0,130.7868920381405,1,0.0
B_0937,B (Treatment),Green Button,0,116.43139147646689,5,0.0
B_0938,B (Treatment),Green Button,0,140.82009402987825,1,0.0
B_0939,B (Treatment),Green Button,0,138.71273481673083,1,0.0
B_0940,B (Treatment),Green Button,0,90.10992829480531,3,0.0
B_0941,B (Treatment),Green Button,0,84.18325277452064,4,0.0
B_0942,B (Treatment),Green Button,0,143.28613072969065,6,0.0
B_0943,B (Treatment),Green Button,0,138.7920073721588,1,0.0
B_0944,B (Treatment),Green Button,0,123.07709604573657,3,0.0
B_0945,B (Treatment),Green Button,0,88.59997961629547,3,0.0
B_0946,B (Treatment),Green Button,0,148.19895535741975,5,0.0
B_0947,B (Treatment),Green Button,0,170.6131872718704,8,0.0
B_0948,B (Treatment),Green Button,0,142.78350832612983,1,0.0
B_0949,B (Treatment),Green Button,0,111.2707310641782,4,74.91985882275928
B_0950,B (Treatment),Green Button,0,136.24746063599224,1,50.33166822047832
B_0951,B (Treatment),Green Button,1,96.74880573385681,2,0.0
B_0952,B (Treatment),Green Button,1,164.6228999874862,1,0.0
B_0953,B (Treatment),Green Button,0,137.2916413668271,3,0.0
B_0954,B (Treatment),Green Button,0,85.49160647090952,3,0.0
B_0955,B (Treatment),Green Button,0,126.58111790757688,6,0.0
B_0956,B (Treatment),Green Button,0,147.97244228655848,2,68.55599176447616
B_0957,B (Treatment),Green Button,0,125.67466661268537,4,0.0
B_0958,B (Treatment),Green Button,1,127.27491979967513,5,0.0
B_0959,B (Treatment),Green Button,0,100.7167382026764,5,0.0
B_0960,B (Treatment),Green Button,0,150.86314763828636,7,0.0
B_0961,B (Treatment),Green Button,0,116.84286239946415,7,0.0
B_0962,B (Treatment),Green Button,0,74.61952944385908,7,0.0
B_0963,B (Treatment),Green Button,1,124.60479362122898,4,0.0
B_0964,B (Treatment),Green Button,1,162.4721920359699,1,0.0
B_0965,B (Treatment),Green Button,0,124.16597549520148,1,0.0
B_0966,B (Treatment),Green Button,0,183.66357958345856,3,0.0
B_0967,B (Treatment),Green Button,0,147.01110255935848,2,62.73273451022639
B_0968,B (Treatment),Green Button,0,144.48522854385024,4,0.0
B_0969,B (Treatment),Green Button,0,131.40484855430697,7,0.0
B_0970,B (Treatment),Green Button,0,133.08798618259985,7,0.0
B_0971,B (Treatment),Green Button,0,127.62413821665389,7,0.0
B_0972,B (Treatment),Green Button,0,126.53645702168926,2,0.0
B_0973,B (Treatment),Green Button,0,149.86428053788018,5,0.0
B_0974,B (Treatment),Green Button,0,108.79672556586416,9,0.0
B_0975,B (Treatment),Green Button,0,104.87497279572074,1,0.0
B_0976,B (Treatment),Green Button,1,103.55053857548943,1,0.0
B_0977,B (Treatment),Green Button,1,192.27832733496032,1,0.0
B_0978,B (Treatment),Green Button,0,149.84960124677625,2,48.35842664970705
B_0979,B (Treatment),Green Button,0,143.52578164704406,1,69.70508005326646
B_0980,B (Treatment),Green Button,0,105.38958923178392,6,51.837875132406836
B_0981,B (Treatment),Green Button,0,152.4535844188952,2,0.0
B_0982,B (Treatment),Green Button,0,131.7360022993068,6,53.83228327683514
B_0983,B (Treatment),Green Button,0,140.996730351689,9,0.0
B_0984,B (Treatment),Green Button,0,107.65463115582043,4,0.0
B_0985,B (Treatment),Green Button,0,139.48752800769213,1,0.0
B_0986,B (Treatment),Green Button,0,123.13266093021846,4,0.0
B_0987,B (Treatment),Green Button,0,113.56288760315473,2,0.0
B_0988,B (Treatment),Green Button,0,155.55497740260296,7,0.0
B_0989,B (Treatment),Green Button,0,91.94418136115993,5,0.0
B_0990,B (Treatment),Green Button,1,150.81373540079622,7,0.0
B_0991,B (Treatment),Green Button,0,154.1656117394839,5,0.0
B_0992,B (Treatment),Green Button,1,110.36997708456526,5,0.0
B_0993,B (Treatment),Green Button,0,112.03080308829091,7,0.0
B_0994,B (Treatment),Green Button,0,128.75528092454073,3,0.0
B_0995,B (Treatment),Green Button,0,142.89701389294217,3,33.33668019614889
B_0996,B (Treatment),Green Button,0,130.7200602292017,6,0.0
B_0997,B (Treatment),Green Button,0,147.13974888537263,3,0.0
B_0998,B (Treatment),Green Button,0,184.36343027104718,6,0.0
B_0999,B (Treatment),Green Button,0,120.78393046380802,4,0.0
