Date,Month,Quarter,Year,Region,Segment,Channel,Product,Sales_Rep,Revenue,Profit,Marketing_Spend,Ad_Spend,Operating_Cost,Support_Cost,Refund_Amount,Discount_Pct,Units_Sold,Avg_Order_Value,Customers_Start,New_Customers,Customers_Churned,Customers_End,Customer_Lifetime_Months,Website_Visits,Conversion_Rate_Pct,Email_Campaigns,NPS_Score,CSAT_Score,Tickets_Raised,Tickets_Resolved,Churn_Rate_Pct,ROI_Pct,LTV,CAC,Profit_Margin_Pct,LTV_CAC_Ratio,Resolution_Rate_Pct,Revenue_Per_Customer
2021-01-01,January,Q1,2021,South,Government,Online,Product_C,Rep_17,42483.57,17780.64,3896.75,2370.36,18854.79,1951.39,886.79,15.34,416,236.35,993,110,42,1061,47,19637,2.78,6,76,7.9,23,17,4.23,356.29,11108.45,35.42,41.85,313.62,73.91,42.78
2021-01-02,January,Q1,2021,Central,Government,Social,Product_C,Rep_11,39388.76,19000.02,3439.42,1870.0,16044.79,904.53,1492.98,23.63,278,371.75,996,173,23,1146,38,12853,5.79,6,76,8.6,179,162,2.31,452.42,14126.5,19.88,48.24,710.59,90.5,39.55
2021-01-03,January,Q1,2021,Central,Startup,Social,Product_E,Rep_4,43398.6,18176.46,5405.3,3241.56,18297.07,1519.77,853.28,1.21,680,394.01,1205,154,79,1280,19,15663,4.38,6,56,9.4,110,101,6.56,236.27,7486.19,35.1,41.88,213.28,91.82,36.02
2021-01-04,January,Q1,2021,Central,Government,Social,Product_E,Rep_20,47855.39,16779.15,6195.04,3943.63,22385.42,2495.78,1977.3,0.03,489,519.87,873,143,67,949,43,2633,6.08,1,26,9.3,37,37,7.67,170.85,22354.41,43.32,35.06,516.03,100.0,54.82
2021-01-05,January,Q1,2021,South,Startup,Online,Product_E,Rep_1,39149.55,12525.24,3218.52,2124.29,21943.99,1461.8,523.22,15.0,739,489.1,1067,143,37,1173,12,9149,8.47,6,24,7.7,71,61,3.47,289.16,5869.2,22.51,31.99,260.74,85.92,36.69
2021-01-06,January,Q1,2021,South,Retail,Referral,Product_E,Rep_4,39229.72,10990.92,5709.29,3729.55,20180.15,2349.36,544.4,7.1,581,452.03,1169,234,46,1357,28,15671,8.06,1,70,8.3,146,114,3.93,92.51,12656.84,24.4,28.02,518.72,78.08,33.56
2021-01-07,January,Q1,2021,West,Enterprise,Social,Product_D,Rep_3,48376.54,17970.25,4046.12,2685.88,24310.83,2049.34,1263.55,22.01,499,230.37,1251,158,39,1370,20,5701,1.53,5,27,7.2,165,149,3.12,344.14,4607.4,25.61,37.15,179.91,90.3,38.67
2021-01-08,January,Q1,2021,Central,Enterprise,Partner,Product_C,Rep_10,44397.73,17340.2,5234.08,3938.71,20365.14,1458.31,956.24,8.18,85,464.0,988,126,54,1060,31,14349,7.7,7,75,7.5,46,46,5.47,231.29,14384.0,41.54,39.06,346.27,100.0,44.94
2021-01-09,January,Q1,2021,Central,Startup,Direct,Product_B,Rep_1,38293.27,9772.84,4964.12,2735.38,22453.29,1103.02,1240.92,7.24,471,358.03,1081,209,32,1258,56,2013,1.97,1,30,9.4,197,148,2.96,96.87,20049.68,23.75,25.52,844.2,75.13,35.42
2021-01-10,January,Q1,2021,West,Government,Direct,Product_A,Rep_4,43433.52,15010.99,6122.73,3641.89,20822.16,1477.64,791.12,6.74,669,548.41,1093,112,45,1160,43,17279,8.17,13,41,9.5,99,79,4.12,145.17,23581.63,54.67,34.56,431.34,79.8,39.74
2021-01-11,January,Q1,2021,Central,Enterprise,Direct,Product_B,Rep_19,38483.71,16074.42,5002.35,3834.71,16063.81,1343.13,443.62,3.62,238,548.26,1060,180,66,1174,13,4299,3.47,1,30,9.4,51,44,6.23,221.34,7127.38,27.79,41.77,256.47,86.27,36.31
2021-01-12,January,Q1,2021,North,Enterprise,Online,Product_A,Rep_1,38552.23,12248.7,5247.77,3506.23,20178.75,877.01,905.61,14.54,227,159.9,1034,178,55,1157,43,2506,4.17,13,79,6.1,39,29,5.32,133.41,6875.7,29.48,31.77,233.23,74.36,37.28
2021-01-13,January,Q1,2021,North,Enterprise,Partner,Product_D,Rep_16,42170.77,18499.81,4375.7,2953.67,17828.44,1466.82,1182.8,4.21,657,509.28,1092,201,47,1246,56,5803,2.14,13,34,9.2,121,86,4.3,322.79,28519.68,21.77,43.87,1310.05,71.07,38.62
2021-01-14,January,Q1,2021,West,Enterprise,Partner,Product_C,Rep_19,31474.64,11184.46,4313.21,2775.2,14763.01,1213.96,224.41,10.62,364,157.74,799,158,36,921,20,18361,2.29,6,57,9.6,164,131,4.51,159.31,3154.8,27.3,35.53,115.56,79.88,39.39
2021-01-15,January,Q1,2021,South,Retail,Partner,Product_A,Rep_20,32496.53,11828.74,2781.96,1849.15,16296.44,1589.39,904.57,11.52,69,305.68,1124,222,60,1286,41,19201,6.59,7,20,7.1,187,179,5.34,325.19,12532.88,12.53,36.4,1000.23,95.72,28.91
2021-01-16,January,Q1,2021,West,Retail,Partner,Product_E,Rep_18,38389.76,9069.55,5475.81,3063.3,22068.14,1776.26,612.81,0.51,725,399.21,1073,114,22,1165,31,15760,8.11,6,65,7.7,186,133,2.05,65.63,12375.51,48.03,23.62,257.66,71.51,35.78
2021-01-17,January,Q1,2021,West,Startup,Partner,Product_D,Rep_2,36217.13,12118.56,4285.63,2845.92,18061.82,1751.12,710.67,0.42,431,211.59,1042,190,26,1206,49,11826,5.78,5,62,8.9,80,66,2.5,182.77,10367.91,22.56,33.46,459.57,82.5,34.76
2021-01-18,January,Q1,2021,West,Government,Referral,Product_A,Rep_6,42932.6,12965.77,5890.82,4707.66,23203.0,873.01,599.59,13.01,658,484.04,1273,210,93,1390,12,14821,6.51,6,41,7.9,183,170,7.31,120.1,5808.48,28.05,30.2,207.08,92.9,33.73
2021-01-19,January,Q1,2021,West,Startup,Partner,Product_E,Rep_1,36901.32,9633.74,4120.49,2759.96,22087.78,1059.31,1718.51,17.4,192,162.7,1005,166,25,1146,16,14007,6.83,13,22,9.8,191,188,2.49,133.8,2603.2,24.82,26.11,104.88,98.43,36.72
2021-01-20,January,Q1,2021,West,Government,Partner,Product_D,Rep_19,34460.0,13859.27,4309.24,2212.02,14690.22,1601.27,1177.39,23.55,111,218.21,1036,117,65,1088,46,16786,3.34,14,33,7.5,146,145,6.27,221.62,10037.66,36.83,40.22,272.54,99.32,33.26
2021-01-21,January,Q1,2021,Central,SMB,Online,Product_A,Rep_5,48929.85,19026.18,5717.36,4224.73,22260.45,1925.86,642.11,4.48,291,408.71,1279,211,96,1394,47,10140,1.82,3,21,8.6,150,124,7.51,232.78,19209.37,27.1,38.88,708.83,82.67,38.26
2021-01-22,January,Q1,2021,South,Retail,Online,Product_E,Rep_2,40552.8,14990.79,5320.98,3293.38,19421.35,819.68,1307.89,2.58,287,475.13,1001,198,36,1163,12,7798,1.51,9,80,8.9,132,130,3.6,181.73,5701.56,26.87,36.97,212.19,98.48,40.51
2021-01-23,January,Q1,2021,North,Startup,Partner,Product_C,Rep_1,42099.4,15902.65,3608.51,1970.62,20391.5,2196.74,1786.22,1.3,180,543.07,1033,197,44,1186,25,17857,3.95,5,51,7.6,59,42,4.26,340.7,13576.75,18.32,37.77,741.09,71.19,40.75
2021-01-24,January,Q1,2021,Central,SMB,Referral,Product_D,Rep_16,34718.1,13285.19,2924.12,2218.69,16741.21,1767.58,697.19,10.9,654,443.62,1077,155,58,1174,20,1567,3.19,2,57,9.2,102,94,5.39,354.33,8872.4,18.87,38.27,470.19,92.16,32.24
2021-01-25,January,Q1,2021,East,Government,Partner,Product_A,Rep_2,39200.01,10946.36,3814.05,2133.55,22795.68,1643.92,1626.72,15.58,652,455.76,1180,123,86,1217,41,12624,1.94,14,65,7.8,188,168,7.29,187.0,18686.16,31.01,27.92,602.58,89.36,33.22
2021-01-26,January,Q1,2021,Central,Retail,Partner,Product_E,Rep_4,42556.61,14612.52,3879.81,3011.63,23100.01,964.27,328.57,21.01,694,332.37,1121,153,86,1188,35,13215,2.76,14,61,7.3,112,87,7.67,276.63,11632.95,25.36,34.34,458.71,77.68,37.96
2021-01-27,January,Q1,2021,West,Startup,Partner,Product_C,Rep_3,36327.11,10416.2,5123.03,3240.52,18947.53,1840.35,1494.46,17.07,172,171.22,975,178,63,1090,15,8966,2.37,12,25,6.0,53,45,6.46,103.32,2568.3,28.78,28.67,89.24,84.91,37.26
2021-01-28,January,Q1,2021,South,Enterprise,Social,Product_E,Rep_17,44040.65,17591.24,4199.05,3035.23,20341.26,1909.1,1189.75,5.21,489,205.65,1055,180,27,1208,25,19642,7.9,10,60,7.2,192,142,2.56,318.93,5141.25,23.33,39.94,220.37,73.96,41.74
2021-01-29,January,Q1,2021,East,Government,Referral,Product_C,Rep_15,39239.05,9246.79,5819.57,3864.77,22160.57,2012.12,437.47,11.54,391,398.75,1051,153,63,1141,36,9120,2.48,10,44,8.7,117,112,5.99,58.89,14355.0,38.04,23.57,377.37,95.73,37.33
2021-01-30,January,Q1,2021,South,SMB,Direct,Product_A,Rep_10,40863.85,10433.98,4232.79,2442.27,24151.03,2046.05,831.87,22.76,468,451.86,1108,117,49,1176,15,17279,5.26,7,30,9.5,185,149,4.42,146.5,6777.9,36.18,25.53,187.34,80.54,36.88
2021-01-31,January,Q1,2021,East,Startup,Partner,Product_E,Rep_12,39393.87,11459.37,3653.71,2562.45,22227.58,2053.21,1946.04,8.17,679,340.82,1163,166,56,1273,36,12336,5.65,3,60,6.6,138,123,4.82,213.64,12269.52,22.01,29.09,557.45,89.13,33.87
2021-02-01,February,Q1,2021,North,Government,Direct,Product_E,Rep_12,51743.87,21923.25,6999.85,5511.5,20713.74,2107.03,2027.21,12.47,504,495.48,1166,171,27,1310,21,5310,5.3,1,76,7.0,74,55,2.32,213.2,10405.08,40.93,42.37,254.22,74.32,44.38
2021-02-02,February,Q1,2021,West,Government,Referral,Product_B,Rep_20,42495.08,13640.79,5359.04,3916.87,22406.82,1088.43,1221.92,23.96,247,363.6,951,183,30,1104,46,14187,2.19,3,65,6.2,90,69,3.15,154.54,16725.6,29.28,32.1,571.23,76.67,44.68
2021-02-03,February,Q1,2021,East,Enterprise,Partner,Product_D,Rep_7,37354.09,15989.53,4291.0,2923.05,15323.66,1749.9,215.09,18.37,331,187.52,1239,203,84,1358,18,15089,3.73,9,67,8.5,140,140,6.78,272.63,3375.36,21.14,42.81,159.67,100.0,30.15
2021-02-04,February,Q1,2021,North,SMB,Direct,Product_E,Rep_10,46835.45,18021.53,5567.59,4438.42,21147.21,2099.12,978.42,18.69,50,257.77,1161,152,55,1258,53,2982,1.86,5,82,9.6,147,136,4.74,223.69,13661.81,36.63,38.48,372.97,92.52,40.34
2021-02-05,February,Q1,2021,West,Startup,Direct,Product_C,Rep_5,36698.58,14975.25,4783.44,2772.47,15116.33,1823.56,482.68,6.31,772,530.82,1279,195,49,1425,24,2096,4.27,7,58,8.3,158,156,3.83,213.06,12739.68,24.53,40.81,519.35,98.73,28.69
2021-02-06,February,Q1,2021,South,Government,Referral,Product_D,Rep_20,43927.2,15658.02,4216.65,2187.19,22875.49,1177.04,155.94,10.37,381,492.72,1189,127,51,1265,15,14582,2.82,3,29,8.2,43,34,4.29,271.34,7390.8,33.2,35.65,222.61,79.07,36.94
2021-02-07,February,Q1,2021,South,Retail,Partner,Product_A,Rep_20,33164.61,9456.55,4966.18,2530.96,17819.94,921.94,899.1,2.06,261,546.35,1258,248,90,1416,54,7497,5.43,4,84,7.9,135,101,7.15,90.42,29502.9,20.02,28.51,1473.67,74.81,26.36
2021-02-08,February,Q1,2021,Central,Government,Social,Product_D,Rep_11,36402.11,13587.11,5396.09,3848.53,15394.36,2024.55,1618.41,15.16,136,202.58,1199,163,78,1284,47,14545,6.35,1,78,5.9,189,161,6.51,151.8,9521.26,33.1,37.33,287.65,85.19,30.36
2021-02-09,February,Q1,2021,Central,Startup,Referral,Product_B,Rep_2,44107.43,15336.61,5536.49,4147.22,21029.0,2205.33,1489.95,2.59,714,595.94,1291,191,47,1435,25,12582,5.22,3,55,8.6,14,12,3.64,177.01,14898.5,28.99,34.77,513.92,85.71,34.17
2021-02-10,February,Q1,2021,South,SMB,Social,Product_A,Rep_16,46895.54,16809.96,4406.68,3042.95,23037.31,2641.59,585.44,20.9,748,222.05,1212,164,33,1343,29,16378,4.54,7,46,8.1,7,5,2.72,281.47,6439.45,26.87,35.85,239.65,71.43,38.69
2021-02-11,February,Q1,2021,West,Government,Partner,Product_E,Rep_12,44140.12,15370.69,5632.98,4345.89,20914.06,2222.39,1265.9,20.36,110,143.62,1154,194,41,1307,19,11864,4.21,4,74,8.3,50,46,3.55,172.87,2728.78,29.04,34.82,93.97,92.0,38.25
2021-02-12,February,Q1,2021,West,SMB,Direct,Product_A,Rep_16,42785.12,19118.74,3639.04,2581.51,18149.66,1877.68,2017.82,13.34,144,587.87,1395,232,105,1522,43,19803,7.39,2,72,9.4,154,125,7.53,425.38,25278.41,15.69,44.69,1611.12,81.17,30.67
2021-02-13,February,Q1,2021,Central,Retail,Referral,Product_A,Rep_4,41937.92,16267.69,3445.02,2105.89,20289.13,1936.08,1515.88,3.53,602,284.7,1261,216,69,1408,38,5279,3.04,14,79,8.9,71,54,5.47,372.21,10818.6,15.95,38.79,678.28,76.06,33.26
2021-02-14,February,Q1,2021,West,Startup,Referral,Product_B,Rep_2,36130.91,10700.58,3542.2,1963.72,19880.51,2007.62,1245.57,0.64,196,459.33,1234,156,64,1326,53,18057,6.64,5,80,8.9,197,158,5.19,202.09,24344.49,22.71,29.62,1071.97,80.2,29.28
2021-02-15,February,Q1,2021,Central,Startup,Referral,Product_C,Rep_10,40004.38,17212.38,4495.84,3495.04,16569.88,1726.28,1936.53,19.92,295,232.75,1053,139,59,1133,48,8312,6.8,5,55,9.5,101,88,5.6,282.85,11172.0,32.34,43.03,345.45,87.13,37.99
2021-02-16,February,Q1,2021,West,Government,Online,Product_A,Rep_13,41380.49,16464.85,5825.51,3093.81,17215.77,1874.36,1652.89,15.0,693,419.34,1055,119,44,1130,34,16440,4.43,2,46,9.8,23,21,4.17,182.63,14257.56,48.95,39.79,291.27,91.3,39.22
2021-02-17,February,Q1,2021,South,Startup,Partner,Product_C,Rep_19,49049.37,18240.72,6420.65,4256.23,23100.01,1287.99,335.06,17.77,346,555.18,1217,201,83,1335,18,3369,3.58,11,60,8.0,66,56,6.82,184.09,9993.24,31.94,37.19,312.88,84.85,40.3
2021-02-18,February,Q1,2021,West,SMB,Online,Product_D,Rep_15,45561.94,10967.14,6013.7,3573.35,26806.15,1774.95,791.95,7.6,172,306.1,1207,126,62,1271,23,17192,4.79,6,47,6.0,102,87,5.14,82.37,7040.3,47.73,24.07,147.5,85.29,37.75
2021-02-19,February,Q1,2021,North,SMB,Referral,Product_B,Rep_1,35108.72,10808.05,3854.39,2241.04,18738.03,1708.25,1694.24,12.74,704,451.7,1135,181,31,1285,36,18450,2.15,10,35,7.5,61,45,2.73,180.41,16261.2,21.29,30.78,763.8,73.77,30.93
2021-02-20,February,Q1,2021,North,SMB,Referral,Product_E,Rep_17,45624.42,15020.15,4754.77,3298.62,24442.55,1406.95,1117.13,18.68,743,235.14,1214,227,34,1407,14,6432,1.82,4,54,8.9,99,96,2.8,215.9,3291.96,20.95,32.92,157.13,96.97,37.58
2021-02-21,February,Q1,2021,Central,Enterprise,Social,Product_A,Rep_20,42158.67,16591.68,4467.67,2543.76,19915.08,1184.24,235.32,11.56,753,428.5,1363,258,71,1550,37,1687,2.28,14,55,5.6,111,109,5.21,271.37,15854.5,17.32,39.36,915.39,98.2,30.93
2021-02-22,February,Q1,2021,South,Startup,Online,Product_C,Rep_4,40779.55,12216.71,6081.68,4712.75,21153.66,1327.5,935.09,15.03,505,308.24,1278,185,97,1366,15,14175,2.81,1,75,5.7,92,83,7.59,100.88,4623.6,32.87,29.96,140.66,90.22,31.91
2021-02-23,February,Q1,2021,North,SMB,Direct,Product_A,Rep_20,47302.63,22965.71,3917.02,2435.65,19016.9,1403.0,1648.48,19.74,448,240.83,1098,160,42,1216,53,1068,5.03,3,38,5.8,145,102,3.83,486.31,12763.99,24.48,48.55,521.4,70.34,43.08
2021-02-24,February,Q1,2021,West,Enterprise,Partner,Product_B,Rep_9,49479.32,15016.58,6961.35,4895.31,26086.45,1414.94,2467.9,5.38,768,300.69,1205,130,87,1248,47,11295,7.44,14,76,8.6,148,127,7.22,115.71,14132.43,53.55,30.35,263.91,85.81,41.06
2021-02-25,February,Q1,2021,South,SMB,Direct,Product_E,Rep_6,49060.8,12748.02,5912.18,4246.88,28585.64,1814.96,794.55,1.65,280,219.16,1140,190,75,1255,26,7774,3.15,9,52,7.7,148,132,6.58,115.62,5698.16,31.12,25.98,183.1,89.19,43.04
2021-02-26,February,Q1,2021,West,Retail,Direct,Product_D,Rep_3,40288.4,12508.29,4460.05,3143.81,21051.28,2268.78,1035.59,13.3,583,544.87,1185,216,41,1360,43,17803,8.05,10,42,7.1,119,119,3.46,180.45,23429.41,20.65,31.05,1134.6,100.0,34.0
2021-02-27,February,Q1,2021,Central,Enterprise,Partner,Product_D,Rep_2,43018.5,10935.73,5625.44,4337.33,24724.44,1732.89,1892.13,1.55,451,335.6,1187,148,26,1309,40,13190,8.18,7,82,6.0,123,123,2.19,94.4,13424.0,38.01,25.42,353.17,100.0,36.24
2021-02-28,February,Q1,2021,South,Startup,Referral,Product_C,Rep_18,46300.96,14521.0,5281.4,3006.91,25224.51,1274.05,822.46,19.16,641,259.49,1184,168,31,1321,21,11789,8.21,13,41,8.6,56,54,2.62,174.95,5449.29,31.44,31.36,173.32,96.43,39.11
2021-03-01,March,Q1,2021,East,Startup,Social,Product_D,Rep_19,49602.45,20419.83,7000.87,3681.17,21036.98,1144.77,270.98,17.98,179,347.24,1111,204,71,1244,32,7891,7.36,6,78,6.9,45,32,6.39,191.68,11111.68,34.32,41.17,323.77,71.11,44.65
2021-03-02,March,Q1,2021,South,Enterprise,Referral,Product_C,Rep_7,42408.93,9695.27,6066.56,3134.23,24617.99,2029.11,2012.17,22.04,341,303.14,1227,230,39,1418,27,11316,4.05,14,44,6.6,52,51,3.18,59.81,8184.78,26.38,22.86,310.26,98.08,34.56
2021-03-03,March,Q1,2021,South,Retail,Referral,Product_E,Rep_3,43956.59,19423.49,4814.15,3674.9,18166.76,1552.19,1073.51,15.99,325,478.92,1188,148,50,1286,58,1439,2.01,1,36,8.3,95,84,4.21,303.47,27777.36,32.53,44.19,853.9,88.42,37.0
2021-03-04,March,Q1,2021,Central,Startup,Online,Product_A,Rep_18,39433.29,13444.99,3918.8,3103.64,19984.53,2084.97,991.32,1.68,425,585.05,955,148,48,1055,30,18592,5.48,9,58,7.9,43,40,5.03,243.09,17551.5,26.48,34.1,662.82,93.02,41.29
2021-03-05,March,Q1,2021,North,Enterprise,Direct,Product_B,Rep_20,39064.01,15771.22,4744.89,2803.08,16736.09,1811.81,1213.33,6.33,104,361.11,1458,174,93,1539,40,19947,5.41,13,58,7.1,17,14,6.38,232.38,14444.4,27.27,40.37,529.68,82.35,26.79
2021-03-06,March,Q1,2021,East,Retail,Direct,Product_E,Rep_20,49187.75,19770.7,7076.42,5010.49,19790.26,2550.37,8.7,20.2,627,552.86,1365,150,37,1478,29,8466,7.45,9,43,8.3,136,108,2.71,179.39,16032.94,47.18,40.19,339.82,79.41,36.03
2021-03-07,March,Q1,2021,Central,Enterprise,Direct,Product_E,Rep_19,51986.41,20273.09,4925.52,2475.93,25182.57,1605.23,2420.31,4.18,788,420.36,1223,234,54,1403,55,18637,8.47,1,57,6.7,100,84,4.42,311.59,23119.8,21.05,39.0,1098.33,84.0,42.51
2021-03-08,March,Q1,2021,East,SMB,Social,Product_D,Rep_9,44925.23,16608.4,5553.1,3090.8,20621.05,2142.68,811.91,17.46,75,217.94,1266,230,62,1434,27,4209,5.06,14,76,8.9,113,84,4.9,199.08,5884.38,24.14,36.97,243.76,74.34,35.49
2021-03-09,March,Q1,2021,East,Government,Social,Product_D,Rep_16,50383.03,17534.71,6258.04,4423.07,25050.45,1539.83,999.93,19.51,490,473.09,1151,203,60,1294,12,4549,3.92,13,63,6.5,108,87,5.21,180.19,5677.08,30.83,34.8,184.14,80.56,43.77
2021-03-10,March,Q1,2021,East,Enterprise,Social,Product_B,Rep_6,47253.63,13971.92,6205.25,3225.28,24356.41,2720.05,411.36,8.25,246,371.56,1442,151,100,1493,59,17998,2.8,13,55,6.2,102,98,6.93,125.16,21922.04,41.09,29.57,533.51,96.08,32.77
2021-03-11,March,Q1,2021,East,Enterprise,Partner,Product_A,Rep_12,42299.93,19313.62,3773.57,2417.17,17290.0,1922.74,799.79,8.06,691,433.7,1466,270,44,1692,13,4078,1.53,6,64,8.9,47,33,3.0,411.81,5638.1,13.98,45.66,403.3,70.21,28.85
2021-03-12,March,Q1,2021,Central,Startup,Social,Product_E,Rep_6,47412.58,19548.74,6168.74,4310.56,20131.41,1563.69,1905.85,13.95,292,526.86,1296,186,89,1393,26,4490,5.06,7,45,8.5,92,69,6.87,216.9,13698.36,33.17,41.23,412.97,75.0,36.58
2021-03-13,March,Q1,2021,West,Enterprise,Online,Product_D,Rep_13,53375.87,16752.49,7666.5,5594.92,27313.95,1642.93,2135.01,21.53,773,364.93,1387,186,85,1488,50,4543,5.39,2,30,6.3,97,72,6.13,118.52,18246.5,41.22,31.39,442.66,74.23,38.48
2021-03-14,March,Q1,2021,South,Enterprise,Online,Product_E,Rep_5,45586.64,18743.02,4220.31,2684.73,21363.43,1259.88,2132.99,5.6,239,546.89,1306,202,70,1438,39,19284,7.27,10,71,6.0,178,146,5.36,344.11,21328.71,20.89,41.12,1021.0,82.02,34.91
2021-03-15,March,Q1,2021,East,Startup,Referral,Product_A,Rep_13,53669.06,16624.07,5185.94,3573.55,29294.44,2564.61,1082.05,23.53,787,486.53,1159,126,72,1213,12,7751,5.03,8,44,9.1,130,130,6.21,220.56,5838.36,41.16,30.98,141.85,100.0,46.31
2021-03-16,March,Q1,2021,South,Startup,Referral,Product_C,Rep_20,32827.2,9611.65,4858.35,3215.61,17413.46,943.74,1163.27,14.98,617,360.77,1255,220,56,1419,16,15906,7.92,8,50,8.8,113,85,4.46,97.84,5772.32,22.08,29.28,261.43,75.22,26.16
2021-03-17,March,Q1,2021,West,Retail,Referral,Product_A,Rep_7,50115.52,14753.94,4644.12,2394.93,28521.79,2195.67,1271.02,24.8,616,428.4,1313,208,37,1484,53,19096,5.9,6,64,6.9,51,38,2.82,217.69,22705.2,22.33,29.44,1016.8,74.51,38.17
2021-03-18,March,Q1,2021,South,SMB,Referral,Product_E,Rep_12,46521.32,13542.79,6504.0,4701.36,25051.66,1422.87,1870.21,2.24,325,292.75,1259,149,75,1333,33,15425,7.38,9,59,8.3,96,94,5.96,108.22,9660.75,43.65,29.11,221.32,97.92,36.95
2021-03-19,March,Q1,2021,West,Retail,Online,Product_E,Rep_4,44671.13,15772.29,5113.03,2820.9,21709.55,2076.26,1591.5,3.16,458,579.57,1286,153,66,1373,47,19713,2.54,3,65,6.0,185,178,5.13,208.47,27239.79,33.42,35.31,815.07,96.22,34.74
2021-03-20,March,Q1,2021,South,Startup,Referral,Product_B,Rep_5,46705.05,14735.58,4544.69,2315.71,24968.21,2456.57,859.15,20.67,389,454.73,1303,154,76,1381,57,12811,7.49,2,73,7.7,157,111,5.83,224.24,25919.61,29.51,31.55,878.33,70.7,35.84
2021-03-21,March,Q1,2021,South,Retail,Online,Product_E,Rep_16,36388.48,12839.68,5129.05,3258.74,16559.53,1860.22,612.55,21.62,202,155.39,1308,138,53,1393,24,18578,6.23,2,60,5.6,45,42,4.05,150.33,3729.36,37.17,35.29,100.33,93.33,27.82
2021-03-22,March,Q1,2021,West,Enterprise,Social,Product_D,Rep_4,45308.05,17087.11,5036.96,3826.53,20898.91,2285.07,571.88,11.14,614,288.61,1326,211,99,1438,12,7781,2.69,6,57,7.2,7,6,7.47,239.23,3463.32,23.87,37.71,145.09,85.71,34.17
2021-03-23,March,Q1,2021,East,Government,Social,Product_B,Rep_8,48272.05,14416.78,5601.35,3054.13,26926.01,1327.91,1391.48,17.85,447,409.42,1218,224,67,1375,27,18762,2.83,7,55,5.8,125,116,5.5,157.38,11054.34,25.01,29.87,442.0,92.8,39.63
2021-03-24,March,Q1,2021,East,SMB,Partner,Product_E,Rep_16,53956.04,20613.06,5673.28,2858.52,26399.82,1269.88,2600.26,21.69,493,161.11,1257,128,32,1353,52,16563,7.99,6,63,7.5,81,69,2.55,263.34,8377.72,44.32,38.2,189.03,85.19,42.92
2021-03-25,March,Q1,2021,North,Retail,Referral,Product_A,Rep_8,44055.3,11932.79,5353.01,2853.12,24656.7,2112.8,440.7,1.08,672,162.54,1204,126,57,1273,33,15797,1.73,11,76,7.3,99,99,4.73,122.92,5363.82,42.48,27.09,126.27,100.0,36.59
2021-03-26,March,Q1,2021,North,SMB,Social,Product_E,Rep_17,42684.26,13203.74,3903.33,2377.51,24094.6,1482.59,203.29,14.35,476,332.86,1434,226,94,1566,43,18133,4.74,3,49,7.4,17,12,6.56,238.27,14312.98,17.27,30.93,828.78,70.59,29.77
2021-03-27,March,Q1,2021,North,Startup,Social,Product_A,Rep_14,44298.02,12572.58,4756.53,3206.15,25316.87,1652.04,264.46,21.34,536,284.9,1130,206,76,1260,27,1300,3.69,5,29,5.7,109,84,6.73,164.32,7692.3,23.09,28.38,333.14,77.06,39.2
2021-03-28,March,Q1,2021,Central,Retail,Direct,Product_A,Rep_12,51463.9,12740.83,7609.39,4245.31,30020.28,1093.4,2015.07,9.95,253,347.21,1460,194,73,1581,26,5695,6.16,8,80,7.1,22,18,5.0,67.44,9027.46,39.22,24.76,230.17,81.82,35.25
2021-03-29,March,Q1,2021,West,Government,Direct,Product_E,Rep_3,48610.72,18732.17,4767.22,3530.55,23634.39,1476.94,850.94,7.56,161,262.77,1487,201,110,1578,57,13174,7.38,6,82,8.8,41,34,7.4,292.94,14977.89,23.72,38.54,631.45,82.93,32.69
2021-03-30,March,Q1,2021,East,Startup,Online,Product_A,Rep_20,44398.25,17266.83,5592.92,4060.4,20590.73,947.77,498.07,19.89,374,244.04,1322,211,48,1485,53,17222,4.02,2,55,7.1,175,171,3.63,208.73,12934.12,26.51,38.89,487.9,97.71,33.58
2021-03-31,March,Q1,2021,East,SMB,Partner,Product_C,Rep_2,49693.46,16181.66,5106.66,3619.39,25663.68,2741.46,876.7,8.39,307,478.45,1096,140,49,1187,23,17661,4.49,7,73,8.6,166,144,4.47,216.87,11004.35,36.48,32.56,301.65,86.75,45.34
2021-04-01,April,Q2,2021,East,Enterprise,Direct,Product_B,Rep_13,47692.59,17259.31,6397.63,4134.41,22617.47,1418.18,1538.87,0.08,577,372.88,1324,136,98,1362,12,11750,8.37,8,84,7.1,59,42,7.4,169.78,4474.56,47.04,36.19,95.12,71.19,36.02
2021-04-02,April,Q2,2021,South,Government,Partner,Product_E,Rep_11,52130.51,18158.65,4648.02,2833.27,27119.06,2204.78,1425.21,23.99,399,245.64,1358,236,100,1494,28,8307,6.99,4,23,7.3,56,46,7.36,290.67,6877.92,19.7,34.83,349.13,82.14,38.39
2021-04-03,April,Q2,2021,Central,SMB,Social,Product_C,Rep_12,43857.1,12693.83,6485.92,3973.77,23731.83,945.52,1630.58,14.8,727,301.31,1267,206,77,1396,52,19545,7.78,12,74,7.9,40,33,6.08,95.71,15668.12,31.49,28.94,497.56,82.5,34.61
2021-04-04,April,Q2,2021,Central,Government,Online,Product_A,Rep_18,45809.14,13920.48,5119.87,3332.63,24630.7,2138.09,776.63,20.49,484,410.34,1321,209,95,1435,39,14818,4.57,1,73,9.6,186,184,7.19,171.89,16003.26,24.5,30.39,653.19,98.92,34.68
2021-04-05,April,Q2,2021,Central,Retail,Partner,Product_A,Rep_9,45566.99,18028.33,4398.29,2301.16,21640.25,1500.12,1029.88,20.63,475,167.54,1529,266,39,1756,18,2389,3.14,2,83,6.0,191,168,2.55,309.89,3015.72,16.53,39.56,182.44,87.96,29.8
2021-04-06,April,Q2,2021,West,SMB,Direct,Product_B,Rep_7,40290.03,17146.08,3430.49,2417.44,17460.57,2252.89,205.42,1.66,329,216.23,1447,242,104,1585,20,9882,4.38,4,41,5.6,118,105,7.19,399.81,4324.6,14.18,42.56,304.98,88.98,27.84
2021-04-07,April,Q2,2021,South,Enterprise,Social,Product_C,Rep_6,49168.29,18019.51,4517.73,2735.27,23900.99,2730.06,179.61,4.27,420,181.23,1292,156,51,1397,33,11040,6.51,7,44,8.1,56,51,3.95,298.86,5980.59,28.96,36.65,206.51,91.07,38.06
2021-04-08,April,Q2,2021,South,Startup,Referral,Product_C,Rep_14,49073.04,20713.01,5711.33,3240.77,21028.72,1619.98,1134.21,7.78,719,511.18,1229,166,38,1357,37,7141,2.27,2,78,9.6,23,21,3.09,262.67,18913.66,34.41,42.21,549.66,91.3,39.93
2021-04-09,April,Q2,2021,East,SMB,Social,Product_E,Rep_18,47873.42,12559.68,4959.22,2893.7,27671.77,2682.75,721.92,8.02,298,493.0,1360,153,47,1466,23,14110,3.39,6,76,9.8,144,128,3.46,153.26,11339.0,32.41,26.24,349.86,88.89,35.2
2021-04-10,April,Q2,2021,East,Retail,Direct,Product_A,Rep_14,46754.99,15567.37,6453.21,3575.65,21936.3,2798.11,1432.57,16.47,230,481.48,1375,155,62,1468,18,6969,1.83,2,73,7.6,96,74,4.51,141.23,8666.64,41.63,33.3,208.18,77.08,34.0
2021-04-11,April,Q2,2021,South,Government,Direct,Product_D,Rep_5,40931.15,16615.16,4509.06,3474.1,17636.9,2170.03,88.01,15.58,752,460.83,1450,243,51,1642,57,14162,4.53,12,63,7.5,143,138,3.52,268.48,26267.31,18.56,40.59,1415.26,96.5,28.23
2021-04-12,April,Q2,2021,East,Enterprise,Referral,Product_E,Rep_20,45984.86,20403.73,4479.39,2466.85,18627.99,2473.75,279.97,12.36,700,452.31,1351,251,53,1549,58,10131,7.29,7,71,8.3,52,48,3.92,355.5,26233.98,17.85,44.37,1469.69,92.31,34.04
2021-04-13,April,Q2,2021,West,Government,Social,Product_E,Rep_13,46454.6,14757.47,5723.21,4377.56,24582.12,1391.8,2009.6,5.28,127,368.51,1460,287,41,1706,26,6037,1.67,2,35,7.9,105,97,2.81,157.85,9581.26,19.94,31.77,480.5,92.38,31.82
2021-04-14,April,Q2,2021,West,Startup,Partner,Product_E,Rep_1,44236.86,13274.46,5727.54,3847.03,23329.66,1905.2,1252.59,9.55,385,427.26,1606,262,61,1807,49,15693,6.23,3,35,8.2,103,103,3.8,131.77,20935.74,21.86,30.01,957.72,100.0,27.54
2021-04-15,April,Q2,2021,Central,Retail,Partner,Product_B,Rep_12,47521.9,19840.21,4357.42,3312.66,22245.99,1078.28,1691.91,13.59,99,176.54,1498,177,81,1594,32,3451,8.03,9,74,9.3,148,139,5.41,355.32,5649.28,24.62,41.75,229.46,93.92,31.72
2021-04-16,April,Q2,2021,North,Government,Social,Product_B,Rep_19,50428.66,23707.9,4625.99,2970.9,20894.73,1200.04,2122.98,11.7,134,411.96,1416,157,66,1507,25,1024,3.16,13,80,8.7,51,48,4.66,412.49,10299.0,29.46,47.01,349.59,94.12,35.61
2021-04-17,April,Q2,2021,East,Government,Partner,Product_E,Rep_10,57919.42,21751.73,4782.23,3721.96,27912.86,3472.6,1343.25,3.18,744,494.26,1406,255,57,1604,13,6962,6.36,4,59,7.6,71,70,4.05,354.84,6425.38,18.75,37.56,342.69,98.59,41.19
2021-04-18,April,Q2,2021,East,SMB,Social,Product_D,Rep_5,49441.46,18448.73,6503.93,3664.62,22853.99,1634.81,1881.4,16.24,744,372.58,1393,220,90,1523,19,3556,8.33,14,40,7.5,35,26,6.46,183.66,7079.02,29.56,37.31,239.48,74.29,35.49
2021-04-19,April,Q2,2021,Central,Government,Social,Product_C,Rep_20,49936.4,14390.79,6315.27,4208.54,26737.15,2493.19,1309.8,1.83,53,304.52,1550,251,114,1687,56,17444,8.24,5,27,8.3,80,68,7.35,127.87,17053.12,25.16,28.82,677.79,85.0,32.22
2021-04-20,April,Q2,2021,North,Startup,Direct,Product_C,Rep_6,48356.5,15152.68,5475.12,2944.25,25201.27,2527.43,538.57,9.45,366,269.19,1374,245,90,1529,17,8675,3.14,9,29,7.5,12,10,6.55,176.76,4576.23,22.35,31.34,204.75,83.33,35.19
2021-04-21,April,Q2,2021,North,SMB,Online,Product_A,Rep_12,39214.95,13084.8,5454.48,3459.05,18545.48,2130.19,662.06,17.75,160,457.97,1445,246,58,1633,48,17506,2.2,7,76,7.5,193,154,4.01,139.89,21982.56,22.17,33.37,991.55,79.79,27.14
2021-04-22,April,Q2,2021,Central,Government,Direct,Product_C,Rep_3,48756.32,17558.1,6650.21,4462.1,21627.26,2920.75,1195.38,0.5,383,453.25,1450,266,94,1622,48,6616,2.54,8,23,5.6,48,46,6.48,164.02,21756.0,25.0,36.01,870.24,95.83,33.63
2021-04-23,April,Q2,2021,East,Retail,Partner,Product_C,Rep_14,49270.12,12404.16,5960.44,4063.25,29444.18,1461.34,780.65,14.25,182,566.35,1398,148,41,1505,44,11294,6.41,11,62,6.2,182,169,2.93,108.11,24919.4,40.27,25.18,618.81,92.86,35.24
2021-04-24,April,Q2,2021,East,Retail,Online,Product_D,Rep_4,61365.26,21281.88,8638.94,5266.8,30118.09,1326.35,1029.49,8.36,661,308.42,1315,230,37,1508,52,18570,6.58,3,82,7.6,39,36,2.81,146.35,16037.84,37.56,34.68,426.99,92.31,46.67
2021-04-25,April,Q2,2021,East,SMB,Social,Product_C,Rep_17,48167.32,15966.92,4547.42,2377.85,25897.39,1755.59,812.57,0.22,733,497.32,1489,276,61,1704,17,15010,6.22,11,62,9.0,193,193,4.1,251.12,8454.44,16.48,33.15,513.01,100.0,32.35
2021-04-26,April,Q2,2021,Central,Enterprise,Partner,Product_D,Rep_17,50716.95,23271.57,4454.69,3103.13,21712.46,1278.23,311.5,4.76,168,407.37,1454,187,100,1541,37,14394,3.85,11,70,6.7,187,145,6.88,422.41,15072.69,23.82,45.89,632.77,77.54,34.88
2021-04-27,April,Q2,2021,Central,Retail,Referral,Product_B,Rep_14,49115.73,18816.37,4856.68,3139.99,24416.31,1026.37,207.86,23.52,399,572.58,1514,248,53,1709,50,10922,2.69,4,75,7.7,198,182,3.5,287.43,28629.0,19.58,38.31,1462.16,91.92,32.44
2021-04-28,April,Q2,2021,North,Government,Partner,Product_D,Rep_15,43525.98,20721.83,3656.01,1978.13,17650.1,1498.04,101.19,13.03,736,377.58,1415,186,34,1567,52,5089,5.57,7,62,7.0,18,16,2.4,466.79,19634.16,19.66,47.61,998.69,88.89,30.76
2021-04-29,April,Q2,2021,Central,Retail,Online,Product_B,Rep_7,55163.56,18224.81,6464.17,5046.98,27641.96,2832.62,306.04,24.93,591,371.73,1595,312,45,1862,48,15448,4.89,4,43,6.0,114,91,2.82,181.94,17843.04,20.72,33.04,861.15,79.82,34.59
2021-04-30,April,Q2,2021,North,Startup,Online,Product_D,Rep_4,53289.19,11669.63,7756.9,6102.36,31590.02,2272.64,915.79,13.12,104,402.49,1389,144,99,1434,25,3472,6.6,2,53,9.6,8,6,7.13,50.44,10062.25,53.87,21.9,186.79,75.0,38.37
2021-05-01,May,Q2,2021,North,SMB,Social,Product_E,Rep_17,53564.77,21848.72,4432.7,3355.47,25541.9,1741.45,1590.53,13.6,410,487.51,1652,261,96,1817,48,11469,4.59,14,78,9.2,149,144,5.81,392.9,23400.48,16.98,40.79,1378.12,96.64,32.42
2021-05-02,May,Q2,2021,West,Enterprise,Referral,Product_B,Rep_6,45142.75,20651.87,3997.29,3010.6,18409.18,2084.41,424.67,9.8,757,566.85,1310,153,46,1417,19,8450,3.87,10,21,5.8,116,102,3.51,416.65,10770.15,26.13,45.75,412.18,87.93,34.46
2021-05-03,May,Q2,2021,North,Government,Social,Product_B,Rep_11,56783.74,25715.89,6340.13,3357.74,23065.05,1662.67,2521.22,7.75,502,183.32,1532,262,82,1712,50,3964,3.55,6,21,8.6,73,69,5.35,305.61,9166.0,24.2,45.29,378.76,94.52,37.07
2021-05-04,May,Q2,2021,South,Enterprise,Referral,Product_C,Rep_12,42840.59,15270.79,6227.79,4969.94,20460.55,881.46,1731.58,6.29,602,190.99,1540,181,80,1641,24,9104,2.98,9,29,7.0,156,135,5.19,145.2,4583.76,34.41,35.65,133.21,86.54,27.82
2021-05-05,May,Q2,2021,South,Enterprise,Referral,Product_B,Rep_15,52864.22,21953.98,5399.07,3348.04,22837.61,2673.56,1375.86,8.59,734,573.41,1417,175,84,1508,24,18694,3.36,2,42,9.8,53,41,5.93,306.63,13761.84,30.85,41.53,446.09,77.36,37.31
2021-05-06,May,Q2,2021,West,Enterprise,Social,Product_D,Rep_12,60962.29,26510.87,7041.54,3865.36,24669.64,2740.24,2207.47,11.5,379,385.51,1543,231,52,1722,51,3212,2.16,1,34,6.8,59,47,3.37,276.49,19661.01,30.48,43.49,645.05,79.66,39.51
2021-05-07,May,Q2,2021,East,Retail,Partner,Product_E,Rep_11,45137.41,14234.31,3742.35,2782.93,24881.67,2279.08,826.76,4.8,268,420.53,1632,313,117,1828,54,10454,3.93,8,36,6.5,155,126,7.17,280.36,22708.62,11.96,31.54,1898.71,81.29,27.66
2021-05-08,May,Q2,2021,South,SMB,Direct,Product_E,Rep_17,47338.68,18762.87,4278.66,2429.08,23276.65,1020.5,87.05,5.62,257,376.08,1287,156,50,1393,39,7792,1.76,1,33,7.9,85,84,3.89,338.52,14667.12,27.43,39.64,534.71,98.82,36.78
2021-05-09,May,Q2,2021,East,Startup,Referral,Product_C,Rep_8,50748.51,17234.31,7564.78,4976.51,23235.15,2714.27,2294.68,6.79,719,183.89,1563,179,96,1646,29,10554,2.8,1,35,9.1,144,101,6.14,127.82,5332.81,42.26,33.96,126.19,70.14,32.47
2021-05-10,May,Q2,2021,East,Startup,Online,Product_D,Rep_12,47812.95,10884.33,7055.2,3798.55,27732.31,2141.11,305.51,11.23,789,514.1,1267,223,27,1463,30,9703,6.73,3,51,6.3,143,142,2.13,54.27,15423.0,31.64,22.76,487.45,99.3,37.74
2021-05-11,May,Q2,2021,Central,Government,Social,Product_D,Rep_9,42657.09,19361.65,3427.32,2201.69,18053.67,1814.45,2021.81,16.32,134,505.58,1424,214,60,1578,49,14219,3.78,5,42,8.6,119,118,4.21,464.92,24773.42,16.02,45.39,1546.41,99.16,29.96
2021-05-12,May,Q2,2021,West,SMB,Partner,Product_A,Rep_11,50833.31,11041.24,7453.53,4974.8,30051.83,2286.71,1453.53,21.4,734,292.84,1687,323,69,1941,43,16399,6.18,13,53,5.8,79,79,4.09,48.13,12592.12,23.08,21.72,545.59,100.0,30.13
2021-05-13,May,Q2,2021,Central,SMB,Referral,Product_B,Rep_3,45259.05,16197.8,5645.54,3578.01,20945.59,2470.12,691.47,7.18,294,287.69,1470,169,77,1562,33,19229,6.52,12,35,9.5,102,86,5.24,186.91,9493.77,33.41,35.79,284.16,84.31,30.79
2021-05-14,May,Q2,2021,West,SMB,Partner,Product_C,Rep_7,53018.61,12623.07,7462.6,3886.87,30627.83,2305.11,1313.6,4.59,734,537.34,1415,233,34,1614,13,8660,5.57,9,53,5.8,131,130,2.4,69.15,6985.42,32.03,23.81,218.09,99.24,37.47
2021-05-15,May,Q2,2021,South,Enterprise,Social,Product_E,Rep_3,46133.61,14963.05,5159.2,3330.17,24016.63,1994.73,1157.1,9.47,384,193.51,1517,187,102,1602,24,2702,8.21,11,52,9.4,115,94,6.72,190.03,4644.24,27.59,32.43,168.33,81.74,30.41
2021-05-16,May,Q2,2021,South,Government,Online,Product_A,Rep_16,58560.48,15163.62,6798.39,4355.61,33106.67,3491.8,68.19,22.36,261,538.44,1747,202,58,1891,34,17774,1.65,10,62,7.6,105,74,3.32,123.05,18306.96,33.66,25.89,543.88,70.48,33.52
2021-05-17,May,Q2,2021,Central,Government,Referral,Product_D,Rep_10,46974.62,11213.25,5365.41,3103.82,28034.58,2361.38,834.88,0.25,645,260.23,1361,229,83,1507,36,18038,6.67,2,83,7.4,118,91,6.1,108.99,9368.28,23.43,23.87,399.84,77.12,34.51
2021-05-18,May,Q2,2021,Central,Startup,Referral,Product_B,Rep_7,49360.66,18655.7,6253.03,4855.36,22591.44,1860.49,1826.01,16.95,734,403.62,1443,230,98,1575,39,5271,8.21,12,37,9.7,33,32,6.79,198.35,15741.18,27.19,37.79,578.93,96.97,34.21
2021-05-19,May,Q2,2021,North,Retail,Partner,Product_E,Rep_20,55118.64,14865.58,4948.31,3094.36,32642.75,2662.0,1405.72,11.93,232,575.29,1702,299,91,1910,22,9955,7.54,12,80,9.8,66,46,5.35,200.42,12656.38,16.55,26.97,764.74,69.7,32.38
2021-05-20,May,Q2,2021,East,SMB,Social,Product_A,Rep_15,44976.81,18190.26,3692.51,2803.48,21494.25,1599.79,549.23,4.03,182,461.83,1742,228,112,1858,44,12459,2.68,1,39,8.3,57,49,6.43,392.63,20320.52,16.2,40.44,1254.35,85.96,25.82
2021-05-21,May,Q2,2021,South,Startup,Direct,Product_D,Rep_10,52348.51,20530.43,5316.26,2833.03,24975.6,1526.22,877.13,8.03,399,322.99,1550,224,93,1681,35,7674,3.79,1,30,6.0,121,87,6.0,286.18,11304.65,23.73,39.22,476.39,71.9,33.77
2021-05-22,May,Q2,2021,South,SMB,Referral,Product_E,Rep_12,57827.01,20743.75,7478.63,4454.74,27067.52,2537.11,2495.39,5.62,331,455.74,1441,203,60,1584,13,18469,2.71,8,65,7.7,180,141,4.16,177.37,5924.62,36.84,35.87,160.82,78.33,40.13
2021-05-23,May,Q2,2021,North,Government,Online,Product_E,Rep_18,43333.96,14753.55,4079.01,2255.28,22025.85,2475.55,1138.71,21.95,342,291.32,1778,353,122,2009,41,6446,5.71,10,83,7.8,95,69,6.86,261.69,11944.12,11.56,34.05,1033.23,72.63,24.37
2021-05-24,May,Q2,2021,East,Retail,Referral,Product_D,Rep_9,52374.62,20157.16,6658.92,4145.33,22564.51,2994.03,1383.61,12.05,318,265.78,1732,224,65,1891,28,2963,6.49,10,47,7.7,110,105,3.75,202.71,7441.84,29.73,38.49,250.31,95.45,30.24
2021-05-25,May,Q2,2021,South,Government,Referral,Product_D,Rep_9,52830.95,16255.43,7813.37,4168.36,26983.0,1779.15,2539.76,14.08,246,604.02,1644,213,89,1768,51,10977,3.72,10,67,7.9,90,79,5.41,108.05,30805.02,36.68,30.77,839.83,87.78,32.14
2021-05-26,May,Q2,2021,Central,Government,Direct,Product_C,Rep_4,55520.73,20208.37,4806.6,3039.26,28223.46,2282.3,890.78,14.84,586,480.53,1499,203,97,1605,45,11466,5.28,2,54,5.6,132,128,6.47,320.43,21623.85,23.68,36.4,913.17,96.97,37.04
2021-05-27,May,Q2,2021,South,Government,Direct,Product_E,Rep_5,45506.94,13291.31,5783.12,3505.5,25137.14,1295.37,1091.12,15.99,702,437.11,1580,247,68,1759,49,6177,6.34,13,27,8.6,198,179,4.3,129.83,21418.39,23.41,29.21,914.92,90.4,28.8
2021-05-28,May,Q2,2021,West,Retail,Social,Product_D,Rep_7,45169.49,11851.67,5016.64,2844.41,25598.9,2702.28,1833.23,12.39,784,293.61,1573,197,60,1710,33,12160,4.45,9,41,8.6,104,103,3.81,136.25,9689.13,25.47,26.24,380.41,99.04,28.72
2021-05-29,May,Q2,2021,North,SMB,Referral,Product_A,Rep_7,54461.56,16986.4,7666.55,5310.27,26582.05,3226.56,2066.58,0.45,69,173.99,1626,311,77,1860,16,5572,7.48,9,43,6.0,180,154,4.74,121.57,2783.84,24.65,31.19,112.93,85.56,33.49
2021-05-30,May,Q2,2021,North,Startup,Referral,Product_B,Rep_11,53416.86,21428.31,4935.74,3875.91,24596.68,2456.13,709.91,8.37,762,163.54,1742,220,120,1842,59,8543,6.9,2,83,8.0,98,87,6.89,334.15,9648.86,22.44,40.12,429.98,88.78,30.66
2021-05-31,May,Q2,2021,East,Startup,Partner,Product_C,Rep_10,53264.48,19573.24,6843.62,3847.03,24068.46,2779.16,402.39,4.6,454,392.09,1689,320,128,1881,51,9907,1.95,3,84,7.9,191,167,7.58,186.01,19996.59,21.39,36.75,934.86,87.43,31.54
2021-06-01,June,Q2,2021,South,SMB,Partner,Product_D,Rep_11,53824.33,20119.7,7463.72,5325.64,23624.83,2616.08,1885.75,17.0,164,491.02,1497,165,79,1583,27,17626,5.85,2,33,8.4,189,160,5.28,169.57,13257.54,45.23,37.38,293.11,84.66,35.95
2021-06-02,June,Q2,2021,West,Retail,Online,Product_B,Rep_18,48772.05,19441.57,7126.72,5150.58,20071.14,2132.62,628.32,1.42,750,393.62,1746,289,104,1931,24,7510,3.15,6,44,5.9,80,76,5.96,172.8,9446.88,24.66,39.86,383.09,95.0,27.93
2021-06-03,June,Q2,2021,North,Retail,Online,Product_C,Rep_12,53413.52,20379.88,6827.71,4434.16,25023.68,1182.25,2464.17,14.1,75,520.2,1644,314,122,1836,37,18221,5.4,7,22,8.2,7,6,7.42,198.49,19247.4,21.74,38.15,885.34,85.71,32.49
2021-06-04,June,Q2,2021,East,Startup,Partner,Product_E,Rep_16,53797.69,21140.22,6176.09,4751.27,24426.82,2054.56,347.66,5.27,615,150.28,1685,197,44,1838,42,4323,8.2,12,24,6.7,85,80,2.61,242.29,6311.76,31.35,39.3,201.33,94.12,31.93
2021-06-05,June,Q2,2021,South,Government,Online,Product_B,Rep_4,48840.66,11549.63,6019.58,4754.97,28976.36,2295.09,777.34,23.72,731,333.1,1767,348,60,2055,50,10537,7.65,6,84,7.7,109,102,3.4,91.87,16655.0,17.3,23.65,962.72,93.58,27.64
2021-06-06,June,Q2,2021,East,Government,Referral,Product_C,Rep_17,61821.37,18579.41,8705.89,5299.05,31624.21,2911.86,169.35,8.39,444,250.35,1513,220,95,1638,59,11615,4.33,3,73,8.8,36,27,6.28,113.41,14770.65,39.57,30.05,373.28,75.0,40.86
2021-06-07,June,Q2,2021,North,Retail,Direct,Product_D,Rep_17,54941.74,20640.34,6589.86,4582.0,25792.7,1918.84,1932.04,8.13,430,350.3,1625,316,113,1828,34,2432,3.54,12,38,8.5,12,11,6.95,213.21,11910.2,20.85,37.57,571.23,91.67,33.81
2021-06-08,June,Q2,2021,North,Startup,Referral,Product_D,Rep_5,46696.14,16068.68,3835.02,2679.39,24099.58,2692.86,2080.93,23.08,572,192.68,1579,265,113,1731,59,8655,3.14,3,73,6.0,91,69,7.16,319.0,11368.12,14.47,34.41,785.63,75.82,29.57
2021-06-09,June,Q2,2021,South,SMB,Partner,Product_C,Rep_13,56015.5,22423.01,8131.57,5050.44,23965.63,1495.29,1780.94,10.43,588,614.65,1480,193,66,1607,23,9431,5.23,12,29,8.0,34,30,4.46,175.75,14136.95,42.13,40.03,335.56,88.24,37.85
2021-06-10,June,Q2,2021,North,Government,Social,Product_E,Rep_3,47939.4,16438.89,6149.04,3658.91,23433.2,1918.27,2247.77,24.07,132,238.02,1675,199,42,1832,25,9330,2.3,2,35,9.7,147,133,2.51,167.34,5950.5,30.9,34.29,192.57,90.48,28.62
2021-06-11,June,Q2,2021,West,Government,Social,Product_C,Rep_17,56828.32,17034.96,7237.42,5646.08,29848.9,2707.04,365.13,0.6,599,569.54,1896,247,88,2055,29,12385,5.34,2,65,6.2,78,78,4.64,135.37,16516.66,29.3,29.98,563.71,100.0,29.97
2021-06-12,June,Q2,2021,Central,Retail,Partner,Product_A,Rep_11,58765.95,21110.95,5588.48,4118.68,29252.49,2814.03,257.79,7.66,494,334.57,1465,160,50,1575,38,9611,1.51,11,48,9.2,187,133,3.41,277.76,12713.66,34.93,35.92,363.98,71.12,40.11
2021-06-13,June,Q2,2021,West,Enterprise,Referral,Product_C,Rep_1,48949.64,17013.75,6173.63,3298.81,23513.24,2249.02,2052.0,16.65,136,588.1,1649,189,62,1776,39,14872,3.77,12,34,8.5,127,92,3.76,175.59,22935.9,32.66,34.76,702.26,72.44,29.68
2021-06-14,June,Q2,2021,North,SMB,Online,Product_C,Rep_18,57950.01,15220.47,6233.71,3341.05,34698.71,1797.12,2478.84,22.27,436,392.13,1721,190,114,1797,29,17687,3.04,5,67,8.8,125,90,6.62,144.16,11371.77,32.81,26.26,346.59,72.0,33.67
2021-06-15,June,Q2,2021,Central,Retail,Online,Product_D,Rep_17,55277.12,15041.04,6942.05,5392.33,31843.1,1450.93,2296.87,6.41,717,557.61,1673,238,41,1870,27,3162,8.3,11,30,6.7,42,34,2.45,116.67,15055.47,29.17,27.21,516.13,80.95,33.04
2021-06-16,June,Q2,2021,North,Startup,Social,Product_E,Rep_9,57403.59,19656.13,5020.6,2632.92,30118.58,2608.28,2293.17,23.26,447,152.0,1653,297,115,1835,27,7486,6.59,11,53,6.7,147,139,6.96,291.51,4104.0,16.9,34.24,242.84,94.56,34.73
2021-06-17,June,Q2,2021,East,Enterprise,Partner,Product_C,Rep_20,62857.34,19869.4,7923.12,5597.89,32300.85,2763.97,1138.44,14.85,335,471.96,1539,176,70,1645,24,5102,3.95,8,55,9.4,162,154,4.55,150.78,11327.04,45.02,31.61,251.6,95.06,40.84
2021-06-18,June,Q2,2021,East,Retail,Partner,Product_B,Rep_7,52226.51,15601.87,7831.83,4448.69,27373.59,1419.22,567.86,20.03,747,565.84,1696,192,95,1793,40,16948,2.15,6,49,7.0,178,164,5.6,99.21,22633.6,40.79,29.87,554.88,92.13,30.79
2021-06-19,June,Q2,2021,West,Enterprise,Direct,Product_D,Rep_5,49764.85,21307.18,4149.14,2118.37,21909.59,2398.94,2311.09,9.93,743,213.42,1601,263,41,1823,20,11418,5.12,9,38,5.8,196,190,2.56,413.53,4268.4,15.78,42.82,270.49,96.94,31.08
2021-06-20,June,Q2,2021,East,Retail,Social,Product_D,Rep_16,49166.04,16439.32,7296.35,3778.72,23551.89,1878.48,754.7,5.3,418,197.48,1462,175,59,1578,37,2168,2.99,11,52,8.1,158,126,4.04,125.31,7306.76,41.69,33.44,175.26,79.75,33.63
2021-06-21,June,Q2,2021,West,Startup,Partner,Product_C,Rep_7,49614.64,21677.34,5382.37,3294.32,20237.41,2317.52,988.34,22.78,704,336.4,1804,198,46,1956,39,1415,5.26,5,41,6.0,119,86,2.55,302.75,13119.6,27.18,43.69,482.69,72.27,27.5
2021-06-22,June,Q2,2021,West,Startup,Direct,Product_B,Rep_13,53388.27,16574.04,7525.22,3937.77,26433.02,2855.99,1867.41,23.33,471,566.49,1785,208,139,1854,52,11905,7.35,10,55,8.9,113,81,7.79,120.25,29457.48,36.18,31.04,814.19,71.68,29.91
2021-06-23,June,Q2,2021,East,SMB,Online,Product_C,Rep_13,55559.61,18325.73,7487.6,5084.02,28257.89,1488.39,814.94,12.44,767,396.95,1698,327,116,1909,24,14432,5.81,4,42,8.3,82,78,6.83,144.75,9526.8,22.9,32.98,416.02,95.12,32.72
2021-06-24,June,Q2,2021,South,Government,Social,Product_B,Rep_15,55317.39,22901.02,6621.0,4596.14,24646.66,1148.71,2265.61,0.16,703,375.72,1720,313,82,1951,47,6243,5.94,9,82,9.3,199,183,4.77,245.88,17658.84,21.15,41.4,834.93,91.96,32.16
2021-06-25,June,Q2,2021,North,SMB,Social,Product_D,Rep_17,58149.93,13045.28,7657.85,4686.91,34471.61,2975.19,203.63,2.74,746,209.93,1808,245,60,1993,20,17533,5.29,12,45,8.9,40,36,3.32,70.35,4198.6,31.26,22.43,134.31,90.0,32.16
2021-06-26,June,Q2,2021,North,Enterprise,Partner,Product_B,Rep_17,54159.1,12577.1,7663.3,5539.52,31514.69,2404.01,2142.49,14.33,492,141.76,1727,286,131,1882,58,6899,7.99,10,79,6.0,94,75,7.59,64.12,8222.08,26.79,23.22,306.91,79.79,31.36
2021-06-27,June,Q2,2021,South,Startup,Partner,Product_C,Rep_19,61441.84,18389.29,6653.53,4304.92,33450.7,2948.32,1848.94,0.59,569,505.65,1799,277,73,2003,25,1838,8.02,11,24,7.1,163,133,4.06,176.38,12641.25,24.02,29.93,526.28,81.6,34.15
2021-06-28,June,Q2,2021,East,Government,Referral,Product_A,Rep_10,52930.97,17832.67,5446.19,3426.03,26818.92,2833.19,1516.46,9.92,633,168.31,1683,282,50,1915,23,7144,5.09,14,73,8.8,44,43,2.97,227.43,3871.13,19.31,33.69,200.47,97.73,31.45
2021-06-29,June,Q2,2021,South,Enterprise,Online,Product_A,Rep_2,67935.18,16791.01,8609.53,5355.96,38994.37,3540.27,1557.0,7.58,337,448.62,1848,311,99,2060,43,10888,3.64,5,57,7.3,78,56,5.36,95.03,19290.66,27.68,24.72,696.92,71.79,36.76
2021-06-30,June,Q2,2021,East,Startup,Online,Product_B,Rep_14,57542.75,21802.0,7857.42,4944.93,24520.72,3362.61,797.1,17.86,144,554.71,1753,286,134,1905,49,13531,4.72,1,81,9.7,50,47,7.64,177.47,27180.79,27.47,37.89,989.47,94.0,32.83
2021-07-01,July,Q3,2021,West,Retail,Direct,Product_C,Rep_3,50208.71,13410.78,6695.83,5292.16,28021.58,2080.52,1165.02,1.39,718,255.52,1744,221,35,1930,14,16935,2.81,5,44,8.7,111,88,2.01,100.29,3577.28,30.3,26.71,118.06,79.28,28.79
2021-07-02,July,Q3,2021,North,Enterprise,Direct,Product_E,Rep_7,49220.11,19670.78,6686.4,4710.05,20916.78,1946.15,1107.52,12.22,90,460.06,1602,166,55,1713,27,8466,5.95,5,31,5.6,174,124,3.43,194.19,12421.62,40.28,39.96,308.38,71.26,30.72
2021-07-03,July,Q3,2021,East,Government,Referral,Product_A,Rep_11,57067.02,16811.46,6305.38,3748.95,31891.46,2058.72,1665.66,14.48,380,172.55,1761,256,134,1883,31,16095,5.0,5,41,9.3,150,138,7.61,166.62,5349.05,24.63,29.46,217.18,92.0,32.41
2021-07-04,July,Q3,2021,West,Enterprise,Online,Product_D,Rep_17,53617.42,20452.39,7358.9,5299.57,24404.16,1401.97,754.86,15.43,204,410.81,1654,313,50,1917,43,12193,2.22,13,28,5.9,104,83,3.02,177.93,17664.83,23.51,38.15,751.38,79.81,32.42
2021-07-05,July,Q3,2021,South,SMB,Direct,Product_C,Rep_15,58384.82,17122.11,5162.07,3092.49,33595.68,2504.96,226.52,10.13,553,249.38,1677,263,45,1895,34,2320,2.88,2,48,6.1,168,154,2.68,231.69,8478.92,19.63,29.33,431.94,91.67,34.82
2021-07-06,July,Q3,2021,Central,Government,Online,Product_C,Rep_19,57261.08,15002.22,6763.35,3636.75,33715.81,1779.7,415.4,7.61,324,498.69,1663,305,90,1878,28,14264,4.86,13,63,8.7,182,166,5.41,121.82,13963.32,22.17,26.2,629.83,91.21,34.43
2021-07-07,July,Q3,2021,West,Startup,Online,Product_A,Rep_11,54610.83,23645.69,4390.88,2821.62,23469.51,3104.75,1909.13,17.06,715,285.23,1642,327,118,1851,27,13227,7.71,6,46,9.2,65,56,7.19,438.52,7701.21,13.43,43.3,573.43,86.15,33.26
2021-07-08,July,Q3,2021,South,Startup,Direct,Product_E,Rep_15,50821.09,18367.57,5220.39,3786.39,25031.17,2201.96,57.15,21.19,614,361.1,1965,229,96,2098,49,18907,5.46,5,74,7.8,172,161,4.89,251.84,17693.9,22.8,36.14,776.05,93.6,25.86
2021-07-09,July,Q3,2021,West,Startup,Partner,Product_D,Rep_15,47560.9,12101.23,5024.92,3081.77,28355.69,2079.06,2036.66,17.34,228,413.43,1890,320,151,2059,19,6234,6.27,2,24,6.7,7,6,7.99,140.82,7855.17,15.7,25.44,500.33,85.71,25.16
2021-07-10,July,Q3,2021,Central,Startup,Partner,Product_E,Rep_6,52982.64,19147.36,5707.93,4342.32,26315.5,1811.85,1839.55,23.3,186,231.39,1953,327,119,2161,30,13070,3.87,12,71,7.0,86,68,6.09,235.45,6941.7,17.46,36.14,397.58,79.07,27.13
2021-07-11,July,Q3,2021,East,Retail,Direct,Product_D,Rep_15,59577.29,16474.8,7666.57,4723.26,34120.48,1315.44,2288.03,17.93,785,476.57,1642,325,40,1927,41,7144,5.5,10,32,7.0,11,10,2.44,114.89,19539.37,23.59,27.65,828.29,90.91,36.28
2021-07-12,July,Q3,2021,East,SMB,Referral,Product_A,Rep_9,56445.84,19969.68,6050.94,3660.53,29224.63,1200.59,2359.39,19.12,229,265.87,1776,353,141,1988,45,1552,4.63,14,61,6.9,35,31,7.94,230.03,11964.15,17.14,35.38,698.03,88.57,31.78
2021-07-13,July,Q3,2021,East,Enterprise,Social,Product_C,Rep_5,49226.76,18538.41,5484.28,4384.53,23385.96,1818.11,302.03,4.2,231,434.85,1643,277,73,1847,25,17865,6.11,8,34,6.5,69,49,4.44,238.03,10871.25,19.8,37.66,549.05,71.01,29.96
2021-07-14,July,Q3,2021,Central,Startup,Online,Product_D,Rep_19,56401.44,23848.37,5449.96,3513.82,25784.3,1318.81,2319.37,10.49,308,221.44,1707,212,64,1855,33,16969,1.85,6,37,8.1,99,96,3.75,337.59,7307.52,25.71,42.28,284.23,96.97,33.04
2021-07-15,July,Q3,2021,East,Retail,Social,Product_C,Rep_5,57542.2,23532.1,6106.82,4528.61,25355.66,2547.62,1451.91,12.13,292,448.34,1689,304,90,1903,55,1599,4.95,11,69,9.4,68,59,5.33,285.34,24658.7,20.09,40.9,1227.41,86.76,34.07
2021-07-16,July,Q3,2021,East,Government,Direct,Product_B,Rep_13,51276.41,15203.08,4917.86,3646.58,28323.02,2832.45,2270.32,6.41,145,207.01,1909,211,73,2047,28,16098,3.57,10,21,6.8,81,78,3.82,209.14,5796.28,23.31,29.65,248.66,96.3,26.86
2021-07-17,July,Q3,2021,South,Startup,Online,Product_B,Rep_18,56544.4,21614.19,4813.27,3744.29,26989.1,3127.84,2506.58,13.21,246,330.66,1749,311,44,2016,26,15800,3.78,12,32,6.3,7,7,2.52,349.05,8597.16,15.48,38.23,555.37,100.0,32.33
2021-07-18,July,Q3,2021,North,Enterprise,Social,Product_A,Rep_20,56146.9,18480.28,6863.48,3606.54,28200.07,2603.07,67.88,7.27,575,253.42,1900,363,38,2225,59,10356,8.23,11,66,9.1,97,81,2.0,169.26,14951.78,18.91,32.91,790.68,83.51,29.55
2021-07-19,July,Q3,2021,South,Enterprise,Partner,Product_A,Rep_17,50221.08,17392.1,6366.77,3701.42,25033.46,1428.75,961.4,17.19,681,495.3,1857,257,87,2027,43,13870,2.78,3,69,8.7,39,33,4.68,173.17,21297.9,24.77,34.63,859.83,84.62,27.04
2021-07-20,July,Q3,2021,North,Retail,Referral,Product_A,Rep_15,57804.95,17726.46,7131.07,5207.99,29795.9,3151.52,1521.42,11.76,436,270.39,2031,331,143,2219,24,13424,3.68,9,31,9.5,19,16,7.04,148.58,6489.36,21.54,30.67,301.27,84.21,28.46
2021-07-21,July,Q3,2021,North,Startup,Social,Product_B,Rep_14,58900.02,15254.88,6622.99,4429.33,33756.51,3265.64,1997.77,11.47,457,546.67,1657,237,90,1804,32,2982,5.07,13,32,6.2,25,21,5.43,130.33,17493.44,27.95,25.9,625.88,84.0,35.55
2021-07-22,July,Q3,2021,South,Startup,Referral,Product_D,Rep_16,61591.43,16592.79,6564.72,4384.47,36717.6,1716.32,881.33,24.59,318,560.11,1935,278,155,2058,51,19018,7.54,11,28,6.1,66,64,8.01,152.76,28565.61,23.61,26.94,1209.89,96.97,31.83
2021-07-23,July,Q3,2021,East,Government,Partner,Product_E,Rep_4,61525.27,20214.3,8640.2,4750.94,29625.45,3045.32,775.66,9.81,220,243.21,1927,253,72,2108,44,8830,4.42,11,78,7.8,87,81,3.74,133.96,10701.24,34.15,32.86,313.36,93.1,31.93
2021-07-24,July,Q3,2021,West,SMB,Social,Product_A,Rep_17,49447.99,14176.72,5752.57,3361.49,27963.03,1555.67,942.64,9.06,633,440.7,1719,303,63,1959,38,3997,6.71,14,64,8.1,160,118,3.66,146.44,16746.6,18.99,28.67,881.86,73.75,28.77
2021-07-25,July,Q3,2021,West,Retail,Direct,Product_E,Rep_20,51727.29,14558.44,5873.26,3855.21,28600.31,2695.28,1295.61,7.97,740,184.87,1922,372,57,2237,46,18070,7.49,4,62,7.6,8,7,2.97,147.88,8504.02,15.79,28.14,538.57,87.5,26.91
2021-07-26,July,Q3,2021,South,Government,Online,Product_E,Rep_14,59071.67,20297.61,4831.76,2817.66,30404.53,3537.77,2809.29,22.37,219,321.89,1858,361,55,2164,27,12606,3.67,3,42,8.1,145,145,2.96,320.09,8691.03,13.38,34.36,649.55,100.0,31.79
2021-07-27,July,Q3,2021,East,Retail,Partner,Product_B,Rep_18,59145.51,16779.71,6144.47,3459.86,34967.38,1253.95,2253.76,12.42,208,457.98,1806,212,67,1951,39,2759,4.25,7,64,6.3,183,161,3.71,173.09,17861.22,28.98,28.37,616.33,87.98,32.75
2021-07-28,July,Q3,2021,South,Startup,Referral,Product_D,Rep_6,59231.9,23538.56,6314.93,3323.72,26067.66,3310.75,1271.48,15.0,558,442.45,1750,328,118,1960,45,8023,4.0,12,42,7.6,180,168,6.74,272.74,19910.25,19.25,39.74,1034.3,93.33,33.85
2021-07-29,July,Q3,2021,East,Enterprise,Referral,Product_B,Rep_8,76000.39,32324.82,8201.78,4484.06,32060.98,3412.81,206.59,4.52,496,440.77,1765,307,131,1941,58,14892,7.33,13,53,8.3,171,159,7.42,294.12,25564.66,26.72,42.53,956.76,92.98,43.06
2021-07-30,July,Q3,2021,South,Startup,Partner,Product_A,Rep_9,59671.27,14897.54,7197.08,5258.62,34059.91,3516.74,502.79,13.52,715,290.14,2046,256,161,2141,12,19864,1.81,14,35,7.4,71,57,7.87,106.99,3481.68,28.11,24.97,123.86,80.28,29.16
2021-07-31,July,Q3,2021,Central,SMB,Direct,Product_B,Rep_1,62574.73,22290.21,7343.28,5255.1,30525.83,2415.41,1426.47,6.87,131,329.71,1845,197,63,1979,52,16409,3.66,8,82,8.4,98,80,3.41,203.55,17144.92,37.28,35.62,459.9,81.63,33.92
2021-08-01,August,Q3,2021,North,SMB,Direct,Product_B,Rep_13,61746.99,15693.45,7567.3,3887.7,35158.35,3327.89,2512.56,18.27,106,178.39,1927,244,140,2031,59,10529,6.26,7,70,7.4,62,57,7.27,107.39,10525.01,31.01,25.42,339.41,91.94,32.04
2021-08-02,August,Q3,2021,North,SMB,Referral,Product_B,Rep_3,60314.01,16003.99,8054.44,4518.42,34898.77,1356.81,1148.06,20.81,568,484.39,1774,339,70,2043,42,1114,5.46,1,51,6.9,134,114,3.95,98.7,20344.38,23.76,26.53,856.24,85.07,34.0
2021-08-03,August,Q3,2021,North,SMB,Partner,Product_A,Rep_6,55560.79,23179.32,7606.77,5082.36,22918.35,1856.35,1495.96,17.87,161,358.36,1779,291,48,2022,47,13149,4.55,1,57,6.8,29,25,2.7,204.72,16842.92,26.14,41.72,644.34,86.21,31.23
2021-08-04,August,Q3,2021,North,Government,Partner,Product_A,Rep_17,61012.06,16495.08,7947.96,4743.25,35185.23,1383.79,2720.54,18.26,97,477.92,1969,339,142,2166,55,17952,5.28,13,75,7.3,15,14,7.21,107.54,26285.6,23.45,27.04,1120.92,93.33,30.99
2021-08-05,August,Q3,2021,West,Retail,Online,Product_B,Rep_8,53433.17,16266.97,7848.62,5862.72,26164.29,3153.29,2441.35,12.81,641,258.34,1730,217,101,1846,44,16701,2.88,5,36,5.6,5,5,5.84,107.26,11366.96,36.17,30.44,314.26,100.0,30.89
2021-08-06,August,Q3,2021,West,Government,Referral,Product_B,Rep_6,56193.28,20452.01,4567.18,3359.15,28213.89,2960.2,606.26,17.8,425,303.03,1827,314,55,2086,44,10745,4.52,14,58,8.4,52,41,3.01,347.8,13333.32,14.55,36.4,916.38,78.85,30.76
2021-08-07,August,Q3,2021,East,Government,Direct,Product_E,Rep_16,55030.64,17988.15,5156.62,3957.57,28908.61,2977.26,119.95,10.57,82,287.08,1876,193,86,1983,50,3689,5.01,8,60,9.1,117,87,4.58,248.84,14354.0,26.72,32.69,537.2,74.36,29.33
2021-08-08,August,Q3,2021,Central,Retail,Social,Product_D,Rep_1,57946.91,16032.48,4666.43,3121.28,33914.97,3333.03,884.88,16.29,553,173.29,1888,260,70,2078,29,3988,7.81,14,67,7.0,180,142,3.71,243.57,5025.41,17.95,27.67,279.97,78.89,30.69
2021-08-09,August,Q3,2021,East,Retail,Direct,Product_E,Rep_10,69190.91,30959.43,8671.23,5251.5,27940.9,1619.35,2407.16,6.48,676,288.82,1863,303,120,2046,34,4151,3.33,10,47,5.7,142,121,6.44,257.04,9819.88,28.62,44.74,343.11,85.21,37.14
2021-08-10,August,Q3,2021,North,SMB,Direct,Product_D,Rep_18,48361.37,15782.5,6909.01,4710.7,23956.71,1713.15,2299.85,1.74,52,504.81,1924,221,91,2054,34,12719,7.57,11,69,9.7,85,68,4.73,128.43,17163.54,31.26,32.63,549.06,80.0,25.14
2021-08-11,August,Q3,2021,Central,Enterprise,Social,Product_D,Rep_14,61209.08,20968.42,5939.96,3128.82,32902.6,1398.1,235.75,10.34,535,543.8,1958,357,155,2160,26,16658,6.01,3,20,6.6,34,30,7.92,253.01,14138.8,16.64,34.26,849.69,88.24,31.26
2021-08-12,August,Q3,2021,West,Government,Referral,Product_B,Rep_5,49794.28,14048.68,7214.81,3628.15,27115.05,1415.74,70.92,11.54,565,365.66,1966,243,46,2163,37,10013,1.64,8,69,6.0,167,120,2.34,94.72,13529.42,29.69,28.21,455.69,71.86,25.33
2021-08-13,August,Q3,2021,North,Startup,Online,Product_E,Rep_17,55578.28,19346.81,4680.73,2364.37,29929.26,1621.48,2456.97,6.41,91,355.93,1798,297,74,2021,41,7345,6.57,3,38,7.1,118,101,4.12,313.33,14593.13,15.76,34.81,925.96,85.59,30.91
2021-08-14,August,Q3,2021,East,Startup,Direct,Product_D,Rep_14,63462.77,24683.1,9228.15,5742.34,27091.43,2460.09,2373.97,18.19,58,181.93,1872,263,92,2043,36,4574,1.75,4,78,8.7,23,19,4.91,167.48,6549.48,35.09,38.89,186.65,82.61,33.9
2021-08-15,August,Q3,2021,South,Retail,Direct,Product_D,Rep_18,58419.5,23646.16,6111.47,3473.9,26865.91,1795.96,2898.33,1.84,706,572.31,2024,323,102,2245,56,8838,8.48,10,60,6.8,114,98,5.04,286.91,32049.36,18.92,40.48,1693.94,85.96,28.86
2021-08-16,August,Q3,2021,East,Retail,Referral,Product_A,Rep_4,52789.45,22019.45,4597.93,2515.99,24903.06,1269.01,1047.32,5.57,658,156.82,1998,221,78,2141,27,18992,7.61,7,29,8.0,185,153,3.9,378.9,4234.14,20.81,41.71,203.47,82.7,26.42
2021-08-17,August,Q3,2021,North,Government,Referral,Product_D,Rep_20,54681.74,16317.14,6234.32,4268.0,30670.3,1459.98,1137.52,18.71,191,586.31,1776,181,113,1844,50,17943,3.58,3,47,7.3,38,30,6.36,161.73,29315.5,34.44,29.84,851.2,78.95,30.79
2021-08-18,August,Q3,2021,East,SMB,Partner,Product_B,Rep_2,61736.33,25952.88,6048.58,4829.96,28136.45,1598.42,531.9,10.93,485,372.47,1952,373,141,2184,59,14329,3.3,4,53,6.0,36,35,7.22,329.07,21975.73,16.22,42.04,1354.85,97.22,31.63
2021-08-19,August,Q3,2021,North,Startup,Referral,Product_C,Rep_7,54766.59,21851.59,5473.43,3028.59,24214.55,3227.02,317.23,17.63,76,308.86,1723,219,132,1810,56,15823,4.17,8,58,6.9,80,60,7.66,299.23,17296.16,24.99,39.9,692.12,75.0,31.79
2021-08-20,August,Q3,2021,North,SMB,Referral,Product_A,Rep_7,59580.79,15290.12,6048.06,4015.47,35241.42,3001.19,1724.02,14.19,92,562.48,1930,351,132,2149,25,6565,3.99,4,75,8.6,130,118,6.84,152.81,14062.0,17.23,25.66,816.13,90.77,30.87
2021-08-21,August,Q3,2021,East,SMB,Direct,Product_C,Rep_7,58806.44,23716.94,8010.13,4292.77,23626.82,3452.55,1071.12,23.77,180,162.93,2119,424,151,2392,28,5435,4.11,9,71,8.1,138,135,7.13,196.09,4562.04,18.89,40.33,241.51,97.83,27.75
2021-08-22,August,Q3,2021,West,SMB,Online,Product_B,Rep_13,55400.66,13578.97,6522.95,5089.67,33216.25,2082.49,222.48,14.94,265,417.01,1838,223,97,1964,23,6650,3.73,4,22,6.0,145,125,5.28,108.17,9591.23,29.25,24.51,327.91,86.21,30.14
2021-08-23,August,Q3,2021,Central,Government,Direct,Product_C,Rep_19,69458.46,23040.03,7070.28,4153.98,37185.58,2162.57,3080.44,0.37,655,391.24,1854,235,129,1960,40,19265,5.85,13,42,6.2,90,87,6.96,225.87,15649.6,30.09,33.17,520.09,96.67,37.46
2021-08-24,August,Q3,2021,East,Retail,Referral,Product_D,Rep_6,61988.41,16095.35,7607.43,5808.29,35066.46,3219.17,614.79,8.82,569,247.92,2017,335,77,2275,43,8436,2.65,14,36,8.3,79,58,3.82,111.57,10660.56,22.71,25.97,469.42,73.42,30.73
2021-08-25,August,Q3,2021,East,Enterprise,Partner,Product_C,Rep_20,48773.19,18431.17,6346.88,3712.44,22383.18,1611.96,1825.54,3.58,647,342.42,1791,352,79,2064,35,4708,7.42,4,45,9.0,196,166,4.41,190.4,11984.7,18.03,37.79,664.71,84.69,27.23
2021-08-26,August,Q3,2021,North,Enterprise,Online,Product_E,Rep_17,59911.25,27923.31,5936.23,4403.59,24136.03,1915.68,845.43,23.12,394,451.78,1886,361,74,2173,24,15451,7.19,13,37,7.0,139,116,3.92,370.39,10842.72,16.44,46.61,659.53,83.45,31.77
2021-08-27,August,Q3,2021,West,Startup,Partner,Product_B,Rep_18,55750.13,17515.43,6073.89,3418.47,30527.32,1633.49,2265.98,2.6,557,466.55,2013,303,97,2219,31,2709,4.84,5,65,8.1,49,34,4.82,188.37,14463.05,20.05,31.42,721.35,69.39,27.7
2021-08-28,August,Q3,2021,Central,Retail,Social,Product_E,Rep_1,63401.31,20253.66,5613.05,3299.56,35937.7,1596.9,375.33,9.69,699,149.8,1894,340,70,2164,26,10953,7.47,1,50,6.2,177,147,3.7,260.83,3894.8,16.51,31.95,235.91,83.05,33.47
2021-08-29,August,Q3,2021,South,Startup,Partner,Product_C,Rep_13,55256.62,18177.54,5121.21,2856.32,30285.89,1671.98,2088.9,5.65,462,590.7,1937,220,150,2007,15,2692,3.23,7,28,6.8,69,56,7.74,254.95,8860.5,23.28,32.9,380.61,81.16,28.53
2021-08-30,August,Q3,2021,West,Enterprise,Partner,Product_E,Rep_19,58725.62,24050.43,7497.98,4343.41,25168.04,2009.17,288.1,21.17,295,235.68,2039,403,79,2363,45,16523,1.62,9,54,5.6,98,88,3.87,220.76,10605.6,18.61,40.95,569.89,89.8,28.8
2021-08-31,August,Q3,2021,Central,Retail,Referral,Product_A,Rep_16,61904.32,19168.92,5738.57,4306.57,34089.82,2907.01,1383.3,7.71,498,268.6,2011,395,52,2354,39,15322,5.83,12,79,8.8,23,23,2.59,234.04,10475.4,14.53,30.97,720.95,100.0,30.78
2021-09-01,September,Q3,2021,Central,Retail,Referral,Product_C,Rep_10,63788.24,19579.89,7448.01,5151.86,35324.94,1435.4,2341.04,24.8,70,268.8,2000,233,103,2130,13,10437,4.71,9,82,7.2,123,89,5.15,162.89,3494.4,31.97,30.7,109.3,72.36,31.89
2021-09-02,September,Q3,2021,East,Retail,Referral,Product_E,Rep_13,53538.06,16609.56,6940.31,4315.23,28466.62,1521.57,463.69,0.97,457,170.23,1943,252,46,2149,58,1125,5.47,1,71,9.0,51,41,2.37,139.32,9873.34,27.54,31.02,358.51,80.39,27.55
2021-09-03,September,Q3,2021,Central,SMB,Referral,Product_D,Rep_10,57947.11,17785.97,5069.29,4012.12,32057.68,3034.17,827.67,3.21,506,215.39,2018,222,54,2186,41,13944,7.8,6,67,8.5,50,42,2.68,250.86,8830.99,22.83,30.69,386.82,84.0,28.72
2021-09-04,September,Q3,2021,Central,Startup,Referral,Product_C,Rep_14,57324.97,16350.63,6862.48,4388.27,32628.47,1483.39,2478.64,5.62,493,609.46,1973,251,65,2159,37,2199,8.29,3,80,9.1,33,28,3.29,138.26,22550.02,27.34,28.52,824.8,84.85,29.05
2021-09-05,September,Q3,2021,South,Enterprise,Partner,Product_A,Rep_9,56513.13,19531.73,5535.99,4378.57,29540.59,1904.82,2501.04,20.28,314,272.33,2035,370,97,2308,58,7092,5.94,4,43,6.7,104,97,4.77,252.81,15795.14,14.96,34.56,1055.82,93.27,27.77
2021-09-06,September,Q3,2021,Central,SMB,Social,Product_D,Rep_11,68687.13,26120.88,10124.82,5659.53,28692.05,3749.38,154.32,21.96,709,188.74,1943,268,89,2122,37,17375,6.85,8,77,6.3,193,161,4.58,157.99,6983.38,37.78,38.03,184.84,83.42,35.35
2021-09-07,September,Q3,2021,East,Government,Referral,Product_C,Rep_3,61964.85,22457.87,7054.59,5441.85,30829.1,1623.29,520.79,1.79,233,211.24,1979,215,135,2059,31,3711,2.09,4,83,9.7,69,49,6.82,218.34,6548.44,32.81,36.24,199.59,71.01,31.31
2021-09-08,September,Q3,2021,South,SMB,Social,Product_D,Rep_8,53715.6,22815.23,7327.85,3694.31,22320.44,1252.08,315.5,0.81,276,470.99,1902,255,122,2035,53,10182,2.63,8,49,8.6,155,142,6.41,211.35,24962.47,28.74,42.47,868.56,91.61,28.24
2021-09-09,September,Q3,2021,North,Retail,Social,Product_C,Rep_12,64689.41,23326.61,7666.72,5087.57,31148.51,2547.57,581.21,18.61,597,527.84,2002,397,91,2308,39,6995,6.63,4,48,9.1,132,127,4.55,204.26,20585.76,19.31,36.06,1066.07,96.21,32.31
2021-09-10,September,Q3,2021,North,Enterprise,Direct,Product_C,Rep_3,70790.96,28560.12,5878.4,3685.26,34080.28,2272.16,3434.03,3.33,295,253.09,1928,314,77,2165,31,9182,4.52,9,29,5.6,55,47,3.99,385.85,7845.79,18.72,40.34,419.11,85.45,36.72
2021-09-11,September,Q3,2021,Central,Enterprise,Direct,Product_B,Rep_7,65422.59,27473.63,8133.38,5347.91,27032.74,2782.84,1804.54,3.32,122,153.86,1902,269,74,2097,22,6502,4.62,6,58,7.0,195,170,3.89,237.79,3384.92,30.24,41.99,111.94,87.18,34.4
2021-09-12,September,Q3,2021,South,Startup,Online,Product_E,Rep_14,52743.49,17483.7,7732.1,5149.84,24777.0,2750.69,1234.49,0.56,199,236.37,2043,238,136,2145,21,13920,3.66,1,74,8.7,26,19,6.66,126.12,4963.77,32.49,33.15,152.78,73.08,25.82
2021-09-13,September,Q3,2021,North,Enterprise,Direct,Product_C,Rep_7,57999.25,24951.37,7082.45,4367.81,24487.26,1478.17,2854.92,1.25,562,196.34,2042,406,47,2401,34,19882,5.75,13,47,5.8,114,87,2.3,252.3,6675.56,17.44,43.02,382.77,76.32,28.4
2021-09-14,September,Q3,2021,Central,Enterprise,Referral,Product_A,Rep_7,66835.06,17228.87,9179.34,7338.51,37537.71,2889.14,1861.21,6.59,118,196.31,2103,383,44,2442,48,3565,2.8,10,37,7.9,75,58,2.09,87.69,9422.88,23.97,25.78,393.11,77.33,31.78
2021-09-15,September,Q3,2021,South,Enterprise,Social,Product_E,Rep_14,57042.23,13025.45,8093.98,6418.14,33628.54,2294.26,1885.58,1.63,279,343.6,1986,255,135,2106,52,11789,5.89,2,60,7.3,37,31,6.8,60.93,17867.2,31.74,22.83,562.92,83.78,28.72
2021-09-16,September,Q3,2021,East,Retail,Online,Product_B,Rep_12,62879.76,29164.14,6034.29,4758.18,26061.35,1619.98,1046.23,9.22,772,259.34,2074,222,101,2195,30,6024,2.72,7,84,5.6,131,128,4.87,383.31,7780.2,27.18,46.38,286.25,97.71,30.32
2021-09-17,September,Q3,2021,East,Government,Direct,Product_E,Rep_1,64613.91,17392.37,6128.19,4864.1,38188.31,2905.04,1234.5,20.82,121,391.8,2092,221,58,2255,56,2031,1.95,10,65,6.5,113,97,2.77,183.81,21940.8,27.73,26.92,791.23,85.84,30.89
2021-09-18,September,Q3,2021,North,Government,Partner,Product_E,Rep_5,56186.17,19202.77,6897.9,5089.99,28346.78,1738.72,1669.88,8.16,657,273.53,2086,234,71,2249,29,2241,3.81,7,79,6.7,104,79,3.4,178.39,7932.37,29.48,34.18,269.08,75.96,26.93
2021-09-19,September,Q3,2021,West,SMB,Online,Product_C,Rep_11,60603.27,23744.45,6591.94,5250.99,27872.24,2394.64,211.46,18.2,446,583.98,1962,310,149,2123,38,2742,3.12,3,28,6.0,48,37,7.59,260.2,22191.24,21.26,39.18,1043.8,77.08,30.89
2021-09-20,September,Q3,2021,Central,Enterprise,Referral,Product_A,Rep_1,44774.64,18919.36,6214.29,4770.76,18598.15,1042.84,572.85,2.35,133,551.36,2064,398,148,2314,17,6709,7.72,1,64,8.2,11,9,7.17,204.45,9373.12,15.61,42.25,600.46,81.82,21.69
2021-09-21,September,Q3,2021,West,Enterprise,Social,Product_C,Rep_13,55939.12,17816.07,7999.38,4997.85,27976.54,2147.13,550.47,16.48,789,402.08,2089,313,131,2271,21,15739,1.88,8,79,6.5,132,117,6.27,122.72,8443.68,25.56,31.85,330.35,88.64,26.78
2021-09-22,September,Q3,2021,East,Retail,Referral,Product_A,Rep_17,59878.3,18208.92,6271.62,4612.36,33466.17,1931.59,47.58,7.92,348,317.18,2058,379,101,2336,13,12830,2.74,13,47,6.7,95,79,4.91,190.34,4123.34,16.55,30.41,249.14,83.16,29.1
2021-09-23,September,Q3,2021,East,SMB,Referral,Product_A,Rep_3,54982.31,16995.4,5310.24,4108.11,29768.37,2908.3,1476.0,18.74,797,316.25,1852,268,95,2025,35,14778,5.34,13,22,9.4,134,110,5.13,220.05,11068.75,19.81,30.91,558.75,82.09,29.69
2021-09-24,September,Q3,2021,Central,SMB,Partner,Product_D,Rep_10,69463.36,30080.34,9352.32,6675.52,28483.12,1547.58,1948.63,3.41,342,335.28,2081,356,163,2274,49,9160,4.87,10,70,7.5,21,18,7.83,221.64,16428.72,26.27,43.3,625.38,85.71,33.38
2021-09-25,September,Q3,2021,North,Enterprise,Partner,Product_C,Rep_19,54230.67,24373.37,5381.66,3373.41,22482.97,1992.67,1041.06,22.45,783,481.4,2290,397,178,2509,39,13375,1.82,14,27,7.2,69,53,7.77,352.9,18774.6,13.56,44.94,1384.56,76.81,23.68
2021-09-26,September,Q3,2021,East,Retail,Social,Product_B,Rep_7,59261.24,20356.54,8153.34,4237.59,28479.45,2271.91,796.26,6.06,272,361.09,2037,239,67,2209,39,5403,1.55,11,78,8.6,190,137,3.29,149.67,14082.51,34.11,34.35,412.86,72.11,29.09
2021-09-27,September,Q3,2021,Central,Startup,Direct,Product_E,Rep_20,62195.24,23776.0,6820.43,5066.96,28551.23,3047.58,2027.75,8.83,782,517.75,2004,273,138,2139,56,5897,8.42,11,80,9.4,114,81,6.89,248.6,28994.0,24.98,38.23,1160.69,71.05,31.04
2021-09-28,September,Q3,2021,North,Enterprise,Referral,Product_D,Rep_3,68827.99,26417.77,8722.47,6854.32,30730.11,2957.64,463.42,23.75,265,581.99,2118,347,67,2398,50,1163,6.11,10,77,5.6,34,26,3.16,202.87,29099.5,25.14,38.38,1157.5,76.47,32.5
2021-09-29,September,Q3,2021,West,Enterprise,Direct,Product_B,Rep_12,54522.39,22377.25,4726.41,2877.15,24873.16,2545.57,1413.81,14.46,280,298.84,2116,227,69,2274,13,4310,4.06,7,31,7.4,96,70,3.26,373.45,3884.92,20.82,41.04,186.6,72.92,25.77
2021-09-30,September,Q3,2021,North,Enterprise,Social,Product_C,Rep_10,67597.6,17883.03,8359.81,4560.88,37901.74,3453.02,2596.0,9.14,454,409.38,2208,301,134,2375,57,18379,4.79,10,28,8.1,158,127,6.07,113.92,23334.66,27.77,26.46,840.28,80.38,30.61
2021-10-01,October,Q4,2021,North,Enterprise,Referral,Product_A,Rep_12,61913.03,15357.07,6910.96,4132.42,36271.48,3373.52,508.61,23.74,218,200.55,1967,302,87,2182,16,15991,3.37,8,68,6.9,167,156,4.42,122.21,3208.8,22.88,24.8,140.24,93.41,31.48
2021-10-02,October,Q4,2021,South,SMB,Direct,Product_C,Rep_15,57034.4,20838.19,6904.73,4659.22,27434.72,1856.76,2148.09,8.23,378,256.29,2170,433,165,2438,22,19261,3.91,1,36,8.8,195,178,7.6,201.8,5638.38,15.95,36.54,353.5,91.28,26.28
2021-10-03,October,Q4,2021,East,Retail,Referral,Product_C,Rep_6,64332.54,18366.67,5903.22,3512.88,37391.5,2671.15,2447.19,2.37,475,349.59,2160,318,55,2423,21,18732,6.04,14,73,9.7,79,70,2.55,211.13,7341.39,18.56,28.55,395.55,88.61,29.78
2021-10-04,October,Q4,2021,East,Enterprise,Partner,Product_D,Rep_19,63097.4,22116.61,8302.43,5672.1,29296.07,3382.29,189.06,24.92,603,256.26,2091,380,106,2365,54,3251,7.68,3,63,9.6,160,153,5.07,166.39,13838.04,21.85,35.05,633.32,95.62,30.18
2021-10-05,October,Q4,2021,West,Government,Partner,Product_B,Rep_5,59181.1,18034.78,8308.78,6564.4,29311.65,3525.89,55.58,6.7,245,558.89,2143,307,161,2289,13,12092,2.79,13,51,6.6,157,123,7.51,117.06,7265.57,27.06,30.47,268.5,78.34,27.62
2021-10-06,October,Q4,2021,West,Government,Online,Product_D,Rep_20,62611.27,25297.56,5958.83,4178.45,27874.9,3479.98,3048.97,21.28,657,224.14,2216,398,165,2449,26,7590,7.38,2,54,6.5,193,186,7.45,324.54,5827.64,14.97,40.4,389.29,96.37,28.25
2021-10-07,October,Q4,2021,Central,Retail,Social,Product_B,Rep_2,60415.77,21166.43,5238.05,3188.91,31905.28,2106.01,584.17,4.14,575,355.37,2204,352,65,2491,50,8658,2.35,1,68,9.6,109,89,2.95,304.09,17768.5,14.88,35.03,1194.12,81.65,27.41
2021-10-08,October,Q4,2021,West,Enterprise,Direct,Product_D,Rep_19,62990.01,18565.83,5143.43,4015.61,37529.21,1751.54,2589.33,18.28,674,431.29,2007,379,84,2302,52,17816,3.0,5,73,7.5,35,29,4.19,260.96,22427.08,13.57,29.47,1652.7,82.86,31.39
2021-10-09,October,Q4,2021,West,Government,Referral,Product_E,Rep_19,65813.16,20717.18,8222.56,5506.57,34268.82,2604.6,1848.86,13.11,126,468.66,2207,311,126,2392,48,6247,1.76,3,35,6.4,186,153,5.71,151.96,22495.68,26.44,31.48,850.82,82.26,29.82
2021-10-10,October,Q4,2021,East,Government,Online,Product_A,Rep_4,70512.67,25121.9,8637.56,4651.43,33251.15,3502.06,932.43,24.52,326,319.29,2123,341,63,2401,18,8715,2.49,10,31,8.5,199,145,2.97,190.84,5747.22,25.33,35.63,226.89,72.86,33.21
2021-10-11,October,Q4,2021,South,SMB,Social,Product_A,Rep_20,56473.59,17646.02,6679.06,4339.35,29906.35,2242.16,366.99,13.82,515,545.14,2140,349,167,2322,31,4817,7.92,8,27,6.7,101,100,7.8,164.2,16899.34,19.14,31.25,882.93,99.01,26.39
2021-10-12,October,Q4,2021,South,Enterprise,Social,Product_A,Rep_5,73407.91,32288.64,7064.51,4917.54,31167.83,2886.93,1823.0,0.63,497,405.39,2144,304,161,2287,45,18454,4.72,6,40,6.6,55,41,7.51,357.05,18242.55,23.24,43.99,784.96,74.55,34.24
2021-10-13,October,Q4,2021,Central,SMB,Social,Product_E,Rep_7,53062.38,13869.2,5696.96,4281.13,30655.83,2840.39,1080.76,15.1,369,339.24,2126,243,64,2305,46,5600,2.04,10,67,9.3,62,50,3.01,143.45,15605.04,23.44,26.14,665.74,80.65,24.96
2021-10-14,October,Q4,2021,South,Enterprise,Direct,Product_E,Rep_4,62143.98,21334.88,7557.54,5902.01,31110.32,2141.24,2171.58,3.63,209,193.16,2264,248,62,2450,45,10982,8.22,14,27,6.2,38,30,2.74,182.3,8692.2,30.47,34.33,285.27,78.95,27.45
2021-10-15,October,Q4,2021,West,Enterprise,Partner,Product_A,Rep_11,65924.57,22477.93,7566.41,4503.72,32294.47,3585.76,2980.35,19.96,541,359.66,2141,218,54,2305,33,1994,7.65,9,47,5.8,191,138,2.52,197.08,11868.78,34.71,34.1,341.94,72.25,30.79
2021-10-16,October,Q4,2021,North,Startup,Online,Product_A,Rep_3,64468.02,19173.42,9615.08,5256.12,33341.12,2338.4,2595.64,21.41,362,539.82,2041,382,152,2271,42,5731,6.78,9,29,6.7,25,19,7.45,99.41,22672.44,25.17,29.74,900.77,76.0,31.59
2021-10-17,October,Q4,2021,North,Retail,Direct,Product_B,Rep_5,60029.65,21152.24,5375.7,2806.91,31512.97,1988.74,823.76,12.05,680,410.29,2118,262,67,2313,34,8670,8.03,11,71,8.1,188,134,3.16,293.48,13949.86,20.52,35.24,679.82,71.28,28.34
2021-10-18,October,Q4,2021,North,Startup,Referral,Product_B,Rep_20,62182.61,26043.64,8000.42,5772.35,25765.69,2372.86,2732.72,19.58,210,518.9,2179,264,98,2345,30,18341,3.04,6,34,6.0,41,32,4.5,225.53,15567.0,30.3,41.88,513.76,78.05,28.54
2021-10-19,October,Q4,2021,East,SMB,Direct,Product_C,Rep_15,60838.3,18535.99,6588.93,4866.24,32641.17,3072.21,2535.11,3.63,357,372.64,2288,397,107,2578,15,9287,7.35,2,23,7.5,68,65,4.68,181.32,5589.6,16.6,30.47,336.72,95.59,26.59
2021-10-20,October,Q4,2021,South,SMB,Referral,Product_D,Rep_18,60436.56,25177.84,6646.45,4139.49,27098.93,1513.34,2807.69,12.3,195,214.68,2229,294,125,2398,35,19538,6.33,9,81,8.2,151,121,5.61,278.82,7513.8,22.61,41.66,332.32,80.13,27.11
2021-10-21,October,Q4,2021,West,Enterprise,Referral,Product_B,Rep_16,67711.47,20253.92,8818.19,5456.5,36753.14,1886.22,1552.83,9.85,724,160.13,2088,314,51,2351,31,18015,7.59,2,23,9.1,128,94,2.44,129.68,4964.03,28.08,29.91,176.78,73.44,32.43
2021-10-22,October,Q4,2021,North,Government,Social,Product_B,Rep_16,65328.62,16264.52,8392.8,6599.02,36878.46,3792.84,2510.5,15.28,445,289.55,2426,282,82,2626,50,12876,7.08,3,60,6.5,105,94,3.38,93.79,14477.5,29.76,24.9,486.48,89.52,26.93
2021-10-23,October,Q4,2021,West,Startup,Direct,Product_B,Rep_10,60159.08,15809.85,8987.04,6965.0,33736.71,1625.48,1779.68,1.11,740,452.83,2208,433,168,2473,39,18081,3.93,6,74,9.0,123,123,7.61,75.92,17660.37,20.76,26.28,850.69,100.0,27.25
2021-10-24,October,Q4,2021,North,Retail,Partner,Product_B,Rep_1,68201.7,24402.78,6069.11,3459.27,34816.98,2912.83,1058.84,18.8,138,494.05,2313,428,172,2569,50,17415,6.92,2,47,6.5,89,69,7.44,302.08,24702.5,14.18,35.78,1742.07,77.53,29.49
2021-10-25,October,Q4,2021,East,SMB,Referral,Product_E,Rep_11,65320.28,23874.94,5701.66,4186.4,32923.64,2820.04,3247.83,1.98,784,286.32,2174,405,145,2434,28,16852,3.34,5,66,8.4,82,64,6.67,318.74,8016.96,14.08,36.55,569.39,78.05,30.05
2021-10-26,October,Q4,2021,North,Enterprise,Social,Product_C,Rep_17,67928.17,27248.44,8878.46,6097.82,29112.33,2688.94,130.11,16.41,357,359.4,2247,316,48,2515,30,14490,3.8,2,28,7.4,185,183,2.14,206.91,10782.0,28.1,40.11,383.7,98.92,30.23
2021-10-27,October,Q4,2021,South,SMB,Partner,Product_B,Rep_15,67092.09,18695.48,8083.73,4415.87,37240.75,3072.13,544.36,0.46,595,334.18,2281,402,90,2593,59,6562,2.26,12,21,6.0,195,147,3.95,131.27,19716.62,20.11,27.87,980.44,75.38,29.41
2021-10-28,October,Q4,2021,East,Startup,Direct,Product_D,Rep_7,59879.05,24989.55,5939.48,3605.45,27201.97,1748.05,2672.23,20.8,420,339.75,2323,266,134,2455,46,9740,8.05,4,67,8.6,108,92,5.77,320.74,15628.5,22.33,41.73,699.89,85.19,25.78
2021-10-29,October,Q4,2021,North,Startup,Partner,Product_B,Rep_6,61303.2,22865.8,5245.06,2901.79,30611.08,2581.26,185.63,4.37,500,244.29,2311,233,84,2460,43,3248,3.54,11,47,6.4,194,150,3.63,335.95,10504.47,22.51,37.3,466.66,77.32,26.53
2021-10-30,October,Q4,2021,Central,Government,Direct,Product_E,Rep_15,67920.65,28680.32,5840.91,3437.65,31029.88,2369.54,3011.67,12.89,216,227.42,2296,234,171,2359,58,7192,5.14,11,33,6.3,76,74,7.45,391.02,13190.36,24.96,42.23,528.46,97.37,29.58
2021-10-31,October,Q4,2021,South,SMB,Referral,Product_A,Rep_15,67316.12,25861.12,9598.83,6571.27,28728.21,3127.96,2407.3,6.54,441,250.75,2182,346,127,2401,57,10895,4.24,3,65,7.0,107,106,5.82,169.42,14292.75,27.74,38.42,515.24,99.07,30.85
2021-11-01,November,Q4,2021,South,SMB,Online,Product_A,Rep_7,64239.84,22805.72,6001.97,3676.68,33784.47,1647.68,117.83,18.07,686,159.19,2160,314,53,2421,58,7406,8.22,5,32,8.3,81,76,2.45,279.97,9233.02,19.11,35.5,483.15,93.83,29.74
2021-11-02,November,Q4,2021,West,Startup,Online,Product_C,Rep_3,65011.06,28842.96,6672.48,4125.05,26710.86,2784.76,1395.53,8.03,785,229.84,2254,342,168,2428,57,2156,3.85,6,35,6.5,114,91,7.45,332.27,13100.88,19.51,44.37,671.5,79.82,28.84
2021-11-03,November,Q4,2021,North,SMB,Referral,Product_A,Rep_14,70892.83,23181.54,6796.21,4498.37,38971.85,1943.23,2674.33,18.12,540,131.28,2319,234,180,2373,50,15318,6.95,13,59,6.3,23,19,7.76,241.1,6564.0,29.04,32.7,226.03,82.61,30.57
2021-11-04,November,Q4,2021,West,SMB,Partner,Product_B,Rep_9,61626.73,24680.71,6461.55,3399.86,28565.06,1919.41,1796.73,7.12,199,424.44,2207,314,54,2467,46,9535,7.49,7,49,5.5,134,104,2.45,281.96,19524.24,20.58,40.05,948.7,77.61,27.92
2021-11-05,November,Q4,2021,South,Government,Direct,Product_E,Rep_3,67400.15,32781.07,5719.55,4127.45,26961.88,1937.65,3153.89,18.81,517,300.03,2340,402,122,2620,41,6295,4.55,10,84,7.5,138,133,5.21,473.14,12301.23,14.23,48.64,864.46,96.38,28.8
2021-11-06,November,Q4,2021,North,Enterprise,Online,Product_C,Rep_6,63733.78,22569.82,7414.42,4600.74,32008.75,1740.79,2764.91,0.77,750,583.78,2382,344,91,2635,28,13264,4.15,8,77,7.3,161,157,3.82,204.4,16345.84,21.55,35.41,758.51,97.52,26.76
2021-11-07,November,Q4,2021,North,Startup,Direct,Product_B,Rep_20,63736.42,28864.21,5400.57,3478.61,26091.8,3379.84,1060.09,7.08,92,241.78,2150,372,94,2428,53,7154,6.73,9,67,6.5,173,143,4.37,434.47,12814.34,14.52,45.29,882.53,82.66,29.64
2021-11-08,November,Q4,2021,North,Government,Referral,Product_A,Rep_9,70398.79,26562.37,9575.99,7586.96,32047.92,2212.51,297.88,12.47,78,290.4,2162,267,67,2362,58,19632,7.89,14,68,5.7,183,164,3.1,177.39,16843.2,35.87,37.73,469.56,89.62,32.56
2021-11-09,November,Q4,2021,West,Retail,Partner,Product_D,Rep_1,69112.07,21090.23,6659.63,4017.82,37416.95,3945.26,3262.98,1.13,681,319.01,2235,405,122,2518,40,10136,6.78,4,21,7.3,137,103,5.46,216.69,12760.4,16.44,30.52,776.18,75.18,30.92
2021-11-10,November,Q4,2021,East,Enterprise,Direct,Product_B,Rep_9,69132.61,28404.12,8143.88,5655.65,28519.82,4064.79,1788.07,4.65,80,148.25,2284,363,177,2470,17,14213,3.09,4,33,8.9,173,144,7.75,248.78,2520.25,22.43,41.09,112.36,83.24,30.27
2021-11-11,November,Q4,2021,Central,Government,Partner,Product_D,Rep_12,71672.54,17751.59,10149.23,6269.7,40700.52,3071.2,266.61,23.36,742,527.76,2205,267,111,2361,28,13072,7.72,7,36,8.6,66,59,5.03,74.91,14777.28,38.01,24.77,388.77,89.39,32.5
2021-11-12,November,Q4,2021,North,SMB,Online,Product_D,Rep_4,65330.24,29264.97,8202.96,6302.21,26182.01,1680.3,2667.35,24.42,723,163.47,2396,296,60,2632,28,11242,4.21,12,50,9.2,162,132,2.5,256.76,4577.16,27.71,44.8,165.18,81.48,27.27
2021-11-13,November,Q4,2021,East,Startup,Direct,Product_C,Rep_16,68715.07,27372.39,8060.76,6078.03,30878.13,2403.79,2983.97,18.49,177,560.36,2308,376,132,2552,25,4285,5.53,10,29,5.5,107,86,5.72,239.58,14009.0,21.44,39.83,653.4,80.37,29.77
2021-11-14,November,Q4,2021,North,SMB,Social,Product_E,Rep_5,63834.05,18971.9,6555.97,3753.21,34992.6,3313.58,2040.85,6.31,343,539.9,2273,416,92,2597,35,10522,7.32,10,56,9.7,194,136,4.05,189.38,18896.5,15.76,29.72,1199.02,70.1,28.08
2021-11-15,November,Q4,2021,East,Government,Online,Product_A,Rep_17,67086.3,26750.01,6930.69,4903.63,31078.0,2327.6,1501.09,6.51,490,400.66,2130,302,152,2280,48,3003,2.82,11,83,7.0,104,98,7.14,285.96,19231.68,22.95,39.87,837.98,94.23,31.5
2021-11-16,November,Q4,2021,South,Enterprise,Partner,Product_A,Rep_17,64894.83,27857.84,8232.82,4277.37,27280.39,1523.78,2148.58,16.14,437,398.61,2146,270,99,2317,51,10979,6.99,9,49,9.8,159,154,4.61,238.38,20329.11,30.49,42.93,666.75,96.86,30.24
2021-11-17,November,Q4,2021,West,Enterprise,Referral,Product_B,Rep_6,66110.61,22219.25,9889.47,7802.35,31207.3,2794.59,2335.96,2.94,691,454.7,2309,431,73,2667,50,11438,5.67,11,53,6.6,182,180,3.16,124.68,22735.0,22.95,33.61,990.63,98.9,28.63
2021-11-18,November,Q4,2021,East,Startup,Social,Product_A,Rep_15,68681.49,25122.84,8676.45,5246.62,31186.8,3695.4,3066.73,23.71,573,327.42,2072,346,65,2353,43,15227,7.75,2,37,7.5,56,51,3.14,189.55,14079.06,25.08,36.58,561.37,91.07,33.15
2021-11-19,November,Q4,2021,Central,Retail,Direct,Product_C,Rep_1,61694.68,16076.14,7344.43,5505.04,35076.04,3198.07,2948.58,5.62,596,442.68,2391,346,158,2579,47,4672,2.7,13,82,7.0,53,46,6.61,118.89,20805.96,21.23,26.06,980.03,86.79,25.8
2021-11-20,November,Q4,2021,West,Government,Online,Product_A,Rep_13,76327.8,28941.97,10010.05,5961.28,35314.55,2061.23,1962.85,24.99,759,152.89,2277,339,82,2534,48,8458,4.44,11,68,7.0,194,151,3.6,189.13,7338.72,29.53,37.92,248.52,77.84,33.52
2021-11-21,November,Q4,2021,North,Enterprise,Direct,Product_B,Rep_16,60915.86,17223.26,6856.96,4730.15,33978.04,2857.6,2432.05,12.39,159,171.62,2622,316,173,2765,59,19539,7.33,6,75,9.1,104,104,6.6,151.18,10125.58,21.7,28.27,466.62,100.0,23.23
2021-11-22,November,Q4,2021,North,Retail,Direct,Product_A,Rep_2,59955.08,18501.85,5048.82,4014.2,34676.49,1727.92,2891.36,19.29,377,355.48,2532,412,82,2862,25,4479,1.63,10,77,8.7,192,168,3.24,266.46,8887.0,12.25,30.86,725.47,87.5,23.68
2021-11-23,November,Q4,2021,North,SMB,Social,Product_E,Rep_19,71896.66,26252.88,8581.64,6548.01,34996.67,2065.47,543.69,0.05,454,416.86,2287,311,90,2508,38,15887,2.29,10,46,9.8,130,118,3.94,205.92,15840.68,27.59,36.51,574.15,90.77,31.44
2021-11-24,November,Q4,2021,West,Enterprise,Social,Product_D,Rep_2,70144.5,15152.25,10313.61,5652.99,40823.3,3855.34,64.07,22.22,294,556.39,2299,459,110,2648,30,1051,8.43,8,74,8.1,122,110,4.78,46.92,16691.7,22.47,21.6,742.84,90.16,30.51
2021-11-25,November,Q4,2021,South,Retail,Social,Product_D,Rep_12,69386.87,27912.84,6402.41,4252.78,32990.93,2080.69,3014.73,6.75,212,212.46,2413,357,185,2585,42,3159,3.46,13,38,7.5,58,55,7.67,335.97,8923.32,17.93,40.23,497.68,94.83,28.76
2021-11-26,November,Q4,2021,North,SMB,Social,Product_D,Rep_12,69488.07,17257.65,8915.34,5389.85,41193.62,2121.46,678.46,16.7,609,526.17,2488,370,189,2669,57,5390,8.33,5,42,5.9,123,86,7.6,93.57,29991.69,24.1,24.84,1244.47,69.92,27.93
2021-11-27,November,Q4,2021,Central,SMB,Referral,Product_E,Rep_8,66365.19,31062.26,6242.67,3934.77,27731.22,1329.04,140.96,20.16,448,237.41,2158,338,70,2426,20,17080,2.78,5,66,9.8,137,105,3.24,397.58,4748.2,18.47,46.81,257.08,76.64,30.75
2021-11-28,November,Q4,2021,South,Startup,Partner,Product_C,Rep_12,62020.23,18002.08,7287.87,4376.77,33329.91,3400.37,496.46,4.1,632,328.51,2147,412,89,2470,49,3112,4.03,8,70,7.9,141,127,4.15,147.01,16096.99,17.69,29.03,909.95,90.07,28.89
2021-11-29,November,Q4,2021,Central,Government,Social,Product_B,Rep_11,66965.61,24292.84,5810.43,3490.84,33399.96,3462.38,1286.12,11.06,448,294.83,2267,408,66,2609,28,13752,6.77,1,47,8.5,166,161,2.91,318.09,8255.24,14.24,36.28,579.72,96.99,29.54
2021-11-30,November,Q4,2021,Central,Startup,Online,Product_E,Rep_2,63280.86,23151.38,7057.46,4677.44,30218.49,2853.53,693.77,12.35,542,320.68,2392,347,121,2618,30,15593,6.1,6,76,7.2,102,92,5.06,228.04,9620.4,20.34,36.59,472.98,90.2,26.46
2021-12-01,December,Q4,2021,East,Enterprise,Direct,Product_B,Rep_1,71622.35,20807.41,9520.86,5308.73,37712.2,3581.88,1093.15,7.8,695,213.88,2387,410,114,2683,55,16339,5.57,10,77,7.9,40,33,4.78,118.55,11763.4,23.22,29.05,506.61,82.5,30.01
2021-12-02,December,Q4,2021,North,Startup,Social,Product_C,Rep_4,66091.54,21731.99,6895.33,4559.32,35740.42,1723.8,3222.93,12.04,288,374.55,2448,388,181,2655,15,2354,5.21,13,34,9.6,152,123,7.39,215.17,5618.25,17.77,32.88,316.16,80.92,27.0
2021-12-03,December,Q4,2021,East,Enterprise,Online,Product_E,Rep_9,62779.42,27262.0,7944.35,4637.03,25166.55,2406.52,2211.11,7.94,514,526.8,2225,332,169,2388,59,6620,7.4,9,35,6.2,85,78,7.6,243.16,31081.2,23.93,43.43,1298.84,91.76,28.22
2021-12-04,December,Q4,2021,Central,Startup,Referral,Product_A,Rep_7,65380.06,25947.99,8870.86,5204.49,28335.1,2226.11,2328.16,9.02,629,327.88,2118,253,91,2280,22,4754,3.14,12,66,6.8,89,82,4.3,192.51,7213.36,35.06,39.69,205.74,92.13,30.87
2021-12-05,December,Q4,2021,South,Enterprise,Online,Product_C,Rep_10,69131.72,19960.9,10017.36,7228.77,37511.51,1641.95,327.29,16.73,81,382.84,2439,357,121,2675,33,17593,4.6,6,82,6.2,87,77,4.96,99.26,12633.72,28.06,28.87,450.24,88.51,28.34
2021-12-06,December,Q4,2021,Central,Startup,Online,Product_D,Rep_20,64328.52,21283.27,6202.87,3156.5,34304.93,2537.45,2354.74,15.81,172,522.58,2275,283,168,2390,15,17167,2.59,7,31,8.9,67,53,7.38,243.12,7838.7,21.92,33.09,357.6,79.1,28.28
2021-12-07,December,Q4,2021,West,Retail,Referral,Product_E,Rep_14,63116.13,15274.66,6813.52,4185.43,37441.09,3586.86,2333.23,5.81,583,454.01,2160,414,148,2426,28,1237,5.67,4,62,5.8,71,69,6.85,124.18,12712.28,16.46,24.2,772.31,97.18,29.22
2021-12-08,December,Q4,2021,East,SMB,Referral,Product_C,Rep_1,68525.74,22991.82,6213.17,3866.21,37840.43,1480.32,2260.48,22.44,716,382.5,2380,318,48,2650,19,9527,3.25,12,48,5.9,162,140,2.02,270.05,7267.5,19.54,33.55,371.93,86.42,28.79
2021-12-09,December,Q4,2021,South,Startup,Direct,Product_C,Rep_5,68612.22,15692.52,10255.73,6620.41,40491.81,2172.16,783.68,21.57,159,273.28,2449,478,96,2831,57,9075,3.84,10,68,6.8,7,7,3.92,53.01,15576.96,21.46,22.87,725.86,100.0,28.02
2021-12-10,December,Q4,2021,Central,SMB,Social,Product_E,Rep_13,64932.75,18590.26,9408.11,6592.29,35096.68,1837.7,1373.45,12.73,320,560.77,2361,362,107,2616,45,18960,4.8,1,22,7.7,181,138,4.53,97.6,25234.65,25.99,28.63,970.94,76.24,27.5
2021-12-11,December,Q4,2021,Central,Retail,Online,Product_D,Rep_6,65192.36,25624.95,7679.46,4691.43,29963.09,1924.86,2758.54,10.83,429,417.67,2332,380,79,2633,22,9691,1.69,9,79,7.2,46,37,3.39,233.68,9188.74,20.21,39.31,454.66,80.43,27.96
2021-12-12,December,Q4,2021,North,Government,Partner,Product_D,Rep_17,68787.88,26390.28,9557.55,5389.9,28964.72,3875.33,2305.09,9.42,349,270.12,2365,365,76,2654,42,10756,2.14,12,45,5.7,28,27,3.21,176.12,11345.04,26.19,38.36,433.18,96.43,29.09
2021-12-13,December,Q4,2021,East,SMB,Partner,Product_C,Rep_15,60467.29,17441.51,7042.45,5390.73,33641.87,2341.46,2215.43,17.68,676,276.69,2348,265,52,2561,22,4540,6.3,6,66,9.6,48,34,2.21,147.66,6087.18,26.58,28.84,229.01,70.83,25.75
2021-12-14,December,Q4,2021,South,Enterprise,Direct,Product_B,Rep_7,60750.47,18763.82,7511.86,5966.76,32126.66,2348.13,1784.16,16.79,781,509.85,2255,310,132,2433,49,10327,4.5,3,61,9.6,133,114,5.85,149.79,24982.65,24.23,30.89,1031.06,85.71,26.94
2021-12-15,December,Q4,2021,West,Enterprise,Partner,Product_C,Rep_8,64275.65,29161.93,5543.05,2804.81,26329.7,3240.97,1444.87,4.9,791,173.3,2322,255,83,2494,32,11540,7.55,4,50,6.7,119,100,3.57,426.1,5545.6,21.74,45.37,255.09,84.03,27.68
2021-12-16,December,Q4,2021,South,Startup,Direct,Product_E,Rep_2,66880.71,24675.05,8886.37,5900.02,31568.37,1750.92,2538.3,16.79,298,608.87,2450,398,57,2791,57,8257,6.36,10,41,8.6,186,172,2.33,177.67,34705.59,22.33,36.89,1554.21,92.47,27.3
2021-12-17,December,Q4,2021,North,Enterprise,Social,Product_E,Rep_18,69582.57,19497.69,6188.67,3728.74,41148.35,2747.86,236.32,6.31,570,200.87,2434,352,82,2704,41,17533,1.56,12,36,8.0,184,144,3.37,215.05,8235.67,17.58,28.02,468.47,78.26,28.59
2021-12-18,December,Q4,2021,South,Government,Direct,Product_E,Rep_7,75484.89,24524.72,10403.68,6066.35,37748.5,2807.99,2540.67,0.46,83,501.71,2422,431,165,2688,21,12720,5.82,6,39,6.5,40,31,6.81,135.73,10535.91,24.14,32.49,436.45,77.5,31.17
2021-12-19,December,Q4,2021,West,Retail,Referral,Product_D,Rep_20,72476.49,24267.73,9765.62,5866.32,35263.13,3180.01,3613.69,17.48,277,324.56,2310,282,164,2428,37,2624,2.16,6,27,6.6,42,41,7.1,148.5,12008.72,34.63,33.48,346.77,97.62,31.38
2021-12-20,December,Q4,2021,Central,SMB,Referral,Product_A,Rep_16,67468.58,21513.41,8744.75,6048.42,33163.5,4046.92,2631.92,16.12,634,350.45,2395,279,117,2557,38,8661,6.97,12,68,7.6,176,153,4.89,146.02,13317.1,31.34,31.89,424.92,86.93,28.17
2021-12-21,December,Q4,2021,West,Enterprise,Referral,Product_E,Rep_19,68253.27,29001.79,5633.03,3138.81,30152.69,3465.76,991.6,10.27,448,547.67,2200,309,99,2410,19,19958,8.44,9,57,7.3,86,63,4.5,414.85,10405.73,18.23,42.49,570.8,73.26,31.02
2021-12-22,December,Q4,2021,East,Enterprise,Referral,Product_E,Rep_9,63415.78,24676.67,6418.88,4967.3,30042.68,2277.55,880.91,13.14,773,316.95,2439,470,192,2717,50,8529,5.22,4,72,6.8,179,136,7.87,284.44,15847.5,13.66,38.91,1160.14,75.98,26.0
2021-12-23,December,Q4,2021,West,Retail,Referral,Product_B,Rep_12,68415.94,25622.96,6733.35,4308.23,32426.6,3633.03,2282.42,23.68,633,392.4,2568,439,82,2925,19,14654,6.28,5,47,9.0,33,33,3.19,280.54,7455.6,15.34,37.45,486.02,100.0,26.64
2021-12-24,December,Q4,2021,North,SMB,Referral,Product_B,Rep_14,67145.3,30718.37,7064.33,4222.16,27561.2,1801.4,3007.62,14.88,619,180.83,2282,324,75,2531,19,3108,3.16,5,48,7.6,183,139,3.29,334.84,3435.77,21.8,45.75,157.6,75.96,29.42
2021-12-25,December,Q4,2021,East,Government,Referral,Product_C,Rep_7,70282.26,23835.03,6053.76,4417.18,38902.18,1491.29,2030.98,16.45,269,146.29,2375,360,89,2646,45,4947,4.56,3,30,8.3,45,40,3.75,293.72,6583.05,16.82,33.91,391.38,88.89,29.59
2021-12-26,December,Q4,2021,West,Government,Referral,Product_C,Rep_2,64612.59,22157.86,9406.76,4749.51,31227.32,1820.65,1703.84,1.6,420,276.93,2470,268,75,2663,27,8899,7.49,2,66,6.3,196,162,3.04,135.55,7477.11,35.1,34.29,213.02,82.65,26.16
2021-12-27,December,Q4,2021,Central,Government,Referral,Product_C,Rep_17,71425.56,20226.39,8482.94,5340.48,40315.16,2401.07,572.78,4.15,577,441.65,2567,509,110,2966,52,14372,2.67,8,64,7.8,92,89,4.29,138.44,22965.8,16.67,28.32,1377.67,96.74,27.82
2021-12-28,December,Q4,2021,East,Startup,Social,Product_E,Rep_11,76572.6,22062.14,7763.44,4709.23,43651.71,3095.31,2739.22,7.52,124,216.48,2401,400,179,2622,24,5914,3.36,10,37,6.9,52,48,7.46,184.18,5195.52,19.41,28.81,267.67,92.31,31.89
2021-12-29,December,Q4,2021,Central,Government,Referral,Product_B,Rep_18,68445.19,27734.49,7377.62,4437.37,30280.07,3053.01,2403.45,13.48,667,207.94,2380,306,135,2551,34,7667,4.62,9,69,7.8,118,104,5.67,275.93,7069.96,24.11,40.52,293.24,88.14,28.76
2021-12-30,December,Q4,2021,South,Retail,Direct,Product_C,Rep_12,71077.63,21380.21,7911.24,4755.62,37775.68,4010.5,3436.43,19.41,185,317.77,2257,358,101,2514,23,3263,6.49,10,68,8.9,26,18,4.47,170.25,7308.71,22.1,30.08,330.71,69.23,31.49
2021-12-31,December,Q4,2021,West,Enterprise,Social,Product_B,Rep_3,72599.87,24909.59,8860.2,4513.22,35897.47,2932.61,1089.7,8.03,123,468.64,2468,274,188,2554,38,4815,4.13,11,41,8.8,103,99,7.62,181.14,17808.32,32.34,34.31,550.66,96.12,29.42
2022-01-01,January,Q1,2022,North,Government,Partner,Product_E,Rep_14,67223.13,18003.7,7804.44,4258.38,38722.63,2692.36,2542.53,8.91,303,469.79,2666,524,61,3129,33,1577,7.99,13,64,7.0,21,18,2.29,130.69,15503.07,14.89,26.78,1041.17,85.71,25.21
2022-01-02,January,Q1,2022,Central,SMB,Online,Product_E,Rep_15,70429.77,27501.75,10167.06,5516.3,31210.82,1550.14,1528.56,6.4,67,221.53,2493,293,81,2705,43,16029,2.16,9,80,8.5,90,88,3.25,170.5,9525.79,34.7,39.05,274.52,97.78,28.25
2022-01-03,January,Q1,2022,South,Startup,Social,Product_C,Rep_19,69452.35,22797.98,7972.26,6350.57,37196.08,1486.03,1939.36,6.37,92,171.74,2467,407,133,2741,38,17806,4.1,14,40,9.5,137,116,5.39,185.97,6526.12,19.59,32.83,333.14,84.67,28.15
2022-01-04,January,Q1,2022,West,Enterprise,Referral,Product_E,Rep_10,69957.85,20074.55,10455.27,5297.16,36486.55,2941.48,2855.87,23.72,99,570.98,2506,312,143,2675,13,3763,6.46,5,80,8.2,65,59,5.71,92.0,7422.74,33.51,28.7,221.51,90.77,27.92
2022-01-05,January,Q1,2022,South,Retail,Social,Product_E,Rep_9,65684.5,23896.86,9169.54,5044.37,30153.15,2464.95,729.08,15.89,564,266.03,2476,425,55,2846,56,18613,3.08,11,55,6.1,93,67,2.22,160.61,14897.68,21.58,36.38,690.35,72.04,26.53
2022-01-06,January,Q1,2022,East,SMB,Online,Product_B,Rep_10,69752.18,29610.98,6598.26,5227.49,29806.51,3736.43,1195.79,3.9,793,535.04,2400,426,106,2720,44,16645,6.09,9,43,8.4,138,127,4.42,348.77,23541.76,15.49,42.45,1519.8,92.03,29.06
2022-01-07,January,Q1,2022,South,Startup,Online,Product_A,Rep_20,72199.7,21522.97,10479.18,7214.67,38289.52,1908.03,2791.63,18.06,780,535.59,2568,430,151,2847,37,9945,2.65,4,51,6.0,185,148,5.88,105.39,19816.83,24.37,29.81,813.16,80.0,28.12
2022-01-08,January,Q1,2022,North,Retail,Referral,Product_D,Rep_4,77045.51,26437.08,6791.23,4313.79,42199.33,1617.87,2197.56,18.05,620,503.97,2512,406,155,2763,39,18071,1.89,2,78,9.3,85,68,6.17,289.28,19654.83,16.73,34.31,1174.83,80.0,30.67
2022-01-09,January,Q1,2022,Central,Enterprise,Referral,Product_C,Rep_19,74666.22,27006.13,10245.81,5365.0,34579.83,2834.45,345.04,16.66,625,222.1,2495,472,145,2822,30,18106,2.35,3,24,7.7,99,73,5.81,163.58,6663.0,21.71,36.17,306.91,73.74,29.93
2022-01-10,January,Q1,2022,North,SMB,Direct,Product_A,Rep_10,80715.86,27030.99,8607.83,6033.21,42695.99,2381.05,1736.14,3.37,631,500.46,2400,259,94,2565,54,14854,8.01,1,35,7.2,149,111,3.92,214.03,27024.84,33.23,33.49,813.27,74.5,33.63
2022-01-11,January,Q1,2022,Central,Retail,Online,Product_C,Rep_17,66193.29,23666.16,9363.58,5068.89,31708.32,1455.23,1941.56,10.2,352,494.67,2632,350,67,2915,16,18130,5.36,5,30,5.7,63,48,2.55,152.75,7914.72,26.75,35.75,295.88,76.19,25.15
2022-01-12,January,Q1,2022,West,Startup,Referral,Product_A,Rep_12,74471.71,19929.43,10482.93,7352.26,40411.43,3647.92,3386.67,2.67,191,394.86,2572,321,117,2776,44,3712,7.07,1,54,7.1,171,137,4.55,90.11,17373.84,32.66,26.76,531.96,80.12,28.95
2022-01-13,January,Q1,2022,Central,Enterprise,Online,Product_E,Rep_1,71106.9,28391.45,9700.03,7699.43,31275.88,1739.54,670.14,20.42,251,305.28,2454,488,68,2874,31,18091,3.83,12,61,9.4,58,56,2.77,192.69,9463.68,19.88,39.93,476.04,96.55,28.98
2022-01-14,January,Q1,2022,West,Enterprise,Direct,Product_C,Rep_11,81219.28,19681.22,10989.14,7248.35,46948.24,3600.68,3272.95,16.38,256,258.34,2614,363,201,2776,41,16857,5.65,11,29,5.6,130,105,7.69,79.1,10591.94,30.27,24.23,349.92,80.77,31.07
2022-01-15,January,Q1,2022,North,Startup,Partner,Product_A,Rep_13,66308.86,27183.23,6718.91,3790.98,30335.1,2071.62,433.08,12.68,464,206.48,2468,428,120,2776,56,9626,4.96,1,27,7.5,180,165,4.86,304.58,11562.88,15.7,40.99,736.49,91.67,26.87
2022-01-16,January,Q1,2022,South,Government,Online,Product_D,Rep_1,66231.82,27409.28,5673.71,3901.16,31364.56,1784.27,802.19,8.58,270,392.53,2443,412,95,2760,19,14068,8.12,14,45,9.5,169,122,3.89,383.09,7458.07,13.77,41.38,541.62,72.19,27.11
2022-01-17,January,Q1,2022,Central,Retail,Direct,Product_E,Rep_1,67513.55,30042.37,7305.55,4776.95,27789.82,2375.81,821.45,4.61,411,403.88,2450,297,162,2585,49,17867,6.73,11,22,7.2,52,46,6.61,311.23,19790.12,24.6,44.5,804.48,88.46,27.56
2022-01-18,January,Q1,2022,North,Retail,Direct,Product_C,Rep_16,59971.11,25997.05,5526.14,3646.93,25325.95,3121.97,2631.17,2.66,130,322.31,2352,291,117,2526,28,15719,6.61,11,78,7.3,72,61,4.97,370.44,9024.68,18.99,43.35,475.23,84.72,25.5
2022-01-19,January,Q1,2022,North,Government,Direct,Product_C,Rep_7,68041.9,22623.75,8753.36,5632.19,34236.8,2427.99,677.08,24.23,612,359.58,2581,331,100,2812,55,2533,1.82,13,22,8.0,111,110,3.87,158.46,19776.9,26.45,33.25,747.71,99.1,26.36
2022-01-20,January,Q1,2022,North,Startup,Social,Product_A,Rep_10,66955.09,26261.37,6978.53,4899.78,30365.37,3349.82,2634.55,4.99,334,331.11,2354,332,162,2524,12,17553,5.35,7,57,7.5,82,78,6.88,276.32,3973.32,21.02,39.22,189.03,95.12,28.44
2022-01-21,January,Q1,2022,East,Enterprise,Referral,Product_C,Rep_16,71582.8,18582.31,10615.21,7129.0,40594.32,1790.96,1652.87,1.5,418,434.8,2419,299,174,2544,14,18404,4.77,2,21,6.2,81,68,7.19,75.05,6087.2,35.5,25.96,171.47,83.95,29.59
2022-01-22,January,Q1,2022,East,Retail,Online,Product_E,Rep_1,72619.69,30593.4,9067.88,7218.93,29261.28,3697.13,3627.68,24.04,541,547.17,2338,238,141,2435,57,8093,7.99,8,36,5.6,31,29,6.03,237.38,31188.69,38.1,42.13,818.6,93.55,31.06
2022-01-23,January,Q1,2022,West,Retail,Social,Product_B,Rep_9,80371.85,28703.21,11057.05,8268.01,38242.44,2369.15,3371.97,13.72,395,230.63,2541,478,58,2961,37,14156,3.3,6,55,8.1,92,70,2.28,159.59,8533.31,23.13,35.71,368.93,76.09,31.63
2022-01-24,January,Q1,2022,East,Enterprise,Online,Product_A,Rep_6,75823.19,30037.99,6769.25,3922.17,35445.0,3570.95,2804.33,19.92,253,317.27,2539,499,137,2901,42,18231,3.39,4,21,9.5,159,138,5.4,343.74,13325.34,13.57,39.62,981.97,86.79,29.86
2022-01-25,January,Q1,2022,West,SMB,Social,Product_D,Rep_15,68266.63,28205.19,9580.61,6876.26,27570.54,2910.29,2972.08,1.09,74,204.98,2525,339,166,2698,19,14785,4.38,9,53,6.0,76,55,6.57,194.4,3894.62,28.26,41.32,137.81,72.37,27.04
2022-01-26,January,Q1,2022,Central,SMB,Referral,Product_C,Rep_4,66739.16,24918.23,9650.02,5445.41,28355.71,3815.2,2115.73,14.17,602,426.44,2457,329,69,2717,54,16591,3.2,10,46,6.4,195,157,2.81,158.22,23027.76,29.33,37.34,785.13,80.51,27.16
2022-01-27,January,Q1,2022,North,Retail,Direct,Product_E,Rep_15,73770.91,27124.41,8416.84,6183.89,35611.32,2618.34,3111.85,9.96,118,477.54,2448,247,83,2612,57,15694,2.4,8,56,7.1,184,141,3.39,222.26,27219.78,34.08,36.77,798.7,76.63,30.14
2022-01-28,January,Q1,2022,West,SMB,Online,Product_C,Rep_10,64790.23,23087.53,7932.77,4317.55,32302.65,1467.28,845.92,19.3,565,582.78,2616,440,191,2865,19,4346,7.5,13,41,9.0,51,47,7.3,191.04,11072.82,18.03,35.63,614.13,92.16,24.77
2022-01-29,January,Q1,2022,South,Startup,Direct,Product_D,Rep_16,80628.77,29416.53,10766.9,6913.06,38770.99,1674.35,393.88,0.96,541,256.15,2519,460,53,2926,46,5013,5.41,10,33,6.7,107,91,2.1,173.21,11782.9,23.41,36.48,503.33,85.05,32.01
2022-01-30,January,Q1,2022,East,Government,Referral,Product_E,Rep_13,77448.75,26990.85,7143.77,5266.26,39203.59,4110.54,2385.16,10.04,289,577.83,2609,299,170,2738,50,1031,7.53,3,42,9.3,25,23,6.52,277.82,28891.5,23.89,34.85,1209.36,92.0,29.69
2022-01-31,January,Q1,2022,South,Retail,Online,Product_D,Rep_19,69285.75,22504.33,7980.31,4660.77,35961.13,2839.98,1505.89,19.98,410,184.72,2493,289,121,2661,39,12156,7.32,3,63,5.7,119,102,4.85,182.0,7204.08,27.61,32.48,260.92,85.71,27.79
2022-02-01,February,Q1,2022,West,Government,Partner,Product_E,Rep_20,63146.04,27727.37,6813.86,5118.13,25383.75,3221.06,1346.4,13.07,490,423.29,2604,466,122,2948,15,11304,3.47,4,84,9.5,61,44,4.69,306.93,6349.35,14.62,43.91,434.29,72.13,24.25
2022-02-02,February,Q1,2022,East,Retail,Partner,Product_B,Rep_4,78561.15,30446.99,7089.84,4915.0,38716.43,2307.89,2069.1,13.75,80,188.81,2720,440,56,3104,27,8877,5.33,14,80,7.9,109,100,2.06,329.45,5097.87,16.11,38.76,316.44,91.74,28.88
2022-02-03,February,Q1,2022,North,Startup,Partner,Product_E,Rep_20,71299.17,19091.73,7538.28,4668.13,42259.01,2410.15,1288.31,2.43,678,551.46,2652,277,183,2746,24,7170,2.08,9,74,8.3,99,94,6.9,153.26,13235.04,27.21,26.78,486.4,94.95,26.89
2022-02-04,February,Q1,2022,North,Retail,Referral,Product_D,Rep_16,78141.03,30491.98,6624.18,4153.53,39367.96,1656.91,2446.05,3.31,756,386.56,2556,415,106,2865,31,13078,7.91,9,69,7.1,174,169,4.15,360.31,11983.36,15.96,39.02,750.84,97.13,30.57
2022-02-05,February,Q1,2022,East,SMB,Partner,Product_A,Rep_11,64059.89,20769.82,5240.54,4076.08,34304.61,3744.92,97.91,16.92,651,457.13,2627,344,138,2833,16,3315,4.33,5,31,8.9,114,99,5.25,296.33,7314.08,15.23,32.42,480.24,86.84,24.39
2022-02-06,February,Q1,2022,South,Enterprise,Online,Product_B,Rep_15,69115.24,27746.37,6183.16,3495.57,31957.01,3228.7,3351.71,16.88,739,525.2,2582,353,157,2778,48,1065,4.26,12,34,6.2,180,167,6.08,348.74,25209.6,17.52,40.15,1438.9,92.78,26.77
2022-02-07,February,Q1,2022,South,Startup,Partner,Product_C,Rep_11,72218.41,17365.31,10646.3,7537.67,40066.65,4140.15,3339.05,24.48,706,213.74,2610,462,162,2910,31,13420,3.62,9,36,5.7,31,29,6.21,63.11,6625.94,23.04,24.05,287.58,93.55,27.67
2022-02-08,February,Q1,2022,Central,Government,Online,Product_B,Rep_11,72507.18,21485.97,8589.71,6117.49,40211.34,2220.16,3390.69,17.8,763,172.53,2581,467,200,2848,35,19312,4.72,6,53,7.2,132,99,7.75,150.14,6038.55,18.39,29.63,328.36,75.0,28.09
2022-02-09,February,Q1,2022,North,Startup,Referral,Product_B,Rep_3,70102.02,21288.21,10347.59,8037.33,35349.59,3116.63,1279.37,12.33,371,538.97,2601,364,135,2830,47,8533,3.26,8,54,9.2,165,124,5.19,105.73,25331.59,28.43,30.37,891.02,75.15,26.95
2022-02-10,February,Q1,2022,East,Enterprise,Direct,Product_C,Rep_17,75546.68,18688.92,8330.9,5947.84,44965.59,3561.27,2009.13,21.43,393,285.61,2643,515,116,3042,45,15204,4.12,11,58,8.7,80,58,4.39,124.33,12852.45,16.18,24.74,794.34,72.5,28.58
2022-02-11,February,Q1,2022,South,Startup,Social,Product_E,Rep_5,67174.41,29580.97,6840.18,4619.45,28556.52,2196.74,3204.66,2.61,764,202.76,2526,355,195,2686,56,16317,7.1,8,74,7.7,39,31,7.72,332.46,11354.56,19.27,44.04,589.24,79.49,26.59
2022-02-12,February,Q1,2022,South,SMB,Partner,Product_B,Rep_13,71880.7,30711.48,8297.18,6395.11,28995.92,3876.12,3243.06,11.23,585,374.34,2528,448,148,2828,59,16457,7.34,12,78,8.0,102,86,5.85,270.14,22086.06,18.52,42.73,1192.55,84.31,28.43
2022-02-13,February,Q1,2022,Central,Startup,Social,Product_B,Rep_10,73274.15,20320.1,8116.27,6076.97,40596.2,4241.58,2895.22,7.18,404,387.03,2495,370,95,2770,45,17968,3.63,10,24,6.1,148,148,3.81,150.36,17416.35,21.94,27.73,793.82,100.0,29.37
2022-02-14,February,Q1,2022,Central,SMB,Direct,Product_A,Rep_5,75324.95,22279.47,6583.14,4707.16,42289.77,4172.57,1534.11,2.62,520,167.9,2478,470,68,2880,30,6244,4.78,7,49,9.1,40,33,2.74,238.43,5037.0,14.01,29.58,359.53,82.5,30.4
2022-02-15,February,Q1,2022,Central,Retail,Referral,Product_A,Rep_12,76390.91,30673.86,9538.0,4862.22,32392.91,3786.14,2155.52,19.09,154,274.04,2520,481,178,2823,28,9154,7.62,4,23,8.9,70,64,7.06,221.6,7673.12,19.83,40.15,386.95,91.43,30.31
2022-02-16,February,Q1,2022,Central,Retail,Referral,Product_D,Rep_8,67289.7,28306.23,6400.78,3917.64,30490.08,2092.61,2667.74,12.77,371,147.95,2662,289,111,2840,16,19132,1.87,4,34,8.3,60,54,4.17,342.23,2367.2,22.15,42.07,106.87,90.0,25.28
2022-02-17,February,Q1,2022,North,Startup,Direct,Product_C,Rep_12,65322.42,28862.96,8058.9,5557.15,26358.28,2042.28,891.69,13.92,621,342.25,2560,496,153,2903,36,19588,7.72,6,54,7.5,149,113,5.98,258.15,12321.0,16.25,44.19,758.22,75.84,25.52
2022-02-18,February,Q1,2022,South,Government,Social,Product_E,Rep_16,79461.46,28390.77,9973.53,6549.37,36445.93,4651.23,2488.93,10.28,576,557.56,2705,494,131,3068,29,12822,3.03,14,74,9.6,152,109,4.84,184.66,16169.24,20.19,35.73,800.85,71.71,29.38
2022-02-19,February,Q1,2022,South,Government,Partner,Product_E,Rep_2,74814.72,25011.94,6781.34,4040.29,41494.37,1527.07,3097.08,11.51,553,598.09,2661,477,85,3053,19,2892,6.25,9,79,9.3,98,85,3.19,268.83,11363.71,14.22,33.43,799.14,86.73,28.12
2022-02-20,February,Q1,2022,South,Retail,Online,Product_D,Rep_3,69490.8,25257.92,5857.69,3182.64,34995.02,3380.17,2458.08,2.9,134,410.15,2465,296,138,2623,38,8018,5.58,7,43,8.3,110,100,5.6,331.19,15585.7,19.79,36.35,787.55,90.91,28.19
2022-02-21,February,Q1,2022,South,Retail,Referral,Product_E,Rep_18,81069.07,28169.69,10916.22,7269.1,38071.59,3911.57,1943.55,16.82,758,236.4,2731,493,65,3159,26,11621,5.37,5,41,7.1,88,88,2.38,158.05,6146.4,22.14,34.75,277.62,100.0,29.68
2022-02-22,February,Q1,2022,Central,Enterprise,Direct,Product_E,Rep_17,73971.77,27262.93,8298.6,4861.11,35088.35,3321.89,2162.23,10.81,284,550.25,2751,509,123,3137,56,1973,7.52,5,63,8.2,140,113,4.47,228.52,30814.0,16.3,36.86,1890.43,80.71,26.89
2022-02-23,February,Q1,2022,West,Enterprise,Social,Product_A,Rep_2,79369.96,36196.94,6672.75,3802.8,31769.47,4730.8,3923.56,20.42,312,389.18,2574,332,136,2770,24,11834,2.21,8,51,8.0,150,145,5.28,442.46,9340.32,20.1,45.61,464.69,96.67,30.84
2022-02-24,February,Q1,2022,South,Retail,Partner,Product_E,Rep_12,73891.15,26447.42,11057.12,6851.96,33986.98,2399.63,2224.08,4.91,55,226.6,2720,531,126,3125,27,7615,3.93,6,70,7.2,22,18,4.63,139.19,6118.2,20.82,35.79,293.86,81.82,27.17
2022-02-25,February,Q1,2022,North,SMB,Social,Product_E,Rep_17,83937.37,29635.32,7054.49,5189.62,44427.36,2820.2,3297.13,5.13,543,556.01,2596,273,169,2700,33,5329,5.27,1,22,6.8,150,136,6.51,320.09,18348.33,25.84,35.31,710.07,90.67,32.33
2022-02-26,February,Q1,2022,South,Government,Partner,Product_D,Rep_6,82490.42,20899.03,10612.6,6859.52,49068.51,1910.28,2996.9,16.14,338,497.46,2695,310,188,2817,31,2477,7.18,1,51,7.3,129,113,6.98,96.93,15421.26,34.23,25.34,450.52,87.6,30.61
2022-02-27,February,Q1,2022,East,Retail,Online,Product_D,Rep_17,72548.97,17703.28,10799.46,6101.13,41310.27,2735.96,2544.62,21.15,619,475.42,2563,394,170,2787,24,8329,3.02,9,21,8.0,6,4,6.63,63.93,11410.08,27.41,24.4,416.27,66.67,28.31
2022-02-28,February,Q1,2022,North,SMB,Online,Product_B,Rep_2,78731.73,36854.04,7616.71,4075.48,31864.23,2396.75,2820.05,11.8,706,448.42,2514,396,56,2854,31,7444,7.12,8,78,7.3,80,58,2.23,383.86,13901.02,19.23,46.81,722.88,72.5,31.32
2022-03-01,March,Q1,2022,Central,SMB,Direct,Product_E,Rep_8,77180.83,22891.45,6942.99,4510.83,44742.66,2603.73,1753.59,18.17,603,251.83,2659,437,84,3012,13,17385,4.3,6,33,6.6,183,129,3.16,229.71,3273.79,15.89,29.66,206.03,70.49,29.03
2022-03-02,March,Q1,2022,South,SMB,Direct,Product_E,Rep_14,80877.19,24382.9,7157.38,5284.36,45019.45,4317.46,1917.44,24.98,399,237.2,2689,273,140,2822,46,12406,2.82,13,70,8.8,142,115,5.21,240.67,10911.2,26.22,30.15,416.14,80.99,30.08
2022-03-03,March,Q1,2022,Central,Retail,Partner,Product_E,Rep_6,69289.5,19766.65,7014.12,4880.74,38530.17,3978.56,1620.9,24.76,249,451.19,2666,523,203,2986,58,7843,6.81,1,30,7.8,146,135,7.61,181.81,26169.02,13.41,28.53,1951.46,92.47,25.99
2022-03-04,March,Q1,2022,North,Enterprise,Partner,Product_A,Rep_9,77624.45,30576.14,6759.01,3850.23,38160.11,2129.19,129.07,18.61,735,244.85,2591,271,182,2680,30,6972,2.14,14,29,5.8,30,23,7.02,352.38,7345.5,24.94,39.39,294.53,76.67,29.96
2022-03-05,March,Q1,2022,South,Government,Partner,Product_E,Rep_1,79566.4,28408.96,10220.41,6449.2,38160.13,2776.9,959.04,18.49,384,350.12,2674,306,189,2791,56,16295,5.1,2,77,7.1,51,45,7.07,177.96,19606.72,33.4,35.7,587.03,88.24,29.76
2022-03-06,March,Q1,2022,Central,Enterprise,Partner,Product_A,Rep_5,65560.66,26087.31,5530.73,4184.38,30196.14,3746.48,506.67,6.19,656,501.33,2745,278,105,2918,48,6105,1.95,10,53,9.3,34,27,3.83,371.68,24063.84,19.89,39.79,1209.85,79.41,23.88
2022-03-07,March,Q1,2022,South,Government,Online,Product_B,Rep_7,68518.14,30746.09,7924.78,4384.76,28307.51,1539.76,3036.88,20.84,266,508.26,2717,426,124,3019,17,11931,3.99,3,72,8.7,60,56,4.56,287.97,8640.42,18.6,44.87,464.54,93.33,25.22
2022-03-08,March,Q1,2022,North,Enterprise,Direct,Product_C,Rep_9,64318.35,24498.2,9632.88,6354.08,28663.28,1523.99,884.28,10.13,672,340.58,2744,530,132,3142,25,8702,5.71,10,47,6.9,123,116,4.81,154.32,8514.5,18.18,38.09,468.34,94.31,23.44
2022-03-09,March,Q1,2022,Central,Startup,Direct,Product_E,Rep_14,73247.56,28360.7,10033.3,6088.9,32911.65,1941.91,507.03,24.05,402,499.07,2663,444,78,3029,15,15136,5.39,12,37,9.5,174,162,2.93,182.67,7486.05,22.6,38.72,331.24,93.1,27.51
2022-03-10,March,Q1,2022,North,Retail,Referral,Product_D,Rep_9,78262.39,26320.48,9631.39,5174.5,38881.96,3428.56,468.66,2.04,741,526.22,2851,520,62,3309,33,3599,4.33,3,45,5.8,136,117,2.17,173.28,17365.26,18.52,33.63,937.65,86.03,27.45
2022-03-11,March,Q1,2022,North,Startup,Direct,Product_D,Rep_4,82266.54,26576.58,8344.93,4297.4,45204.55,2140.48,2879.29,10.9,724,463.63,2620,265,201,2684,50,3235,4.5,2,26,9.6,143,112,7.67,218.48,23181.5,31.49,32.31,736.15,78.32,31.4
2022-03-12,March,Q1,2022,West,Retail,Direct,Product_E,Rep_20,75205.31,24279.45,9300.84,6201.44,37208.73,4416.29,22.87,13.9,680,251.65,2790,430,96,3124,47,6473,3.09,12,64,6.6,156,147,3.44,161.05,11827.55,21.63,32.28,546.81,94.23,26.96
2022-03-13,March,Q1,2022,Central,SMB,Social,Product_A,Rep_15,83057.99,36019.73,9708.89,4914.88,34184.08,3145.29,1957.28,10.13,374,284.16,2864,418,99,3183,45,1018,4.69,2,64,5.5,199,150,3.46,271.0,12787.2,23.23,43.37,550.46,75.38,29.0
2022-03-14,March,Q1,2022,South,Enterprise,Social,Product_D,Rep_4,68094.49,17606.21,7478.53,3971.35,40281.84,2727.91,404.72,5.26,277,292.07,2798,419,70,3147,38,1858,8.17,6,54,7.4,169,133,2.5,135.42,11098.66,17.85,25.86,621.77,78.7,24.34
2022-03-15,March,Q1,2022,Central,Government,Referral,Product_D,Rep_3,66558.16,19464.21,5933.64,3585.52,39172.46,1987.85,2827.6,14.82,194,197.72,2734,293,207,2820,18,6380,7.45,7,71,7.0,134,101,7.57,228.03,3558.96,20.25,29.24,175.75,75.37,24.34
2022-03-16,March,Q1,2022,Central,Enterprise,Partner,Product_B,Rep_14,74877.42,19622.48,10637.26,5457.51,41709.56,2908.12,3588.31,18.9,357,270.45,2705,456,148,3013,14,4032,2.52,4,40,7.8,144,130,5.47,84.47,3786.3,23.33,26.21,162.29,90.28,27.68
2022-03-17,March,Q1,2022,West,Enterprise,Referral,Product_B,Rep_9,77155.56,18808.44,8601.68,5334.19,46159.52,3585.92,3698.66,16.12,703,242.6,2865,431,172,3124,58,19915,1.71,1,47,8.9,25,23,6.0,118.66,14070.8,19.96,24.38,704.95,92.0,26.93
2022-03-18,March,Q1,2022,South,Startup,Referral,Product_B,Rep_19,75151.84,26110.22,7035.98,3793.16,38244.51,3761.13,1660.72,5.86,683,360.94,2623,463,196,2890,44,8471,8.03,6,63,9.1,196,176,7.47,271.1,15881.36,15.2,34.74,1044.83,89.8,28.65
2022-03-19,March,Q1,2022,North,Startup,Online,Product_D,Rep_6,65058.18,16365.28,6879.46,4161.81,38550.46,3262.98,2096.55,18.29,334,572.55,2673,397,109,2961,13,5719,5.19,7,75,7.2,72,59,4.08,137.89,7443.15,17.33,25.15,429.5,81.94,24.34
2022-03-20,March,Q1,2022,South,Startup,Direct,Product_D,Rep_3,75029.88,32471.0,8177.44,6029.62,31146.48,3234.96,2249.79,6.42,441,200.62,2734,314,157,2891,53,13943,5.26,4,29,7.3,130,95,5.74,297.08,10632.86,26.04,43.28,408.33,73.08,27.44
2022-03-21,March,Q1,2022,South,Enterprise,Online,Product_E,Rep_18,69033.21,22971.61,9521.59,6549.99,32662.11,3877.9,1208.22,4.38,787,485.99,2902,478,65,3315,27,5863,6.97,6,42,6.1,47,46,2.24,141.26,13121.73,19.92,33.28,658.72,97.87,23.79
2022-03-22,March,Q1,2022,North,Enterprise,Direct,Product_E,Rep_16,78984.0,29293.14,10374.79,6573.68,35153.9,4162.17,1753.7,17.27,409,449.63,2820,331,88,3063,36,5038,3.7,9,67,5.7,186,159,3.12,182.35,16186.68,31.34,37.09,516.49,85.48,28.01
2022-03-23,March,Q1,2022,Central,Enterprise,Referral,Product_A,Rep_3,77548.71,29212.61,10380.0,5475.97,34056.8,3899.3,249.41,21.07,214,188.94,2689,503,188,3004,26,19836,4.87,4,71,8.3,104,85,6.99,181.43,4912.44,20.64,37.67,238.01,81.73,28.84
2022-03-24,March,Q1,2022,Central,Government,Direct,Product_D,Rep_2,71096.4,33333.05,5742.61,3937.97,30440.68,1580.06,2828.57,12.04,782,557.92,2759,445,182,3022,35,3846,8.28,12,34,5.8,127,111,6.6,480.45,19527.2,12.9,46.88,1513.74,87.4,25.77
2022-03-25,March,Q1,2022,North,Enterprise,Partner,Product_E,Rep_2,73306.54,25372.23,8000.0,4392.9,38448.01,1486.3,882.62,13.28,630,408.95,2732,316,112,2936,26,9064,6.21,14,74,8.7,194,147,4.1,217.15,10632.7,25.32,34.61,419.93,75.77,26.83
2022-03-26,March,Q1,2022,South,Government,Partner,Product_E,Rep_10,70659.89,21307.04,8033.61,4201.38,39305.58,2013.66,1627.04,7.57,273,310.09,2727,535,116,3146,42,12394,2.58,10,62,7.8,97,72,4.25,165.22,13023.78,15.02,30.15,867.1,74.23,25.91
2022-03-27,March,Q1,2022,West,Government,Referral,Product_B,Rep_15,75722.64,26991.79,6159.54,4306.74,39047.11,3524.2,1819.69,12.37,173,497.74,2900,440,151,3189,25,7622,2.43,4,69,6.4,144,118,5.21,338.21,12443.5,14.0,35.65,888.82,81.94,26.11
2022-03-28,March,Q1,2022,North,Government,Social,Product_B,Rep_3,80891.83,35266.62,7942.52,6144.48,34734.35,2948.34,2267.85,3.3,393,256.5,2669,286,53,2902,25,13295,2.93,10,25,7.8,133,102,1.99,344.02,6412.5,27.77,43.6,230.91,76.69,30.31
2022-03-29,March,Q1,2022,East,Enterprise,Partner,Product_B,Rep_8,71267.57,19132.4,9494.29,6059.05,40068.39,2572.49,2914.4,23.9,573,462.51,2971,483,102,3352,17,12782,6.87,12,52,6.3,165,128,3.43,101.51,7862.67,19.66,26.85,399.93,77.58,23.99
2022-03-30,March,Q1,2022,West,Startup,Referral,Product_C,Rep_18,78796.51,25831.7,7059.98,3616.82,41540.81,4364.02,2725.89,20.01,101,174.74,2897,363,94,3166,25,2159,3.57,5,81,7.4,196,190,3.24,265.89,4368.5,19.45,32.78,224.6,96.94,27.2
2022-03-31,March,Q1,2022,North,Startup,Online,Product_E,Rep_11,73705.07,25728.43,8658.26,6615.68,35203.98,4114.4,2443.56,16.7,178,507.08,2927,528,103,3352,28,5626,1.65,3,74,8.9,120,103,3.52,197.15,14198.24,16.4,34.91,865.75,85.83,25.18
2022-04-01,April,Q2,2022,West,Enterprise,Social,Product_B,Rep_7,72472.07,22737.6,6889.49,3583.17,38759.95,4085.03,1908.72,13.45,184,372.9,2776,505,190,3091,29,4722,8.11,10,58,7.5,119,101,6.84,230.03,10814.1,13.64,31.37,792.82,84.87,26.11
2022-04-02,April,Q2,2022,North,Retail,Partner,Product_B,Rep_19,75981.36,33022.67,6142.98,4670.22,34342.13,2473.58,364.54,19.8,706,433.68,2811,556,103,3264,31,12630,2.69,2,31,6.1,146,132,3.66,437.57,13444.08,11.05,43.46,1216.66,90.41,27.03
2022-04-03,April,Q2,2022,East,Retail,Referral,Product_D,Rep_7,71420.38,27599.35,6919.5,4273.11,33498.9,3402.63,1435.58,12.37,176,229.31,2687,404,85,3006,28,12274,1.57,9,50,8.6,123,121,3.16,298.86,6420.68,17.13,38.64,374.82,98.37,26.58
2022-04-04,April,Q2,2022,Central,Government,Referral,Product_B,Rep_2,73908.43,17540.41,10961.45,6682.3,43125.36,2281.21,3537.69,7.5,787,456.26,2781,405,140,3046,27,15888,3.16,13,72,6.3,97,71,5.03,60.02,12319.02,27.07,23.73,455.08,73.2,26.58
2022-04-05,April,Q2,2022,West,Retail,Online,Product_D,Rep_6,70767.37,26761.88,9631.98,6384.45,32418.6,1954.91,3522.62,4.01,120,497.84,2887,506,208,3185,51,7589,3.15,1,53,8.7,146,139,7.2,177.84,25389.84,19.04,37.82,1333.5,95.21,24.51
2022-04-06,April,Q2,2022,South,Retail,Online,Product_A,Rep_5,86660.46,28723.33,12753.85,10038.88,42810.06,2373.22,3165.27,16.19,322,362.13,2971,336,102,3205,50,16473,4.45,5,60,7.6,13,11,3.43,125.21,18106.5,37.96,33.14,476.99,84.62,29.17
2022-04-07,April,Q2,2022,East,Enterprise,Social,Product_B,Rep_14,77093.23,21134.16,8800.18,6772.81,44562.06,2596.83,876.99,23.24,236,437.89,2735,423,68,3090,43,3243,7.94,5,29,7.5,77,57,2.49,140.16,18829.27,20.8,27.41,905.25,74.03,28.19
2022-04-08,April,Q2,2022,South,Enterprise,Partner,Product_D,Rep_18,73498.37,24517.29,6444.45,4131.53,39802.62,2734.01,374.44,3.84,52,362.82,2813,435,116,3132,55,9177,7.65,8,71,9.2,30,24,4.12,280.44,19955.1,14.81,33.36,1347.41,80.0,26.13
2022-04-09,April,Q2,2022,East,SMB,Referral,Product_B,Rep_4,78146.98,32506.35,9249.25,6555.38,32230.99,4160.39,1620.63,4.5,334,555.32,2839,309,184,2964,20,2760,4.7,6,76,8.5,181,153,6.48,251.45,11106.4,29.93,41.6,371.08,84.53,27.53
2022-04-10,April,Q2,2022,East,Retail,Social,Product_A,Rep_4,76595.52,33237.65,8563.87,5773.15,32894.76,1899.24,3280.48,10.84,71,378.54,2718,385,144,2959,38,17202,4.38,6,22,5.6,110,100,5.3,288.11,14384.52,22.24,43.39,646.79,90.91,28.18
2022-04-11,April,Q2,2022,Central,Enterprise,Social,Product_B,Rep_13,76132.39,31208.92,10590.4,7498.41,30572.36,3760.71,2747.86,20.17,215,527.77,2921,541,202,3260,57,6442,5.39,6,76,6.8,149,115,6.92,194.69,30082.89,19.58,40.99,1536.41,77.18,26.06
2022-04-12,April,Q2,2022,Central,Enterprise,Online,Product_D,Rep_1,80388.15,27789.51,6982.98,5228.84,42298.99,3316.67,3552.72,7.35,359,528.36,2793,518,217,3094,44,15965,3.2,4,52,9.2,72,62,7.77,297.96,23247.84,13.48,34.57,1724.62,86.11,28.78
2022-04-13,April,Q2,2022,Central,Startup,Referral,Product_A,Rep_20,81184.94,29613.89,9269.44,4730.64,39742.84,2558.77,2499.59,6.35,526,319.94,2850,313,193,2970,21,4236,1.87,1,26,5.6,192,174,6.77,219.48,6718.74,29.61,36.48,226.91,90.62,28.49
2022-04-14,April,Q2,2022,South,Government,Direct,Product_A,Rep_5,74824.97,33142.14,6771.91,4047.76,31939.41,2971.51,487.59,15.5,547,254.94,2829,309,159,2979,28,16611,8.07,3,23,7.8,114,95,5.62,389.41,7138.32,21.92,44.29,325.65,83.33,26.45
2022-04-15,April,Q2,2022,South,Government,Online,Product_A,Rep_3,74678.47,20438.61,7671.52,6043.61,44178.8,2389.54,428.64,13.39,483,333.39,2799,353,139,3013,47,9235,2.81,13,58,8.6,135,129,4.97,166.42,15669.33,21.73,27.37,721.09,95.56,26.68
2022-04-16,April,Q2,2022,East,Government,Referral,Product_C,Rep_19,76262.38,24297.95,10037.27,7877.26,38583.57,3343.59,183.04,1.51,283,529.93,2881,540,65,3356,28,16829,2.89,13,67,8.2,29,28,2.26,142.08,14838.04,18.59,31.86,798.17,96.55,26.47
2022-04-17,April,Q2,2022,Central,Government,Social,Product_D,Rep_13,66208.11,26545.9,7502.79,3776.65,29686.3,2473.12,1877.26,2.04,719,243.99,2864,323,226,2961,29,9680,4.81,10,35,8.8,25,21,7.89,253.81,7075.71,23.23,40.09,304.59,84.0,23.12
2022-04-18,April,Q2,2022,East,Startup,Social,Product_C,Rep_7,70221.84,25770.77,7465.44,4183.87,35119.4,1866.23,852.8,16.08,712,368.56,2853,491,123,3221,34,12340,4.94,12,57,8.6,144,143,4.31,245.2,12531.04,15.2,36.7,824.41,99.31,24.61
2022-04-19,April,Q2,2022,Central,SMB,Partner,Product_A,Rep_10,84712.25,28107.46,9116.17,7275.9,45399.33,2089.29,3110.56,11.63,774,514.31,2821,311,82,3050,45,10148,1.63,11,23,8.5,58,42,2.91,208.33,23143.95,29.31,33.18,789.63,72.41,30.03
2022-04-20,April,Q2,2022,South,Government,Direct,Product_C,Rep_3,86182.8,37120.92,9666.37,6262.33,35787.22,3608.29,2957.15,24.27,425,311.87,2930,476,176,3230,19,11306,2.54,6,23,9.0,5,4,6.01,284.02,5925.53,20.31,43.07,291.75,80.0,29.41
2022-04-21,April,Q2,2022,East,SMB,Online,Product_B,Rep_2,76792.86,27185.56,10363.29,6962.68,34936.2,4307.81,1221.43,16.96,779,453.89,3067,416,114,3369,24,18499,4.15,5,46,8.3,132,107,3.72,162.33,10893.36,24.91,35.4,437.31,81.06,25.04
2022-04-22,April,Q2,2022,Central,Enterprise,Partner,Product_C,Rep_7,81000.9,21254.85,11538.25,6345.18,45473.35,2734.45,716.05,0.25,295,247.83,2920,522,161,3281,34,19165,6.29,10,36,7.2,5,4,5.51,84.21,8426.22,22.1,26.24,381.28,80.0,27.74
2022-04-23,April,Q2,2022,South,Startup,Partner,Product_E,Rep_9,79754.45,24873.31,11713.81,8999.73,39233.84,3933.49,408.34,12.03,352,210.73,3010,371,166,3215,31,12018,3.1,1,73,7.5,177,157,5.51,112.34,6532.63,31.57,31.19,206.93,88.7,26.5
2022-04-24,April,Q2,2022,West,Startup,Direct,Product_A,Rep_12,93672.68,28968.73,12653.61,7204.7,47708.94,4341.4,3453.31,10.36,454,531.14,2775,455,130,3100,33,19260,4.46,5,27,8.6,178,150,4.68,128.94,17527.62,27.81,30.93,630.26,84.27,33.76
2022-04-25,April,Q2,2022,South,Enterprise,Online,Product_A,Rep_10,83956.23,29728.58,8570.12,4772.65,40850.01,4807.52,1890.87,2.67,712,190.76,2934,363,206,3091,58,12142,5.4,2,72,9.3,180,133,7.02,246.89,11064.08,23.61,35.41,468.62,73.89,28.61
2022-04-26,April,Q2,2022,Central,Startup,Online,Product_D,Rep_19,77798.85,31913.98,9971.43,5668.13,31802.61,4110.83,1258.51,23.08,757,259.21,2812,482,101,3193,34,10546,7.72,1,24,6.7,139,104,3.59,220.05,8813.14,20.69,41.02,425.96,74.82,27.67
2022-04-27,April,Q2,2022,West,Government,Social,Product_B,Rep_13,73740.82,30495.79,8158.11,6329.77,31940.83,3146.09,3158.51,20.13,70,530.73,2778,521,130,3169,52,4276,3.78,4,66,7.0,14,13,4.68,273.81,27597.96,15.66,41.36,1762.32,92.86,26.54
2022-04-28,April,Q2,2022,Central,Enterprise,Online,Product_D,Rep_10,70566.37,25882.58,6903.29,4907.23,34514.6,3265.9,2094.46,5.75,306,306.05,2856,322,149,3029,46,17832,2.43,6,59,9.5,147,141,5.22,274.93,14078.3,21.44,36.68,656.64,95.92,24.71
2022-04-29,April,Q2,2022,Central,Government,Partner,Product_C,Rep_5,79696.0,28958.85,11066.67,8085.08,35212.65,4457.83,2064.14,6.4,448,593.51,3053,570,183,3440,14,17008,4.92,7,26,8.0,44,40,5.99,161.68,8309.14,19.42,36.34,427.87,90.91,26.1
2022-04-30,April,Q2,2022,Central,Startup,Social,Product_E,Rep_15,74977.01,35339.18,6199.84,3801.19,30740.26,2697.73,2786.82,0.8,578,584.97,3033,483,203,3313,45,5172,6.73,9,31,6.3,143,129,6.69,470.0,26323.65,12.84,47.13,2050.13,90.21,24.72
2022-05-01,May,Q2,2022,North,Startup,Online,Product_E,Rep_3,71727.57,18295.9,10265.89,7933.0,40793.62,2372.16,2924.99,7.42,100,286.27,2966,334,130,3170,44,14183,2.27,5,44,8.4,188,165,4.38,78.22,12595.88,30.74,25.51,409.76,87.77,24.18
2022-05-02,May,Q2,2022,West,Enterprise,Direct,Product_E,Rep_8,75686.05,20512.86,8499.8,6262.84,45126.94,1546.45,2596.31,14.62,496,157.29,2793,399,164,3028,57,13836,4.47,8,47,9.8,178,135,5.87,141.33,8965.53,21.3,27.1,420.92,75.84,27.1
2022-05-03,May,Q2,2022,Central,SMB,Partner,Product_E,Rep_6,73591.26,19406.41,9169.77,6649.73,41110.18,3904.9,1619.03,10.52,319,449.89,2930,340,85,3185,28,9989,1.62,8,62,9.0,49,41,2.9,111.63,12596.92,26.97,26.37,467.07,83.67,25.12
2022-05-04,May,Q2,2022,South,Government,Referral,Product_B,Rep_19,87514.79,21970.5,11040.41,8736.08,49949.68,4554.2,1659.71,24.23,644,364.01,2984,507,227,3264,56,14740,1.73,11,66,8.7,91,83,7.61,99.0,20384.56,21.78,25.1,935.93,91.21,29.33
2022-05-05,May,Q2,2022,East,SMB,Direct,Product_C,Rep_17,83567.36,32154.06,11921.57,7270.48,37471.22,2020.51,3224.3,1.4,685,172.59,2976,523,128,3371,30,14102,4.88,9,68,6.4,145,125,4.3,169.71,5177.7,22.79,38.48,227.19,86.21,28.08
2022-05-06,May,Q2,2022,North,Enterprise,Direct,Product_E,Rep_10,79199.38,19026.34,9865.62,6741.1,46895.96,3411.46,2050.9,14.79,311,466.35,2778,307,177,2908,41,16357,3.59,3,73,9.3,31,22,6.37,92.85,19120.35,32.14,24.02,594.91,70.97,28.51
2022-05-07,May,Q2,2022,North,SMB,Online,Product_A,Rep_1,86719.04,34607.86,10664.3,8243.28,38103.06,3343.82,3054.18,21.46,414,195.21,2877,433,61,3249,34,19566,7.42,3,37,7.8,54,53,2.12,224.52,6637.14,24.63,39.91,269.47,98.15,30.14
2022-05-08,May,Q2,2022,North,Startup,Social,Product_C,Rep_13,79786.24,23959.81,6755.15,4980.35,47096.7,1974.58,3552.08,12.02,98,541.47,2964,538,96,3406,26,16613,5.72,9,46,9.3,65,62,3.24,254.69,14078.22,12.56,30.03,1120.88,95.38,26.92
2022-05-09,May,Q2,2022,South,SMB,Social,Product_B,Rep_10,75173.06,16953.39,8741.77,5848.36,45025.95,4451.95,3442.52,0.07,567,201.18,3028,586,149,3465,25,4326,4.68,7,25,6.9,17,13,4.92,93.94,5029.5,14.92,22.55,337.1,76.47,24.83
2022-05-10,May,Q2,2022,East,Government,Partner,Product_E,Rep_12,87175.18,29513.66,7890.39,4125.6,47278.98,2492.15,1210.5,6.07,678,206.72,2758,417,200,2975,13,1719,4.36,4,41,5.8,144,127,7.25,274.05,2687.36,18.92,33.86,142.04,88.19,31.61
2022-05-11,May,Q2,2022,East,Retail,Online,Product_B,Rep_2,82334.19,20539.21,10836.86,7540.47,49090.01,1868.11,773.49,8.09,167,228.54,2966,578,153,3391,50,18906,4.98,1,78,7.5,161,157,5.16,89.53,11427.0,18.75,24.95,609.44,97.52,27.76
2022-05-12,May,Q2,2022,North,Retail,Social,Product_E,Rep_10,74533.49,24330.91,8635.12,5681.62,38303.35,3264.11,973.73,24.15,502,583.73,3000,461,227,3234,29,2069,1.78,7,66,6.7,89,65,7.57,181.77,16928.17,18.73,32.64,903.8,73.03,24.84
2022-05-13,May,Q2,2022,South,SMB,Referral,Product_A,Rep_1,78848.11,29246.42,10062.28,5587.12,35632.12,3907.29,2962.21,22.79,690,468.55,3075,429,151,3353,17,8749,7.75,10,51,8.6,88,75,4.91,190.65,7965.35,23.46,37.09,339.53,85.23,25.64
2022-05-14,May,Q2,2022,North,Startup,Online,Product_C,Rep_1,75501.79,30833.87,6260.39,4787.17,36799.51,1608.02,1397.0,23.73,446,500.23,3063,566,151,3478,43,13935,8.49,6,20,9.6,24,20,4.93,392.52,21509.89,11.06,40.84,1944.84,83.33,24.65
2022-05-15,May,Q2,2022,Central,Enterprise,Online,Product_A,Rep_20,73045.96,25493.3,6277.24,3785.02,37889.83,3385.59,633.27,20.64,732,345.82,3056,456,83,3429,32,5887,2.77,3,73,8.5,35,29,2.72,306.12,11066.24,13.77,34.9,803.65,82.86,23.9
2022-05-16,May,Q2,2022,North,Startup,Social,Product_E,Rep_15,84670.93,35049.48,11019.3,6790.58,35105.95,3496.2,416.52,8.79,76,303.79,2922,430,199,3153,51,12267,2.34,14,65,9.3,12,11,6.81,218.07,15493.29,25.63,41.39,604.5,91.67,28.98
2022-05-17,May,Q2,2022,North,Enterprise,Direct,Product_D,Rep_1,89667.2,32850.01,7625.83,5351.2,47027.64,2163.72,1467.46,22.65,760,262.79,2815,420,98,3137,39,19540,2.51,5,60,7.4,28,23,3.48,330.77,10248.81,18.16,36.64,564.36,82.14,31.85
2022-05-18,May,Q2,2022,South,Startup,Online,Product_C,Rep_9,73207.36,21367.44,6221.74,4023.22,43648.83,1969.35,498.31,24.54,421,360.01,2971,549,220,3300,38,8944,6.13,3,60,8.8,171,123,7.4,243.43,13680.38,11.33,29.19,1207.45,71.93,24.64
2022-05-19,May,Q2,2022,East,Government,Direct,Product_B,Rep_7,83095.13,36429.89,6718.04,3538.96,36397.46,3549.74,649.69,8.75,146,411.18,3114,570,232,3452,13,16934,6.13,8,27,9.1,37,27,7.45,442.27,5345.34,11.79,43.84,453.38,72.97,26.68
2022-05-20,May,Q2,2022,South,Enterprise,Partner,Product_E,Rep_16,77107.15,20253.86,11331.29,6982.71,43065.81,2456.19,2636.62,6.51,578,431.73,3157,443,242,3358,44,13747,7.44,5,51,8.6,46,33,7.67,78.74,18996.12,25.58,26.27,742.62,71.74,24.42
2022-05-21,May,Q2,2022,South,Enterprise,Partner,Product_A,Rep_16,78004.81,17883.54,10267.43,5424.69,45366.02,4487.82,76.96,13.67,734,268.48,3093,412,158,3347,27,11505,6.76,10,49,7.7,147,121,5.11,74.18,7248.96,24.92,22.93,290.89,82.31,25.22
2022-05-22,May,Q2,2022,North,Enterprise,Social,Product_D,Rep_13,77558.55,19683.0,8122.52,4526.07,45661.85,4091.18,455.86,4.68,662,567.56,3069,458,186,3341,50,14449,4.65,10,65,8.2,197,180,6.06,142.33,28378.0,17.73,25.38,1600.56,91.37,25.27
2022-05-23,May,Q2,2022,Central,Government,Partner,Product_E,Rep_10,76280.65,18907.89,7685.85,3859.47,45160.21,4526.7,3220.44,0.82,235,216.42,3068,483,205,3346,33,12697,5.79,6,71,8.5,164,125,6.68,146.01,7141.86,15.91,24.79,448.89,76.22,24.86
2022-05-24,May,Q2,2022,East,SMB,Social,Product_B,Rep_18,80923.29,29200.53,8454.8,4687.29,40808.96,2459.0,3418.66,23.65,745,591.42,2978,369,83,3264,54,5139,6.32,2,80,6.6,143,128,2.79,245.37,31936.68,22.91,36.08,1394.01,89.51,27.17
2022-05-25,May,Q2,2022,East,Startup,Social,Product_A,Rep_9,76606.01,16203.98,10282.5,6160.6,45615.94,4503.59,1261.1,23.14,264,152.25,3025,543,170,3398,58,16221,5.09,8,32,9.0,98,89,5.62,57.59,8830.5,18.94,21.15,466.24,90.82,25.32
2022-05-26,May,Q2,2022,South,Retail,Direct,Product_C,Rep_12,82193.12,23424.43,10380.66,6866.45,45326.39,3061.64,361.46,4.07,300,357.97,3209,477,71,3615,24,8087,4.83,9,59,9.6,41,32,2.21,125.65,8591.28,21.76,28.5,394.82,78.05,25.61
2022-05-27,May,Q2,2022,West,Retail,Direct,Product_D,Rep_13,80669.73,35559.32,7499.36,5817.88,34876.29,2734.76,2843.49,10.19,265,293.59,2952,394,147,3199,13,1632,6.02,3,80,7.5,151,133,4.98,374.16,3816.67,19.03,44.08,200.56,88.08,27.33
2022-05-28,May,Q2,2022,West,Retail,Partner,Product_E,Rep_11,79806.26,31157.83,7357.15,4871.15,39534.43,1756.85,1437.04,20.78,78,359.1,3212,356,94,3474,25,3199,5.4,13,63,8.5,183,166,2.93,323.5,8977.5,20.67,39.04,434.33,90.71,24.85
2022-05-29,May,Q2,2022,West,SMB,Direct,Product_E,Rep_15,76543.26,26586.18,6650.67,4733.16,41613.99,1692.42,174.0,16.53,151,400.51,3022,374,94,3302,49,15548,6.01,6,81,8.7,38,32,3.11,299.75,19624.99,17.78,34.73,1103.77,84.21,25.33
2022-05-30,May,Q2,2022,North,Startup,Online,Product_E,Rep_10,78277.3,29481.6,9880.25,6000.31,35183.15,3732.3,617.71,9.87,172,344.84,3191,622,134,3679,52,12255,5.79,6,63,8.3,192,154,4.2,198.39,17931.68,15.88,37.66,1129.2,80.21,24.53
2022-05-31,May,Q2,2022,North,Startup,Referral,Product_E,Rep_10,85018.2,25510.02,11350.45,8234.63,44900.07,3257.66,583.29,18.6,103,336.83,2921,381,134,3168,39,18006,6.53,2,67,7.9,57,50,4.59,124.75,13136.37,29.79,30.01,440.97,87.72,29.11
2022-06-01,June,Q2,2022,West,SMB,Online,Product_A,Rep_9,83825.91,28422.5,8261.32,5668.43,44706.04,2436.05,2469.16,22.43,332,460.56,3125,365,179,3311,18,7073,6.0,10,78,9.3,144,143,5.73,244.04,8290.08,22.63,33.91,366.33,99.31,26.82
2022-06-02,June,Q2,2022,North,Government,Online,Product_C,Rep_3,76513.63,33775.8,6233.27,3976.44,33095.2,3409.36,3435.91,23.15,663,443.93,2996,438,73,3361,29,17744,5.14,8,76,7.4,194,161,2.44,441.86,12873.97,14.23,44.14,904.71,82.99,25.54
2022-06-03,June,Q2,2022,North,Startup,Social,Product_B,Rep_16,81978.14,30423.45,7029.79,3923.54,42056.18,2468.72,3250.73,9.47,166,528.33,2933,383,147,3169,52,11559,6.27,5,30,5.8,100,82,5.01,332.78,27473.16,18.35,37.11,1497.17,82.0,27.95
2022-06-04,June,Q2,2022,West,Retail,Referral,Product_D,Rep_12,85318.5,21740.78,12605.83,7450.83,47294.21,3677.68,2331.4,4.34,665,255.11,3100,321,96,3325,47,17097,4.65,11,44,9.1,198,166,3.1,72.47,11990.17,39.27,25.48,305.33,83.84,27.52
2022-06-05,June,Q2,2022,West,Government,Social,Product_E,Rep_17,73294.62,26765.09,7379.39,5064.36,36631.12,2519.02,1547.09,22.82,606,434.86,3183,421,173,3431,52,9401,3.19,11,80,8.4,109,79,5.44,262.7,22612.72,17.53,36.52,1289.94,72.48,23.03
2022-06-06,June,Q2,2022,Central,Retail,Direct,Product_E,Rep_15,84438.52,34686.64,11301.73,7095.42,33979.8,4470.35,2612.01,2.31,163,423.01,3002,464,175,3291,47,12659,1.51,8,65,9.2,52,45,5.83,206.91,19881.47,24.36,41.08,816.15,86.54,28.13
2022-06-07,June,Q2,2022,West,Enterprise,Direct,Product_C,Rep_3,78488.68,33093.8,9711.13,7446.65,31537.36,4146.39,1741.71,18.04,592,323.57,2940,456,157,3239,55,10122,5.42,14,73,6.1,44,35,5.34,240.78,17796.35,21.3,42.16,835.51,79.55,26.7
2022-06-08,June,Q2,2022,East,SMB,Referral,Product_C,Rep_5,84734.88,32433.49,9044.24,5159.31,39944.52,3312.63,1042.66,3.51,725,386.93,3085,418,198,3305,15,14894,5.63,13,53,5.6,156,115,6.42,258.61,5803.95,21.64,38.28,268.2,73.72,27.47
2022-06-09,June,Q2,2022,West,Enterprise,Partner,Product_A,Rep_13,78145.67,22375.48,7376.8,3850.11,45733.88,2659.51,2653.82,9.73,750,290.37,3089,447,124,3412,41,1877,8.3,14,26,9.5,182,153,4.01,203.32,11905.17,16.5,28.63,721.53,84.07,25.3
2022-06-10,June,Q2,2022,West,Government,Direct,Product_A,Rep_6,73017.63,31489.97,6461.84,4373.4,32546.54,2519.28,3188.11,10.29,342,220.32,3157,621,208,3570,35,14775,4.03,8,81,6.1,92,64,6.59,387.32,7711.2,10.41,43.13,740.75,69.57,23.13
2022-06-11,June,Q2,2022,West,Retail,Online,Product_A,Rep_9,73984.41,22036.09,9103.85,6971.87,38980.37,3864.1,1379.33,3.97,244,240.37,3201,441,147,3495,31,11691,4.26,12,76,9.0,47,39,4.59,142.05,7451.47,20.64,29.78,361.02,82.98,23.11
2022-06-12,June,Q2,2022,West,Retail,Referral,Product_D,Rep_19,82442.63,32006.97,11065.81,6743.74,36638.76,2731.09,3468.93,23.07,341,222.0,3104,391,152,3343,57,17110,2.91,3,24,9.0,21,15,4.9,189.24,12654.0,28.3,38.82,447.14,71.43,26.56
2022-06-13,June,Q2,2022,South,SMB,Referral,Product_A,Rep_7,83580.89,31947.15,10453.74,7258.17,38809.45,2370.55,1801.51,0.07,310,477.22,3300,410,194,3516,42,3523,1.99,5,54,8.5,106,75,5.88,205.6,20043.24,25.5,38.22,786.01,70.75,25.33
2022-06-14,June,Q2,2022,West,Government,Direct,Product_E,Rep_13,77840.78,22564.72,9116.8,5191.32,44338.76,1820.5,1562.02,22.35,256,447.45,3141,458,66,3533,35,13543,6.91,7,56,6.1,187,177,2.1,147.51,15660.75,19.91,28.99,786.58,94.65,24.78
2022-06-15,June,Q2,2022,South,SMB,Direct,Product_A,Rep_5,85635.4,28484.33,7102.31,4741.09,46737.43,3311.33,121.28,22.1,613,581.64,3087,543,183,3447,18,7270,3.25,5,79,8.4,166,162,5.93,301.06,10469.52,13.08,33.26,800.42,97.59,27.74
2022-06-16,June,Q2,2022,West,Startup,Social,Product_D,Rep_16,74214.92,29228.85,10968.54,8073.26,31101.98,2915.55,2580.0,7.92,98,491.95,2965,358,169,3154,37,6088,5.76,6,84,9.3,115,88,5.7,166.48,18202.15,30.64,39.38,594.06,76.52,25.03
2022-06-17,June,Q2,2022,West,SMB,Social,Product_A,Rep_4,82272.2,26714.88,11181.61,8499.25,39962.93,4412.78,3321.75,17.61,55,171.95,3104,531,120,3515,24,8564,6.31,2,35,7.3,74,64,3.87,138.92,4126.8,21.06,32.47,195.95,86.49,26.51
2022-06-18,June,Q2,2022,East,Government,Online,Product_A,Rep_5,76627.6,35617.96,7700.89,4093.3,31098.08,2210.67,2542.34,6.32,428,541.34,3100,317,78,3339,19,8066,4.8,8,49,7.3,64,50,2.52,362.52,10285.46,24.29,46.48,423.44,78.12,24.72
2022-06-19,June,Q2,2022,West,Enterprise,Referral,Product_E,Rep_20,79503.58,25439.9,11814.07,7170.11,39447.93,2801.68,601.69,18.97,443,546.94,3234,459,82,3611,16,7545,7.63,5,61,7.4,183,155,2.54,115.34,8751.04,25.74,32.0,339.98,84.7,24.58
2022-06-20,June,Q2,2022,West,Startup,Partner,Product_E,Rep_19,83079.84,24346.15,10146.68,7020.42,44238.92,4348.09,429.08,14.03,273,350.27,3188,566,240,3514,55,3321,4.61,6,80,5.9,81,67,7.53,139.94,19264.85,17.93,29.3,1074.45,82.72,26.06
2022-06-21,June,Q2,2022,South,Startup,Partner,Product_E,Rep_6,78620.86,31651.57,9495.01,4846.41,33311.7,4162.58,2251.93,7.51,72,415.47,3028,405,186,3247,24,14132,3.49,1,67,9.3,39,30,6.14,233.35,9971.28,23.44,40.26,425.4,76.92,25.96
2022-06-22,June,Q2,2022,West,Government,Referral,Product_A,Rep_4,81080.23,30362.4,10732.19,7589.64,37116.66,2868.98,1627.75,10.01,706,580.9,3167,495,87,3575,40,9330,7.77,10,81,9.2,166,151,2.75,182.91,23236.0,21.68,37.45,1071.77,90.96,25.6
2022-06-23,June,Q2,2022,East,Retail,Online,Product_E,Rep_1,88114.55,30421.0,12056.18,7937.91,42256.86,3380.51,1890.49,17.25,159,372.36,3221,388,133,3476,31,9294,7.53,2,83,9.8,20,15,4.13,152.33,11543.16,31.07,34.52,371.52,75.0,27.36
2022-06-24,June,Q2,2022,West,SMB,Social,Product_C,Rep_17,80278.7,20712.62,10111.38,5931.03,46875.23,2579.47,3884.69,22.65,773,559.75,3311,577,184,3704,25,14553,2.65,11,76,8.0,150,107,5.56,104.84,13993.75,17.52,25.8,798.73,71.33,24.25
2022-06-25,June,Q2,2022,South,Startup,Social,Product_B,Rep_9,87421.7,22299.53,7777.62,5789.63,52335.09,5009.46,3164.33,3.27,602,196.42,3251,342,228,3365,43,6333,1.68,4,65,8.7,42,39,7.01,186.71,8446.06,22.74,25.51,371.42,92.86,26.89
2022-06-26,June,Q2,2022,South,SMB,Social,Product_B,Rep_16,77674.79,35931.84,8053.22,4727.36,31767.61,1922.12,1599.28,14.28,448,233.71,3242,601,73,3770,38,8858,2.13,11,47,6.4,175,157,2.25,346.18,8880.98,13.4,46.26,662.76,89.71,23.96
2022-06-27,June,Q2,2022,East,Startup,Partner,Product_E,Rep_2,86052.42,21124.38,12474.66,9947.6,47518.28,4935.1,82.18,6.34,221,362.7,3176,381,109,3448,36,6389,3.51,9,22,8.4,36,31,3.43,69.34,13057.2,32.74,24.55,398.81,86.11,27.09
2022-06-28,June,Q2,2022,North,SMB,Partner,Product_D,Rep_11,90691.33,34696.46,8681.25,6466.76,43018.96,4294.66,154.61,20.03,747,406.1,3213,602,236,3579,15,19232,8.31,6,56,8.3,11,9,7.35,299.67,6091.5,14.42,38.26,422.43,81.82,28.23
2022-06-29,June,Q2,2022,South,Retail,Online,Product_E,Rep_5,71205.34,26644.59,7551.45,5379.61,34071.16,2938.14,2438.08,1.76,775,506.75,3303,447,68,3682,32,4205,5.41,8,67,9.4,50,42,2.06,252.84,16216.0,16.89,37.42,960.09,84.0,21.56
2022-06-30,June,Q2,2022,North,SMB,Partner,Product_E,Rep_13,79659.17,25299.37,8782.06,4552.66,43880.49,1697.25,3336.68,17.22,355,594.05,3049,525,98,3476,29,3161,4.11,2,38,9.1,193,160,3.21,188.08,17227.45,16.73,31.76,1029.73,82.9,26.13
2022-07-01,July,Q3,2022,North,Enterprise,Direct,Product_A,Rep_20,86609.08,23084.13,9592.68,7398.77,50552.45,3379.82,3064.67,4.37,613,324.15,3151,416,244,3323,50,18848,7.72,10,36,9.5,22,18,7.74,140.64,16207.5,23.06,26.65,702.84,81.82,27.49
2022-07-02,July,Q3,2022,North,Government,Partner,Product_D,Rep_17,82788.58,20746.7,10175.19,7499.28,48860.64,3006.05,1680.14,14.91,631,179.04,3113,593,177,3529,26,1643,4.67,5,59,9.2,75,64,5.69,103.89,4655.04,17.16,25.06,271.27,85.33,26.59
2022-07-03,July,Q3,2022,South,Retail,Social,Product_E,Rep_15,85739.61,26760.3,12519.3,7119.82,44192.3,2267.71,133.48,20.89,757,502.78,3232,364,115,3481,49,15986,3.71,12,69,9.2,44,38,3.56,113.75,24636.22,34.39,31.21,716.38,86.36,26.53
2022-07-04,July,Q3,2022,South,Retail,Online,Product_C,Rep_12,80944.04,31201.57,7839.31,4842.14,38158.98,3744.18,3915.27,18.88,200,435.65,3321,391,80,3632,59,12628,8.09,12,48,5.8,92,83,2.41,298.01,25703.35,20.05,38.55,1281.96,90.22,24.37
2022-07-05,July,Q3,2022,North,Government,Referral,Product_B,Rep_6,84476.99,24932.46,7476.64,4340.86,47096.75,4971.14,4166.14,18.82,477,259.01,3143,469,68,3544,35,6351,7.45,13,70,9.1,82,75,2.16,233.47,9065.35,15.94,29.51,568.72,91.46,26.88
2022-07-06,July,Q3,2022,South,Startup,Referral,Product_C,Rep_20,83345.74,34462.56,7819.74,6219.23,37522.28,3541.16,2289.36,12.95,670,372.28,2967,321,103,3185,19,5553,7.41,1,61,8.1,182,148,3.47,340.71,7073.32,24.36,41.35,290.37,81.32,28.09
2022-07-07,July,Q3,2022,West,Retail,Online,Product_C,Rep_13,90043.11,26698.71,12793.75,9675.39,46175.44,4375.21,318.17,22.27,516,496.54,3169,379,231,3317,39,7518,5.09,4,48,7.1,9,7,7.29,108.69,19365.06,33.76,29.65,573.61,77.78,28.41
2022-07-08,July,Q3,2022,West,Government,Direct,Product_C,Rep_18,85556.39,32540.48,10712.24,8345.56,40358.29,1945.38,2314.18,14.7,679,486.13,3306,643,149,3800,32,6723,7.03,10,36,5.7,186,151,4.51,203.77,15556.16,16.66,38.03,933.74,81.18,25.88
2022-07-09,July,Q3,2022,West,Government,Referral,Product_D,Rep_15,86052.38,28565.39,8606.4,6339.75,45721.89,3158.7,3839.39,22.94,656,385.58,3272,647,207,3712,27,8946,2.76,1,50,8.4,90,77,6.33,231.91,10410.66,13.3,33.2,782.76,85.56,26.3
2022-07-10,July,Q3,2022,East,Startup,Social,Product_D,Rep_15,82385.06,32142.5,11296.33,7194.68,36915.08,2031.15,2801.03,13.66,605,297.82,3265,449,245,3469,27,1610,5.51,11,71,6.9,190,159,7.5,184.54,8041.14,25.16,39.01,319.6,83.68,25.23
2022-07-11,July,Q3,2022,Central,SMB,Referral,Product_D,Rep_8,82086.49,30936.24,11516.4,6467.96,35980.03,3653.82,2955.07,12.65,116,596.81,3198,615,142,3671,46,5302,8.39,11,58,7.5,26,25,4.44,168.63,27453.26,18.73,37.69,1465.74,96.15,25.67
2022-07-12,July,Q3,2022,West,Enterprise,Referral,Product_B,Rep_19,82441.81,18100.67,11480.52,6456.92,48116.98,4743.64,350.25,5.56,205,448.35,3102,479,98,3483,28,2543,3.54,9,79,8.4,78,71,3.16,57.66,12553.8,23.97,21.96,523.73,91.03,26.58
2022-07-13,July,Q3,2022,East,SMB,Social,Product_A,Rep_14,86656.95,33695.98,12506.75,6822.49,36427.18,4027.04,461.5,13.62,255,304.17,3286,417,168,3535,20,2466,7.06,2,70,9.4,94,91,5.11,169.42,6083.4,29.99,38.88,202.85,96.81,26.37
2022-07-14,July,Q3,2022,South,Retail,Partner,Product_E,Rep_7,82659.84,31251.98,8072.3,5359.97,41428.42,1907.14,526.33,3.51,204,269.79,3155,537,235,3457,46,10108,4.93,7,35,9.0,83,76,7.45,287.15,12410.34,15.03,37.81,825.7,91.57,26.2
2022-07-15,July,Q3,2022,East,Government,Direct,Product_E,Rep_14,86293.72,33550.13,11464.37,8896.24,38329.13,2950.09,3902.1,21.74,740,472.74,3461,574,236,3799,40,15656,1.78,3,33,7.4,170,169,6.82,192.65,18909.6,19.97,38.88,946.9,99.41,24.93
2022-07-16,July,Q3,2022,East,Retail,Social,Product_A,Rep_5,95301.93,41737.45,10696.48,8530.86,38862.79,4005.21,2505.72,16.9,558,249.2,3303,657,79,3881,50,7236,6.84,14,61,7.2,123,110,2.39,290.2,12460.0,16.28,43.79,765.36,89.43,28.85
2022-07-17,July,Q3,2022,West,SMB,Social,Product_E,Rep_15,89360.63,37328.44,12415.76,7277.99,36387.98,3228.45,3536.78,24.84,621,228.49,3192,404,196,3400,29,14719,2.68,2,70,6.5,181,179,6.14,200.65,6626.21,30.73,41.77,215.63,98.9,28.0
2022-07-18,July,Q3,2022,Central,Enterprise,Online,Product_C,Rep_15,83454.97,31764.26,10932.13,7753.0,36306.61,4451.97,481.08,2.3,123,384.24,3193,534,173,3554,23,18565,5.92,13,43,7.1,133,99,5.42,190.56,8837.52,20.47,38.06,431.73,74.44,26.14
2022-07-19,July,Q3,2022,Central,SMB,Direct,Product_B,Rep_4,91171.23,21854.44,12248.98,8318.64,52273.4,4794.41,4228.72,6.02,98,272.24,3249,342,242,3349,30,19530,2.1,4,62,6.0,82,59,7.45,78.42,8167.2,35.82,23.97,228.01,71.95,28.06
2022-07-20,July,Q3,2022,West,Enterprise,Partner,Product_E,Rep_1,83204.87,31043.71,10478.1,6775.99,37982.67,3700.39,3416.15,21.93,516,422.42,3238,361,89,3510,59,19656,8.13,7,38,9.7,40,35,2.75,196.27,24922.78,29.03,37.31,858.52,87.5,25.7
2022-07-21,July,Q3,2022,South,Startup,Social,Product_B,Rep_17,75134.7,21229.3,6943.95,4858.89,44336.37,2625.08,844.38,9.88,634,195.91,3378,339,176,3541,33,10043,3.54,7,80,8.0,99,99,5.21,205.72,6465.03,20.48,28.25,315.68,100.0,22.24
2022-07-22,July,Q3,2022,North,Government,Partner,Product_A,Rep_20,80364.97,26947.2,9495.27,5805.49,41494.4,2428.1,3512.68,11.66,757,455.93,3289,658,239,3708,26,5536,3.09,9,82,6.0,32,26,7.27,183.8,11854.18,14.43,33.53,821.5,81.25,24.43
2022-07-23,July,Q3,2022,Central,Government,Social,Product_E,Rep_1,76131.53,25847.82,11338.03,8881.59,37100.63,1845.05,1002.82,21.52,228,270.87,3201,577,143,3635,12,18103,2.4,12,45,7.0,102,78,4.47,127.97,3250.44,19.65,33.95,165.42,76.47,23.78
2022-07-24,July,Q3,2022,East,Enterprise,Social,Product_B,Rep_16,83808.0,25491.81,12203.88,8684.7,43246.42,2865.89,860.46,13.05,97,144.96,3467,619,170,3916,13,11206,8.12,13,54,7.9,39,33,4.9,108.88,1884.48,19.72,30.42,95.56,84.62,24.17
2022-07-25,July,Q3,2022,South,Government,Online,Product_C,Rep_13,85737.74,32332.67,7118.13,5169.62,43155.21,3131.73,1132.78,4.84,121,202.55,3287,496,80,3703,19,4642,6.48,3,75,7.8,192,172,2.43,354.23,3848.45,14.35,37.71,268.18,89.58,26.08
2022-07-26,July,Q3,2022,West,Startup,Referral,Product_C,Rep_18,94107.91,29142.85,8614.36,4933.67,51924.53,4426.17,4281.7,22.3,162,573.52,3363,437,123,3677,33,13062,6.69,7,59,5.7,66,52,3.66,238.31,18926.16,19.71,30.97,960.23,78.79,27.98
2022-07-27,July,Q3,2022,West,Startup,Direct,Product_A,Rep_10,87440.44,35671.63,7801.52,4295.32,39916.49,4050.8,4002.99,0.78,208,544.87,3229,372,127,3474,36,17447,5.0,6,48,9.6,91,83,3.93,357.24,19615.32,20.97,40.8,935.4,91.21,27.08
2022-07-28,July,Q3,2022,North,SMB,Online,Product_D,Rep_18,84790.38,31861.42,11092.16,6858.31,39903.21,1933.59,1394.78,22.38,79,224.67,3331,428,256,3503,13,14055,4.82,10,25,6.7,178,177,7.69,187.24,2920.71,25.92,37.58,112.68,99.44,25.45
2022-07-29,July,Q3,2022,Central,Retail,Partner,Product_E,Rep_17,90112.99,22359.36,12367.55,9028.33,52159.1,3226.98,3178.44,1.26,146,510.49,3329,458,123,3664,20,1559,2.27,7,71,5.6,112,109,3.69,80.79,10209.8,27.0,24.81,378.14,97.32,27.07
2022-07-30,July,Q3,2022,South,Government,Social,Product_C,Rep_9,74990.37,21634.11,7120.02,5565.28,44191.17,2045.07,2533.72,16.65,300,438.22,3113,547,148,3512,20,2733,5.42,7,20,5.8,129,102,4.75,203.85,8764.4,13.02,28.85,673.15,79.07,24.09
2022-07-31,July,Q3,2022,Central,SMB,Social,Product_C,Rep_14,87304.2,24428.25,10075.75,6329.58,50506.5,2293.7,3520.82,1.79,568,576.41,3508,540,211,3837,24,9861,3.23,10,71,8.0,83,66,6.01,142.45,13833.84,18.66,27.98,741.36,79.52,24.89
2022-08-01,August,Q3,2022,West,SMB,Direct,Product_A,Rep_13,90060.53,29194.85,12504.83,9156.62,43579.35,4781.5,1335.19,17.66,141,308.4,3439,371,102,3708,17,2542,8.34,5,43,6.1,129,105,2.97,133.47,5242.8,33.71,32.42,155.53,81.4,26.19
2022-08-02,August,Q3,2022,Central,SMB,Online,Product_C,Rep_20,78893.36,22954.35,10358.39,6640.99,43870.48,1710.14,2012.33,0.85,162,452.16,3275,333,161,3447,41,10463,7.08,9,53,5.7,65,53,4.92,121.6,18538.56,31.11,29.1,595.9,81.54,24.09
2022-08-03,August,Q3,2022,Central,Enterprise,Online,Product_E,Rep_20,92085.14,32230.63,10862.05,6393.06,45606.74,3385.72,3074.14,21.06,308,171.03,3208,354,206,3356,26,3415,4.39,7,26,7.1,197,144,6.42,196.73,4446.78,30.68,35.0,144.94,73.1,28.7
2022-08-04,August,Q3,2022,West,SMB,Partner,Product_A,Rep_14,88138.93,31063.64,10693.4,7718.28,44026.1,2355.79,115.71,11.65,156,330.55,3357,474,242,3589,26,11983,2.56,7,30,8.2,30,28,7.21,190.49,8594.3,22.56,35.24,380.95,93.33,26.26
2022-08-05,August,Q3,2022,Central,SMB,Online,Product_B,Rep_11,84450.09,32792.44,9761.18,7218.01,37237.09,4659.38,1590.78,2.34,624,564.25,3335,645,192,3788,18,13905,7.0,12,55,6.0,167,135,5.76,235.95,10156.5,15.13,38.83,671.28,80.84,25.32
2022-08-06,August,Q3,2022,East,Enterprise,Online,Product_A,Rep_13,89770.52,30402.04,9051.42,5076.51,46521.42,3795.64,3123.51,17.67,439,381.36,3366,551,202,3715,22,6387,2.35,14,39,6.8,61,59,6.0,235.88,8389.92,16.43,33.87,510.65,96.72,26.67
2022-08-07,August,Q3,2022,South,Enterprise,Referral,Product_E,Rep_17,98040.15,40585.29,11720.85,6933.48,42865.82,2868.19,1238.22,12.23,407,294.94,3353,604,92,3865,51,9187,2.83,3,82,7.3,195,191,2.74,246.27,15041.94,19.41,41.4,774.96,97.95,29.24
2022-08-08,August,Q3,2022,East,Enterprise,Direct,Product_E,Rep_3,87676.1,32034.04,11242.0,7289.68,40884.5,3515.56,4198.39,4.77,248,194.84,3389,497,260,3626,49,7643,2.98,1,82,6.2,136,96,7.67,184.95,9547.16,22.62,36.54,422.07,70.59,25.87
2022-08-09,August,Q3,2022,East,SMB,Online,Product_B,Rep_1,88087.95,21017.96,12432.08,6911.7,50298.75,4339.16,132.84,0.39,476,479.02,3487,475,97,3865,51,16667,5.4,14,49,7.7,46,46,2.78,69.06,24430.02,26.17,23.86,933.51,100.0,25.26
2022-08-10,August,Q3,2022,South,Startup,Partner,Product_A,Rep_5,84630.12,31797.2,10539.87,8206.87,37357.02,4936.03,4054.15,10.45,527,443.74,3403,377,226,3554,13,12246,7.01,14,49,5.9,177,162,6.64,201.68,5768.62,27.96,37.57,206.32,91.53,24.87
2022-08-11,August,Q3,2022,East,Government,Social,Product_E,Rep_13,82757.79,35062.16,11029.83,7471.61,34280.9,2384.9,896.94,2.14,552,300.18,3245,609,116,3738,59,3458,3.7,5,41,5.7,171,146,3.57,217.88,17710.62,18.11,42.37,977.95,85.38,25.5
2022-08-12,August,Q3,2022,North,Retail,Online,Product_E,Rep_5,91238.77,40103.66,8321.43,4463.29,37754.74,5058.94,222.72,2.35,707,584.27,3491,623,265,3849,50,7028,2.09,8,80,7.7,197,161,7.59,381.93,29213.5,13.36,43.95,2186.64,81.73,26.14
2022-08-13,August,Q3,2022,North,Startup,Online,Product_B,Rep_5,82886.75,20072.02,9308.93,5168.4,48750.41,4755.39,1212.11,6.68,622,158.81,3522,411,223,3710,21,6447,4.75,5,40,6.6,26,22,6.33,115.62,3335.01,22.65,24.22,147.24,84.62,23.53
2022-08-14,August,Q3,2022,North,Startup,Social,Product_D,Rep_12,87605.08,31652.23,7065.63,5555.75,43923.79,4963.43,3444.12,15.76,169,282.13,3678,556,240,3994,55,2948,6.74,10,56,5.9,143,114,6.53,347.97,15517.15,12.71,36.13,1220.86,79.72,23.82
2022-08-15,August,Q3,2022,East,Government,Referral,Product_A,Rep_2,84939.04,31888.96,8261.81,5960.49,40930.63,3857.64,3195.59,13.25,622,566.93,3254,484,108,3630,28,7306,3.05,3,46,7.3,169,150,3.32,285.98,15874.04,17.07,37.54,929.94,88.76,26.1
2022-08-16,August,Q3,2022,East,Enterprise,Direct,Product_E,Rep_16,89802.31,23508.37,11750.84,8464.38,50484.68,4058.42,937.72,1.72,358,299.17,3395,552,158,3789,18,9251,3.04,9,54,9.4,94,68,4.65,100.06,5385.06,21.29,26.18,252.94,72.34,26.45
2022-08-17,August,Q3,2022,East,SMB,Referral,Product_C,Rep_17,89155.8,22046.41,13322.26,6950.88,50566.07,3221.06,877.25,24.21,587,270.59,3166,616,181,3601,51,9092,8.13,2,57,8.6,183,162,5.72,65.49,13800.09,21.63,24.73,638.01,88.52,28.16
2022-08-18,August,Q3,2022,Central,Startup,Partner,Product_B,Rep_5,92755.27,36779.64,8064.37,6198.19,43264.6,4646.66,2980.13,22.18,676,402.18,3434,542,227,3749,50,13363,8.18,3,79,9.0,62,49,6.61,356.08,20109.0,14.88,39.65,1351.41,79.03,27.01
2022-08-19,August,Q3,2022,North,SMB,Online,Product_D,Rep_12,85097.57,26543.64,9199.44,5824.36,45844.07,3510.42,1949.09,6.48,524,524.79,3328,513,87,3754,15,15066,8.43,12,51,9.2,11,8,2.61,188.54,7871.85,17.93,31.19,439.03,72.73,25.57
2022-08-20,August,Q3,2022,Central,Startup,Referral,Product_D,Rep_15,86378.35,22689.26,11747.88,8199.02,47873.0,4068.21,3421.83,3.06,601,182.66,3579,376,278,3677,46,17129,7.15,4,46,9.7,140,121,7.77,93.13,8402.36,31.24,26.27,268.96,86.43,24.13
2022-08-21,August,Q3,2022,North,Enterprise,Direct,Product_B,Rep_6,82913.99,27995.82,7817.34,6159.34,44021.54,3079.29,100.05,23.56,393,569.62,3313,352,243,3422,58,16776,2.82,10,22,8.8,55,48,7.33,258.12,33037.96,22.21,33.76,1487.53,87.27,25.03
2022-08-22,August,Q3,2022,East,SMB,Partner,Product_D,Rep_13,85666.42,34400.65,10181.96,5396.48,36863.89,4219.92,2614.59,11.53,677,537.21,3225,383,117,3491,47,1189,2.98,1,68,8.1,155,128,3.63,237.86,25248.87,26.58,40.16,949.92,82.58,26.56
2022-08-23,August,Q3,2022,South,Startup,Referral,Product_E,Rep_11,89854.47,21612.65,11799.24,7606.77,51682.19,4760.39,3282.71,7.78,185,238.8,3351,346,232,3465,42,12752,3.88,11,49,7.1,94,68,6.92,83.17,10029.6,34.1,24.05,294.12,72.34,26.81
2022-08-24,August,Q3,2022,Central,Enterprise,Online,Product_D,Rep_17,91832.99,31517.51,11306.38,5821.47,46634.53,2374.57,4561.28,12.26,326,494.09,3205,559,164,3600,36,8482,3.73,4,41,6.3,112,108,5.12,178.76,17787.24,20.23,34.32,879.25,96.43,28.65
2022-08-25,August,Q3,2022,East,SMB,Direct,Product_A,Rep_9,83517.3,33158.58,7780.62,5056.34,38125.19,4452.91,2834.5,19.32,582,337.18,3482,600,166,3916,52,17679,8.2,4,38,8.5,13,11,4.77,326.17,17533.36,12.97,39.7,1351.84,84.62,23.99
2022-08-26,August,Q3,2022,South,SMB,Online,Product_C,Rep_16,92556.24,34103.79,9707.01,5588.11,44894.0,3851.44,1072.94,4.21,80,333.45,3204,364,125,3443,24,1799,7.02,9,50,9.8,178,131,3.9,251.33,8002.8,26.67,36.85,300.07,73.6,28.89
2022-08-27,August,Q3,2022,South,Government,Online,Product_E,Rep_17,95066.48,38391.05,12821.18,9914.87,38740.94,5113.31,514.24,19.19,296,505.49,3417,627,187,3857,29,10934,6.57,8,39,7.5,42,36,5.47,199.43,14659.21,20.45,40.38,716.83,85.71,27.82
2022-08-28,August,Q3,2022,North,SMB,Partner,Product_B,Rep_20,90435.54,37836.3,10743.37,6656.03,38486.96,3368.91,2898.08,18.74,460,582.88,3211,371,205,3377,32,9788,2.8,2,38,8.6,115,98,6.38,252.18,18652.16,28.96,41.84,644.07,85.22,28.16
2022-08-29,August,Q3,2022,Central,Government,Direct,Product_C,Rep_18,97832.43,32418.04,7862.41,5426.33,54112.03,3439.95,2559.21,13.48,76,189.62,3390,441,151,3680,59,10909,7.87,13,21,7.6,17,12,4.45,312.32,11187.58,17.83,33.14,627.46,70.59,28.86
2022-08-30,August,Q3,2022,East,SMB,Social,Product_E,Rep_13,84659.58,34721.08,11282.53,8553.13,33864.03,4791.94,3806.06,21.65,122,339.46,3591,449,207,3833,12,13415,7.3,7,59,7.4,11,10,5.76,207.74,4073.52,25.13,41.01,162.1,90.91,23.58
2022-08-31,August,Q3,2022,East,SMB,Online,Product_C,Rep_11,82385.34,33297.54,6794.47,5402.33,39817.92,2475.41,2993.09,3.3,146,378.53,3466,476,215,3727,47,11790,2.65,6,58,7.3,143,135,6.2,390.07,17790.91,14.27,40.42,1246.74,94.41,23.77
2022-09-01,September,Q3,2022,Central,Startup,Direct,Product_D,Rep_13,79795.09,24698.82,10549.02,6868.95,40256.79,4290.46,2033.75,14.89,722,313.34,3348,420,210,3558,19,14846,7.6,7,73,7.7,182,168,6.27,134.13,5953.46,25.12,30.95,237.0,92.31,23.83
2022-09-02,September,Q3,2022,Central,SMB,Online,Product_B,Rep_13,96248.99,43845.13,9064.12,5771.37,39551.3,3788.44,1942.25,11.23,395,317.56,3435,511,79,3867,59,5714,3.41,11,46,7.1,71,54,2.3,383.72,18736.04,17.74,45.55,1056.15,76.06,28.02
2022-09-03,September,Q3,2022,East,Enterprise,Referral,Product_B,Rep_12,92120.68,20059.77,13547.74,7081.7,54776.4,3736.77,1862.56,10.56,525,182.04,3444,485,247,3682,32,12408,2.07,4,31,8.7,45,43,7.17,48.07,5825.28,27.93,21.78,208.57,95.56,26.75
2022-09-04,September,Q3,2022,East,Retail,Referral,Product_A,Rep_14,88651.01,36939.14,9375.36,4723.51,39469.65,2866.86,1003.11,6.31,349,449.39,3494,694,166,4022,54,3839,6.1,14,36,9.3,161,129,4.75,294.0,24267.06,13.51,41.67,1796.23,80.12,25.37
2022-09-05,September,Q3,2022,South,Startup,Direct,Product_D,Rep_13,90408.85,35562.63,9301.73,6349.74,41663.99,3880.5,78.32,9.31,348,341.79,3314,350,118,3546,32,4513,6.08,14,29,9.3,169,166,3.56,282.32,10937.28,26.58,39.34,411.49,98.22,27.28
2022-09-06,September,Q3,2022,West,Retail,Partner,Product_A,Rep_9,83461.64,34701.76,7546.78,3921.6,38458.16,2754.94,2399.15,2.7,336,227.48,3514,401,121,3794,38,14601,2.16,5,38,6.5,188,136,3.44,359.82,8644.24,18.82,41.58,459.31,72.34,23.75
2022-09-07,September,Q3,2022,North,Retail,Social,Product_A,Rep_14,101397.93,43697.8,10280.97,6313.68,45231.93,2187.23,1076.92,6.29,498,509.0,3188,336,156,3368,30,2135,3.73,6,49,9.4,20,17,4.89,325.04,15270.0,30.6,43.1,499.02,85.0,31.81
2022-09-08,September,Q3,2022,South,SMB,Referral,Product_D,Rep_1,89895.36,38426.65,12708.11,6367.8,35984.64,2775.96,936.38,6.8,261,498.27,3399,553,249,3703,34,12913,8.45,9,49,7.0,48,42,7.33,202.38,16941.18,22.98,42.75,737.21,87.5,26.45
2022-09-09,September,Q3,2022,South,Enterprise,Partner,Product_E,Rep_9,89876.3,25536.78,13458.38,9213.18,49060.68,1820.46,563.44,18.02,125,359.88,3418,360,146,3632,54,11101,6.25,2,44,6.8,54,42,4.27,89.75,19433.52,37.38,28.41,519.89,77.78,26.29
2022-09-10,September,Q3,2022,South,Retail,Social,Product_A,Rep_4,93038.24,22488.74,9841.74,6176.92,55206.02,5501.74,881.98,1.21,450,298.49,3534,649,230,3953,46,19631,6.61,11,54,8.6,138,129,6.51,128.5,13730.54,15.16,24.17,905.71,93.48,26.33
2022-09-11,September,Q3,2022,Central,Government,Referral,Product_C,Rep_12,91894.54,35389.38,10237.3,5508.75,40880.09,5387.77,146.06,16.28,704,427.99,3477,526,90,3913,51,7548,2.99,9,70,6.8,22,20,2.59,245.69,21827.49,19.46,38.51,1121.66,90.91,26.43
2022-09-12,September,Q3,2022,East,Government,Social,Product_E,Rep_14,90688.99,27300.96,11838.99,6972.1,48301.81,3247.23,3057.27,5.54,83,280.93,3338,510,162,3686,53,5516,2.05,10,46,5.7,151,107,4.85,130.6,14889.29,23.21,30.1,641.5,70.86,27.17
2022-09-13,September,Q3,2022,Central,Startup,Online,Product_D,Rep_9,85697.28,22320.05,12171.9,8166.11,46994.61,4210.72,1719.93,2.05,547,251.17,3384,528,269,3643,59,5102,3.44,1,29,7.1,55,49,7.95,83.37,14819.03,23.05,26.05,642.91,89.09,25.32
2022-09-14,September,Q3,2022,Central,Startup,Direct,Product_B,Rep_3,92087.07,25321.14,11189.79,7799.44,52460.63,3115.51,2585.46,7.52,565,490.52,3506,410,232,3684,16,17217,3.24,4,62,8.6,198,168,6.62,126.29,7848.32,27.29,27.5,287.59,84.85,26.27
2022-09-15,September,Q3,2022,South,Startup,Referral,Product_E,Rep_6,99219.93,35840.58,10656.9,6806.57,48074.62,4647.83,3159.94,5.61,377,181.26,3483,417,114,3786,52,18932,3.14,12,74,6.9,7,5,3.27,236.31,9425.52,25.56,36.12,368.76,71.43,28.49
2022-09-16,September,Q3,2022,North,Startup,Referral,Product_A,Rep_3,96616.99,36551.47,10520.0,7797.29,44500.45,5045.07,4697.93,13.8,147,201.29,3437,453,172,3718,19,5511,2.85,5,25,8.2,93,93,5.0,247.45,3824.51,23.22,37.83,164.71,100.0,28.11
2022-09-17,September,Q3,2022,West,Retail,Online,Product_C,Rep_1,97935.9,34118.67,12603.69,6726.99,45545.97,5667.57,334.28,8.93,415,156.11,3450,550,117,3883,22,15024,5.52,9,25,8.3,58,56,3.39,170.7,3434.42,22.92,34.84,149.84,96.55,28.39
2022-09-18,September,Q3,2022,Central,SMB,Referral,Product_D,Rep_3,87493.97,29856.61,7019.23,3687.65,47467.6,3150.53,1828.26,24.15,778,216.51,3572,432,159,3845,27,12413,3.8,6,67,8.7,53,42,4.45,325.35,5845.77,16.25,34.12,359.74,79.25,24.49
2022-09-19,September,Q3,2022,Central,Government,Referral,Product_B,Rep_14,85182.11,22312.69,10509.02,5394.0,47987.84,4372.56,1047.31,24.09,512,169.13,3455,386,231,3610,50,17319,7.24,4,21,9.4,32,28,6.69,112.32,8456.5,27.23,26.19,310.56,87.5,24.65
2022-09-20,September,Q3,2022,Central,Startup,Referral,Product_C,Rep_20,89581.28,38354.73,9395.69,6208.19,39086.35,2744.51,2135.22,11.09,77,617.55,3502,690,232,3960,58,13715,2.79,2,70,7.4,42,33,6.62,308.22,35817.9,13.62,42.82,2629.8,78.57,25.58
2022-09-21,September,Q3,2022,Central,SMB,Referral,Product_B,Rep_2,90568.91,29942.51,12280.58,8742.17,42946.71,5399.11,4168.31,19.88,762,272.36,3732,381,126,3987,35,8975,4.75,5,80,6.2,32,30,3.38,143.82,9532.6,32.23,33.06,295.77,93.75,24.27
2022-09-22,September,Q3,2022,North,Enterprise,Referral,Product_D,Rep_12,95841.33,29909.38,8291.17,4470.24,55625.16,2015.62,3469.38,0.33,435,223.81,3376,609,254,3731,32,13621,1.6,8,38,6.9,36,35,7.52,260.74,7161.92,13.61,31.21,526.22,97.22,28.39
2022-09-23,September,Q3,2022,North,Retail,Partner,Product_E,Rep_10,81988.13,22411.13,9934.84,6871.77,46023.11,3619.05,2713.6,13.7,322,269.05,3337,597,185,3749,34,11511,4.87,8,21,7.4,45,36,5.54,125.58,9147.7,16.64,27.33,549.74,80.0,24.57
2022-09-24,September,Q3,2022,North,Government,Referral,Product_A,Rep_13,98178.28,23855.36,11159.74,7176.65,58609.65,4553.53,2166.04,18.58,176,565.71,3605,468,154,3919,49,11558,1.89,6,70,8.6,40,38,4.27,113.76,27719.79,23.85,24.3,1162.26,95.0,27.23
2022-09-25,September,Q3,2022,West,Retail,Online,Product_D,Rep_20,89820.57,24850.27,11224.23,8936.77,49477.63,4268.44,3013.99,5.42,251,394.45,3463,393,174,3682,58,1526,8.34,11,45,5.6,107,91,5.02,121.4,22878.1,28.56,27.67,801.05,85.05,25.94
2022-09-26,September,Q3,2022,Central,Startup,Referral,Product_C,Rep_4,88556.29,36485.69,7486.53,5354.68,42386.5,2197.57,143.35,1.53,570,321.81,3503,401,197,3707,19,2753,7.03,1,39,6.9,40,33,5.62,387.35,6114.39,18.67,41.2,327.5,82.5,25.28
2022-09-27,September,Q3,2022,South,Enterprise,Social,Product_E,Rep_19,85710.25,26032.98,10336.56,7207.08,44408.84,4931.87,2512.33,3.9,336,560.31,3460,587,185,3862,18,15656,4.93,8,42,8.9,111,109,5.35,151.85,10085.58,17.61,30.37,572.72,98.2,24.77
2022-09-28,September,Q3,2022,North,Enterprise,Social,Product_B,Rep_1,82576.57,26527.38,9851.71,6611.83,43947.49,2249.99,2286.45,11.05,499,323.06,3517,578,173,3922,13,11220,2.11,4,73,8.4,130,111,4.92,169.27,4199.78,17.04,32.12,246.47,85.38,23.48
2022-09-29,September,Q3,2022,East,SMB,Online,Product_E,Rep_11,95046.78,39934.14,11333.97,9058.22,39510.11,4268.56,1647.35,12.66,137,287.89,3706,661,186,4181,41,19038,5.65,14,34,8.6,91,76,5.02,252.34,11803.49,17.15,42.02,688.25,83.52,25.65
2022-09-30,September,Q3,2022,East,Retail,Partner,Product_E,Rep_16,91377.6,31063.75,11170.38,8870.82,46502.01,2641.46,920.69,9.52,367,238.23,3631,703,111,4223,24,13741,6.81,2,25,9.0,70,63,3.06,178.09,5717.52,15.89,33.99,359.82,90.0,25.17
2022-10-01,October,Q4,2022,West,Government,Online,Product_C,Rep_19,84641.29,25264.96,10779.3,7129.8,45864.08,2732.95,3417.63,11.0,68,322.1,3641,616,250,4007,34,5841,2.84,1,54,8.9,142,111,6.87,134.38,10951.4,17.5,29.85,625.79,78.17,23.25
2022-10-02,October,Q4,2022,Central,Retail,Partner,Product_A,Rep_19,84695.78,32889.77,11548.2,7351.06,36712.59,3545.22,228.09,11.76,642,293.09,3417,395,179,3633,40,5041,5.48,7,27,8.4,74,59,5.24,184.8,11723.6,29.24,38.83,400.94,79.73,24.79
2022-10-03,October,Q4,2022,Central,Government,Direct,Product_E,Rep_12,89572.33,27615.01,8857.58,5656.76,49813.53,3286.21,312.04,19.24,156,450.86,3447,429,96,3780,49,9965,7.2,2,76,7.4,83,81,2.79,211.77,22092.14,20.65,30.83,1069.84,97.59,25.99
2022-10-04,October,Q4,2022,West,Retail,Social,Product_E,Rep_3,99676.44,31805.06,13730.77,8629.83,51508.25,2632.36,2195.48,2.63,507,261.22,3283,605,217,3671,48,15418,6.88,13,69,9.7,97,88,6.61,131.63,12538.56,22.7,31.91,552.36,90.72,30.36
2022-10-05,October,Q4,2022,South,Startup,Social,Product_A,Rep_18,90113.45,24136.01,10352.04,6826.34,53206.98,2418.42,1137.93,19.22,360,414.44,3490,422,265,3647,31,5417,7.12,4,68,7.9,195,185,7.59,133.15,12847.64,24.53,26.78,523.75,94.87,25.82
2022-10-06,October,Q4,2022,South,Startup,Social,Product_A,Rep_17,83975.78,39417.87,7171.03,4174.08,34302.8,3084.08,3130.0,17.22,461,199.37,3670,394,282,3782,44,9977,7.66,4,40,6.4,96,75,7.68,449.68,8772.28,18.2,46.94,481.99,78.12,22.88
2022-10-07,October,Q4,2022,South,SMB,Partner,Product_B,Rep_5,90342.86,37270.49,7597.7,5911.29,40931.21,4543.46,2864.73,18.54,791,240.72,3630,618,153,4095,40,15587,8.06,13,55,6.8,26,22,4.21,390.55,9628.8,12.29,41.25,783.47,84.62,24.89
2022-10-08,October,Q4,2022,Central,Retail,Online,Product_B,Rep_16,90288.03,28925.94,9335.48,6040.7,46977.83,5048.78,3487.53,18.36,673,339.42,3560,499,100,3959,26,1448,4.34,10,77,8.5,24,24,2.81,209.85,8824.92,18.71,32.04,471.67,100.0,25.36
2022-10-09,October,Q4,2022,East,SMB,Partner,Product_A,Rep_14,78247.3,29920.21,10558.91,7946.66,35939.92,1828.26,1270.26,11.76,781,577.35,3584,688,183,4089,34,5585,5.48,1,82,9.5,37,29,5.11,183.36,19629.9,15.35,38.24,1278.82,78.38,21.83
2022-10-10,October,Q4,2022,Central,Enterprise,Social,Product_D,Rep_19,91540.34,26716.36,11857.92,7619.79,49695.86,3270.2,3389.37,5.29,684,323.73,3522,581,94,4009,53,13751,7.03,2,35,6.3,147,110,2.67,125.3,17157.69,20.41,29.19,840.65,74.83,25.99
2022-10-11,October,Q4,2022,Central,Retail,Social,Product_A,Rep_6,90737.22,26221.8,12267.95,8777.56,50068.89,2178.58,3912.15,13.42,547,458.15,3615,394,275,3734,14,9108,6.38,1,25,5.9,139,119,7.61,113.74,6414.1,31.14,28.9,205.98,85.61,25.1
2022-10-12,October,Q4,2022,South,Retail,Social,Product_B,Rep_3,95453.0,42249.82,11092.48,6667.3,40138.29,1972.41,1647.87,23.95,293,268.74,3675,716,114,4277,48,16534,8.47,6,71,9.3,94,77,3.1,280.89,12899.52,15.49,44.26,832.76,81.91,25.97
2022-10-13,October,Q4,2022,West,Retail,Social,Product_C,Rep_6,101296.83,34435.49,11225.1,7716.61,50929.1,4707.14,1721.52,14.71,739,204.04,3441,433,121,3753,40,12443,1.6,13,21,9.4,54,40,3.52,206.77,8161.6,25.92,33.99,314.88,74.07,29.44
2022-10-14,October,Q4,2022,East,Enterprise,Direct,Product_C,Rep_12,97764.96,35567.1,8830.3,5735.38,49056.32,4311.24,4399.19,0.28,626,168.38,3637,486,161,3962,56,1294,3.99,3,37,6.7,14,14,4.43,302.78,9429.28,18.17,36.38,518.95,100.0,26.88
2022-10-15,October,Q4,2022,South,Enterprise,Social,Product_E,Rep_20,90867.77,36042.67,9356.97,5709.01,43058.25,2409.88,226.22,1.49,429,284.95,3704,519,159,4064,19,2238,3.47,1,54,7.1,83,83,4.29,285.2,5414.05,18.03,39.66,300.28,100.0,24.53
2022-10-16,October,Q4,2022,Central,SMB,Partner,Product_C,Rep_11,86759.66,23744.49,9576.65,7321.03,50891.91,2546.61,1519.12,24.82,564,224.09,3573,376,242,3707,33,16321,3.34,12,58,8.3,41,36,6.77,147.94,7394.97,25.47,27.37,290.34,87.8,24.28
2022-10-17,October,Q4,2022,Central,Startup,Social,Product_B,Rep_7,105239.17,34449.88,9071.83,4842.67,59512.88,2204.58,624.45,1.8,256,225.14,3689,552,175,4066,40,17074,3.06,8,20,6.9,63,59,4.74,279.75,9005.6,16.43,32.73,548.12,93.65,28.53
2022-10-18,October,Q4,2022,West,SMB,Referral,Product_C,Rep_1,92748.54,28911.33,8852.18,5719.19,50032.45,4952.58,134.4,1.15,443,495.48,3904,439,118,4225,13,14049,6.46,14,56,9.3,92,88,3.02,226.6,6441.24,20.16,31.17,319.51,95.65,23.76
2022-10-19,October,Q4,2022,Central,Retail,Direct,Product_D,Rep_16,92602.18,25583.33,11285.96,6301.07,50270.51,5462.38,522.6,8.83,70,161.52,3616,507,130,3993,52,3816,2.09,12,40,6.0,108,98,3.6,126.68,8399.04,22.26,27.63,377.32,90.74,25.61
2022-10-20,October,Q4,2022,South,Retail,Social,Product_A,Rep_16,92491.99,32440.82,12162.37,9222.93,45537.8,2351.0,1994.34,24.23,576,409.34,3670,496,186,3980,56,2098,6.69,14,20,5.7,67,48,5.07,166.73,22923.04,24.52,35.07,934.87,71.64,25.2
2022-10-21,October,Q4,2022,Central,SMB,Referral,Product_A,Rep_17,93683.12,22170.83,14041.63,8088.55,54729.58,2741.08,3217.81,7.97,392,333.59,3561,631,103,4089,12,15679,6.35,4,23,6.4,25,19,2.89,57.89,4003.08,22.25,23.67,179.91,76.0,26.31
2022-10-22,October,Q4,2022,East,Retail,Partner,Product_B,Rep_15,92050.97,24027.75,13376.66,9230.28,49608.02,5038.54,1331.44,10.25,767,378.73,3657,659,207,4109,55,2737,3.26,10,77,6.7,108,78,5.66,79.62,20830.15,20.3,26.1,1026.12,72.22,25.17
2022-10-23,October,Q4,2022,South,Government,Direct,Product_E,Rep_9,89984.54,24490.7,11246.23,6181.7,49113.22,5134.39,3822.88,15.85,251,390.19,3689,425,199,3915,31,19573,3.27,7,20,6.0,83,58,5.39,117.77,12095.89,26.46,27.22,457.14,69.88,24.39
2022-10-24,October,Q4,2022,Central,Enterprise,Social,Product_A,Rep_5,90198.64,25380.93,9875.61,6137.44,51624.13,3317.97,1973.62,0.6,169,287.57,3666,501,231,3936,32,3765,5.9,10,32,5.8,41,32,6.3,157.01,9202.24,19.71,28.14,466.88,78.05,24.6
2022-10-25,October,Q4,2022,South,Government,Partner,Product_C,Rep_20,92849.25,37012.34,11562.74,8901.08,42229.17,2045.0,4494.96,22.44,698,283.24,3549,487,271,3765,48,18606,6.84,2,65,8.7,49,40,7.64,220.1,13595.52,23.74,39.86,572.68,81.63,26.16
2022-10-26,October,Q4,2022,East,SMB,Referral,Product_D,Rep_8,90375.97,25487.34,12200.36,6707.99,50738.35,1949.92,4311.64,12.99,438,461.67,3675,423,275,3823,19,15230,7.64,6,66,6.2,146,113,7.48,108.91,8771.73,28.84,28.2,304.15,77.4,24.59
2022-10-27,October,Q4,2022,West,Retail,Direct,Product_E,Rep_1,89608.94,38505.89,7910.99,5529.46,39342.64,3849.42,3464.62,11.67,586,555.96,3805,684,292,4197,38,12434,7.46,6,26,9.4,47,34,7.67,386.74,21126.48,11.57,42.97,1825.97,72.34,23.55
2022-10-28,October,Q4,2022,East,Startup,Social,Product_E,Rep_7,93785.4,36250.16,10193.85,5722.35,43991.77,3349.62,4372.3,21.52,283,238.08,3708,633,129,4212,58,13091,8.25,7,70,7.1,120,103,3.48,255.61,13808.64,16.1,38.65,857.68,85.83,25.29
2022-10-29,October,Q4,2022,West,Enterprise,Partner,Product_E,Rep_11,92058.45,34332.79,12776.44,7981.76,43002.54,1946.68,3254.71,23.83,682,197.74,3763,448,105,4106,46,1410,5.57,12,22,8.4,89,70,2.79,168.72,9096.04,28.52,37.29,318.94,78.65,24.46
2022-10-30,October,Q4,2022,East,Enterprise,Direct,Product_A,Rep_20,100933.38,25646.82,10786.58,7142.71,60126.53,4373.45,4519.71,10.59,651,567.67,3647,498,139,4006,17,5786,7.86,1,69,6.5,88,83,3.81,137.77,9650.39,21.66,25.41,445.54,94.32,27.68
2022-10-31,October,Q4,2022,South,Startup,Referral,Product_E,Rep_13,80238.64,23125.53,9631.13,6483.6,45840.93,1641.05,948.72,4.31,369,301.15,3750,415,276,3889,56,10069,7.16,14,45,6.5,165,116,7.36,140.11,16864.4,23.21,28.82,726.6,70.3,21.4
2022-11-01,November,Q4,2022,West,SMB,Social,Product_B,Rep_13,99031.11,28434.54,11997.01,8167.01,53499.97,5099.59,1710.37,20.39,761,403.83,3707,604,290,4021,55,18170,7.76,12,50,8.0,7,7,7.82,137.01,22210.65,19.86,28.71,1118.36,100.0,26.71
2022-11-02,November,Q4,2022,West,Government,Direct,Product_C,Rep_7,99884.08,32903.62,9280.56,6422.51,54477.91,3221.99,3760.29,10.08,229,310.69,3588,402,257,3733,30,19493,1.58,1,81,7.9,108,107,7.16,254.54,9320.7,23.09,32.94,403.67,99.07,27.84
2022-11-03,November,Q4,2022,Central,Enterprise,Referral,Product_D,Rep_11,83366.78,30063.62,8783.23,5107.72,42718.35,1801.58,1769.72,23.39,417,204.77,3719,739,99,4359,29,6835,8.26,2,45,8.8,91,83,2.66,242.28,5938.33,11.89,36.06,499.44,91.21,22.42
2022-11-04,November,Q4,2022,Central,SMB,Referral,Product_C,Rep_18,92100.38,24280.61,9524.63,5909.18,54285.63,4009.51,3855.91,23.75,125,407.48,3592,640,276,3956,12,2986,4.81,14,74,8.8,176,162,7.68,154.92,4889.76,14.88,26.36,328.61,92.05,25.64
2022-11-05,November,Q4,2022,South,Retail,Partner,Product_B,Rep_1,92036.69,35250.7,7531.71,3850.18,45949.48,3304.8,4038.75,2.87,698,402.97,3631,505,165,3971,36,9126,7.09,11,47,8.4,115,113,4.54,368.03,14506.92,14.91,38.3,972.97,98.26,25.35
2022-11-06,November,Q4,2022,East,Retail,Referral,Product_B,Rep_12,86936.42,33318.47,7102.13,5189.01,41390.74,5125.08,1302.87,23.91,699,237.59,3718,587,76,4229,38,10070,2.39,2,63,7.4,91,69,2.04,369.13,9028.42,12.1,38.33,746.15,75.82,23.38
2022-11-07,November,Q4,2022,North,Enterprise,Referral,Product_C,Rep_3,90164.97,34930.47,12462.49,9360.95,39006.0,3766.01,3712.32,9.21,545,360.33,3732,713,174,4271,18,8300,4.27,5,57,9.3,95,95,4.66,180.28,6485.94,17.48,38.74,371.05,100.0,24.16
2022-11-08,November,Q4,2022,West,Startup,Online,Product_A,Rep_1,88581.25,27693.53,8779.73,4914.64,49361.12,2746.87,683.25,16.16,571,489.88,3588,558,82,4064,55,16548,3.4,1,49,8.2,39,36,2.29,215.43,26943.4,15.73,31.26,1712.87,92.31,24.69
2022-11-09,November,Q4,2022,West,Startup,Referral,Product_B,Rep_4,102975.57,29705.17,11972.51,6709.79,56316.18,4981.71,1720.7,0.87,250,427.49,3816,448,201,4063,53,3403,3.54,11,27,9.8,157,144,5.27,148.11,22656.97,26.72,28.85,847.94,91.72,26.99
2022-11-10,November,Q4,2022,South,Enterprise,Social,Product_E,Rep_6,98972.69,38733.8,9987.41,5119.66,47197.21,3054.27,2563.22,22.22,395,204.13,3772,520,152,4140,40,9262,2.36,2,33,9.0,100,81,4.03,287.83,8165.2,19.21,39.14,425.05,81.0,26.24
2022-11-11,November,Q4,2022,East,Government,Direct,Product_D,Rep_5,100732.15,39582.09,14691.54,11622.7,40800.42,5658.1,1140.51,16.04,532,397.58,3648,672,177,4143,42,11502,7.14,6,81,5.7,90,78,4.85,169.42,16698.36,21.86,39.29,763.88,86.67,27.61
2022-11-12,November,Q4,2022,South,Enterprise,Social,Product_D,Rep_11,98062.81,29326.75,9624.94,7143.21,55680.01,3431.11,2840.23,16.09,268,463.96,3569,587,203,3953,55,7701,1.56,3,82,6.9,140,125,5.69,204.7,25517.8,16.4,29.91,1555.96,89.29,27.48
2022-11-13,November,Q4,2022,East,Enterprise,Social,Product_B,Rep_20,88889.28,39613.13,9784.57,5951.08,35758.7,3732.88,2571.99,22.55,109,510.72,3712,613,268,4057,54,4295,3.69,4,59,8.0,120,106,7.22,304.85,27578.88,15.96,44.56,1728.0,88.33,23.95
2022-11-14,November,Q4,2022,North,Startup,Partner,Product_E,Rep_13,91992.01,27243.06,12979.26,8366.07,49743.76,2025.93,951.67,12.71,708,455.99,3686,688,220,4154,47,16687,2.72,1,32,8.6,194,177,5.97,109.9,21431.53,18.87,29.61,1135.75,91.24,24.96
2022-11-15,November,Q4,2022,South,Government,Online,Product_C,Rep_11,97141.57,22339.49,13496.4,7930.35,57707.09,3598.59,3864.49,10.26,668,201.07,3746,709,172,4283,30,13875,5.62,5,36,7.9,150,109,4.59,65.52,6032.1,19.04,23.0,316.81,72.67,25.93
2022-11-16,November,Q4,2022,West,Government,Online,Product_D,Rep_6,88664.14,32464.03,8248.17,5601.94,43226.63,4725.31,2800.21,21.65,599,477.4,3702,711,256,4157,17,3121,3.28,4,34,8.9,96,77,6.92,293.59,8115.8,11.6,36.61,699.64,80.21,23.95
2022-11-17,November,Q4,2022,East,Retail,Social,Product_E,Rep_19,98419.85,35883.32,13403.31,9585.95,43993.15,5140.07,1563.7,18.56,695,445.68,3542,388,263,3667,36,4582,3.31,8,52,6.7,160,133,7.43,167.72,16044.48,34.54,36.46,464.52,83.12,27.79
2022-11-18,November,Q4,2022,North,Government,Direct,Product_E,Rep_15,93733.31,29805.32,10504.98,6662.37,50707.3,2715.71,1088.17,23.72,270,160.79,3708,573,101,4180,42,15477,4.92,3,35,6.3,144,112,2.72,183.73,6753.18,18.33,31.8,368.42,77.78,25.28
2022-11-19,November,Q4,2022,Central,Startup,Online,Product_A,Rep_13,93140.91,27357.66,10600.16,8078.15,52477.98,2705.11,4092.38,23.5,551,332.81,3720,647,193,4174,20,10821,6.07,10,32,5.7,196,147,5.19,158.09,6656.2,16.38,29.37,406.36,75.0,25.04
2022-11-20,November,Q4,2022,West,Startup,Online,Product_B,Rep_10,98649.89,34397.06,8813.74,5773.95,50241.01,5198.08,4122.29,9.56,182,295.55,3818,671,142,4347,31,6700,2.35,1,42,8.0,6,4,3.72,290.27,9162.05,13.14,34.87,697.26,66.67,25.84
2022-11-21,November,Q4,2022,South,Retail,Social,Product_E,Rep_1,97396.49,25686.86,8341.24,4531.6,57795.76,5572.63,1118.89,11.17,102,451.14,3689,593,84,4198,21,8232,2.73,14,55,8.5,191,155,2.28,207.95,9473.94,14.07,26.37,673.34,81.15,26.4
2022-11-22,November,Q4,2022,East,Government,Online,Product_C,Rep_13,93450.42,40641.22,12237.87,8403.59,38345.86,2225.47,166.37,6.4,499,235.92,3931,459,236,4154,48,5288,3.23,13,62,6.9,169,143,6.0,232.09,11324.16,26.66,43.49,424.76,84.62,23.77
2022-11-23,November,Q4,2022,Central,SMB,Partner,Product_D,Rep_6,101131.98,35020.61,11605.13,7411.84,50662.99,3843.25,4068.2,16.52,111,426.18,3576,643,257,3962,38,2085,8.32,10,69,8.1,128,92,7.19,201.77,16194.84,18.05,34.63,897.22,71.88,28.28
2022-11-24,November,Q4,2022,South,Retail,Social,Product_A,Rep_20,90010.1,28103.99,9953.28,7770.54,48937.66,3015.17,2770.1,9.11,72,543.0,3902,671,116,4457,24,16891,4.28,5,32,5.7,8,8,2.97,182.36,13032.0,14.83,31.22,878.76,100.0,23.07
2022-11-25,November,Q4,2022,East,SMB,Online,Product_C,Rep_12,98575.17,23813.68,12919.81,7978.86,56437.05,5404.63,497.22,19.65,93,514.41,3752,408,258,3902,52,16600,5.69,14,49,5.9,173,161,6.88,84.32,26749.32,31.67,24.16,844.63,93.06,26.27
2022-11-26,November,Q4,2022,South,Enterprise,Online,Product_D,Rep_17,98541.08,40128.09,13163.7,8172.81,42949.24,2300.05,2893.95,3.04,607,561.39,3865,566,275,4156,13,9645,3.19,1,76,8.5,177,163,7.12,204.84,7298.07,23.26,40.72,313.76,92.09,25.5
2022-11-27,November,Q4,2022,South,Startup,Online,Product_B,Rep_18,94107.92,30155.07,8575.45,5961.93,52700.5,2676.9,2127.7,2.91,708,578.62,3791,445,284,3952,32,9810,4.93,11,49,7.1,113,85,7.49,251.64,18515.84,19.27,32.04,960.86,75.22,24.82
2022-11-28,November,Q4,2022,West,Government,Social,Product_C,Rep_8,97366.4,30830.5,11948.39,7863.19,49709.58,4877.93,3770.76,5.11,777,156.82,3901,522,140,4283,44,9828,2.02,5,29,8.4,115,101,3.59,158.03,6900.08,22.89,31.66,301.45,87.83,24.96
2022-11-29,November,Q4,2022,Central,Enterprise,Direct,Product_D,Rep_14,89560.25,36644.72,8013.38,4906.87,42927.19,1974.96,936.28,2.11,96,414.66,3752,382,279,3855,35,19732,1.74,9,58,9.1,38,33,7.44,357.29,14513.1,20.98,40.92,691.76,86.84,23.87
2022-11-30,November,Q4,2022,North,Enterprise,Referral,Product_A,Rep_5,100516.03,40343.04,13328.05,10621.55,42854.31,3990.63,2277.48,15.5,73,336.18,3685,516,145,4056,55,5874,4.78,5,56,9.2,91,91,3.93,202.69,18489.9,25.83,40.14,715.83,100.0,27.28
2022-12-01,December,Q4,2022,West,SMB,Online,Product_D,Rep_2,95051.47,25024.17,11975.24,7073.24,54470.11,3581.95,742.56,3.68,706,522.7,3941,611,209,4343,53,14767,4.29,2,22,6.2,17,16,5.3,108.97,27703.1,19.6,26.33,1413.42,94.12,24.12
2022-12-02,December,Q4,2022,North,Retail,Referral,Product_E,Rep_11,93442.44,36274.95,13732.58,8009.65,40316.17,3118.74,4473.68,4.0,138,267.93,3791,614,87,4318,45,11913,2.46,13,53,7.6,11,10,2.29,164.15,12056.85,22.37,38.82,538.97,90.91,24.65
2022-12-03,December,Q4,2022,West,Startup,Referral,Product_A,Rep_3,101381.18,42319.8,8599.87,6530.12,46833.8,3627.71,3947.47,0.36,223,582.22,3829,637,87,4379,20,17215,6.31,2,57,8.7,36,34,2.27,392.1,11644.4,13.5,41.74,862.55,94.44,26.48
2022-12-04,December,Q4,2022,North,Enterprise,Online,Product_C,Rep_16,92694.5,38635.01,7785.77,3900.76,42454.93,3818.79,3414.51,19.55,625,421.66,3934,722,249,4407,13,19733,8.45,10,33,8.8,27,20,6.33,396.23,5481.58,10.78,41.68,508.5,74.07,23.56
2022-12-05,December,Q4,2022,North,Government,Online,Product_B,Rep_16,89253.99,26732.41,8903.36,4989.23,51257.03,2361.19,3080.18,20.31,168,510.03,3712,451,173,3990,41,15332,4.27,9,83,8.9,181,128,4.66,200.25,20911.23,19.74,29.95,1059.33,70.72,24.04
2022-12-06,December,Q4,2022,East,Government,Referral,Product_A,Rep_9,88593.23,28727.26,8710.43,5898.13,47356.68,3798.86,1875.24,4.05,784,180.79,3878,435,137,4176,33,5432,5.87,12,58,6.5,51,46,3.53,229.8,5966.07,20.02,32.43,298.01,90.2,22.85
2022-12-07,December,Q4,2022,West,Enterprise,Direct,Product_A,Rep_13,99486.51,28966.29,9678.89,5311.15,55646.41,5194.92,4592.71,18.49,717,231.98,3764,697,118,4343,57,8265,8.24,14,73,6.3,169,123,3.13,199.27,13222.86,13.89,29.12,951.97,72.78,26.43
2022-12-08,December,Q4,2022,Central,SMB,Referral,Product_A,Rep_10,90134.39,32093.45,12928.68,10287.88,40568.91,4543.35,328.62,10.84,227,476.14,3814,441,230,4025,22,7103,7.32,5,21,8.0,180,132,6.03,148.23,10475.08,29.32,35.61,357.27,73.33,23.63
2022-12-09,December,Q4,2022,South,Startup,Direct,Product_D,Rep_17,105390.59,37034.35,10272.23,6566.61,55327.41,2756.6,4232.8,5.99,391,166.2,3838,758,77,4519,54,12012,4.74,11,62,8.7,33,30,2.01,260.53,8974.8,13.55,35.14,662.35,90.91,27.46
2022-12-10,December,Q4,2022,Central,SMB,Partner,Product_E,Rep_17,86287.05,31118.94,8545.57,5804.23,44381.67,2240.87,928.59,15.53,617,535.25,3685,679,252,4112,28,16900,6.66,8,72,6.9,169,132,6.84,264.15,14987.0,12.59,36.06,1190.39,78.11,23.42
2022-12-11,December,Q4,2022,South,Startup,Direct,Product_B,Rep_10,105259.06,28372.49,14016.07,7682.38,59636.21,3234.29,1705.34,4.46,108,184.2,3761,564,93,4232,47,3031,2.4,10,22,6.0,27,24,2.47,102.43,8657.4,24.85,26.95,348.39,88.89,27.99
2022-12-12,December,Q4,2022,East,Startup,Social,Product_B,Rep_8,97911.94,26716.04,10915.4,6405.3,56908.12,3372.38,2542.92,18.92,487,446.61,3978,788,125,4641,24,18633,5.08,4,60,8.6,42,41,3.14,144.76,10718.64,13.85,27.29,773.91,97.62,24.61
2022-12-13,December,Q4,2022,West,SMB,Online,Product_E,Rep_7,96453.37,41172.16,12960.41,8869.94,38815.86,3504.94,3774.49,1.19,477,322.17,3935,432,170,4197,18,9519,3.45,2,27,6.8,131,104,4.32,217.68,5799.06,30.0,42.69,193.3,79.39,24.51
2022-12-14,December,Q4,2022,North,Government,Partner,Product_D,Rep_14,94292.42,31440.16,7974.84,5302.2,50427.96,4449.46,3953.37,23.98,475,407.36,3845,501,189,4157,27,9988,2.63,4,82,6.2,48,37,4.92,294.24,10998.72,15.92,33.34,690.87,77.08,24.52
2022-12-15,December,Q4,2022,Central,Startup,Referral,Product_D,Rep_18,99092.78,44912.38,11309.46,8315.95,40664.42,2206.52,2892.18,1.8,430,478.24,3879,635,160,4354,44,6299,4.48,12,84,6.1,9,7,4.12,297.12,21042.56,17.81,45.32,1181.5,77.78,25.55
2022-12-16,December,Q4,2022,South,Government,Direct,Product_E,Rep_19,96989.0,37485.13,7987.33,4638.8,49442.25,2074.29,1954.5,14.49,535,311.87,3829,517,150,4196,56,13952,2.42,11,23,6.9,184,136,3.92,369.31,17464.72,15.45,38.65,1130.4,73.91,25.33
2022-12-17,December,Q4,2022,Central,SMB,Partner,Product_E,Rep_18,102773.77,43412.8,8672.64,6036.7,47021.73,3666.6,4863.78,22.55,781,193.74,3999,771,311,4459,12,4094,6.39,4,29,8.0,44,32,7.78,400.57,2324.88,11.25,42.24,206.66,72.73,25.7
2022-12-18,December,Q4,2022,West,Enterprise,Social,Product_C,Rep_14,97908.48,34004.35,14045.03,8248.54,45170.6,4688.5,1206.83,0.3,234,193.71,3847,410,225,4032,22,3977,4.69,11,69,7.0,143,104,5.85,142.11,4261.62,34.26,34.73,124.39,72.73,25.45
2022-12-19,December,Q4,2022,East,Retail,Direct,Product_D,Rep_10,98168.93,40438.12,8810.38,5956.04,46197.48,2722.95,3941.95,12.46,608,412.48,3894,603,83,4414,17,18346,5.22,9,42,5.6,82,68,2.13,358.98,7012.16,14.61,41.19,479.96,82.93,25.21
2022-12-20,December,Q4,2022,North,SMB,Referral,Product_A,Rep_1,95679.44,29929.66,11220.28,7646.73,50160.76,4368.74,2928.03,8.75,509,379.71,3989,635,183,4441,31,6725,2.52,10,80,5.9,110,88,4.59,166.75,11771.01,17.67,31.28,666.16,80.0,23.99
2022-12-21,December,Q4,2022,South,Government,Referral,Product_B,Rep_9,97292.85,38335.36,10583.19,5678.43,45417.27,2957.03,1833.46,14.51,151,488.74,3801,628,276,4153,46,2268,2.48,11,66,6.7,134,122,7.26,262.23,22482.04,16.85,39.4,1334.25,91.04,25.6
2022-12-22,December,Q4,2022,North,SMB,Direct,Product_D,Rep_18,99196.67,29134.33,10347.6,6876.91,54214.93,5499.81,6.78,5.64,605,368.75,4039,507,154,4392,55,17161,5.58,6,22,8.3,167,160,3.81,181.56,20281.25,20.41,29.37,993.69,95.81,24.56
2022-12-23,December,Q4,2022,North,Retail,Social,Product_E,Rep_13,89186.9,28564.65,12752.69,6422.02,42890.47,4979.09,1991.54,1.62,64,350.32,3734,510,96,4148,48,17756,8.4,10,36,5.9,177,166,2.57,123.99,16815.36,25.01,32.03,672.35,93.79,23.89
2022-12-24,December,Q4,2022,West,SMB,Online,Product_A,Rep_17,91076.89,43071.19,7425.28,4829.13,37675.84,2904.58,1260.14,15.65,797,318.58,4054,747,266,4535,52,8617,2.17,6,41,7.9,53,46,6.56,480.06,16566.16,9.94,47.29,1666.62,86.79,22.47
2022-12-25,December,Q4,2022,North,Enterprise,Online,Product_C,Rep_16,101614.22,29222.52,12850.67,9114.42,56573.92,2967.11,530.15,10.42,100,151.4,3858,461,217,4102,37,16032,3.5,5,35,6.0,127,93,5.62,127.4,5601.8,27.88,28.76,200.93,73.23,26.34
2022-12-26,December,Q4,2022,South,Retail,Referral,Product_C,Rep_11,98832.31,35476.7,14571.6,7604.19,45181.36,3602.65,371.4,15.56,358,291.9,3875,708,210,4373,23,13934,7.59,6,22,6.4,39,36,5.42,143.46,6713.7,20.58,35.9,326.22,92.31,25.51
2022-12-27,December,Q4,2022,Central,Government,Social,Product_A,Rep_9,97138.14,35417.89,11580.01,9051.09,47262.89,2877.35,1688.06,5.26,83,596.81,3714,580,86,4208,41,12885,2.01,1,71,6.2,110,89,2.32,205.85,24469.21,19.97,36.46,1225.3,80.91,26.15
2022-12-28,December,Q4,2022,West,Retail,Referral,Product_A,Rep_7,98230.31,26565.23,14300.13,9118.14,52758.4,4606.55,3019.39,8.47,685,536.93,3861,680,110,4431,39,10796,7.63,13,52,5.8,76,55,2.85,85.77,20940.27,21.03,27.04,995.73,72.37,25.44
2022-12-29,December,Q4,2022,Central,Startup,Online,Product_E,Rep_1,99956.13,39663.4,8362.14,6535.22,46628.66,5301.93,4185.76,14.04,638,284.74,3807,652,218,4241,38,7279,5.17,5,61,8.4,164,156,5.73,374.32,10820.12,12.83,39.68,843.35,95.12,26.26
2022-12-30,December,Q4,2022,South,SMB,Referral,Product_E,Rep_9,95599.5,41341.4,10450.51,5561.97,39321.71,4485.88,877.43,14.83,684,408.45,3854,465,125,4194,53,1095,4.36,12,21,7.5,113,91,3.24,295.59,21647.85,22.47,43.24,963.41,80.53,24.81
2022-12-31,December,Q4,2022,South,Retail,Direct,Product_B,Rep_10,94486.85,35340.99,9279.65,7284.25,44860.86,5005.35,2006.16,9.31,254,530.96,3905,613,196,4322,30,16478,3.67,6,58,9.1,129,99,5.02,280.84,15928.8,15.14,37.4,1052.1,76.74,24.2
2023-01-01,January,Q1,2023,East,Government,Direct,Product_B,Rep_16,99437.68,24270.07,13041.99,6948.24,58557.83,3567.79,1948.76,7.0,789,336.76,4019,751,212,4558,16,8021,3.58,8,65,5.9,75,72,5.27,86.09,5388.16,17.37,24.41,310.2,96.0,24.74
2023-01-02,January,Q1,2023,North,Government,Social,Product_C,Rep_18,93646.67,27785.86,13924.4,8890.02,49477.93,2458.48,2403.88,6.84,119,146.56,3948,565,146,4367,16,16185,3.64,4,67,6.1,43,42,3.7,99.55,2344.96,24.64,29.67,95.17,97.67,23.72
2023-01-03,January,Q1,2023,East,Startup,Online,Product_A,Rep_14,100659.88,32032.9,9860.35,7704.85,53782.15,4984.48,4074.65,4.37,279,204.64,3962,779,305,4436,52,6868,7.69,14,46,6.8,180,144,7.7,224.87,10641.28,12.66,31.82,840.54,80.0,25.41
2023-01-04,January,Q1,2023,South,Government,Social,Product_C,Rep_11,90185.78,28258.13,11344.67,6464.33,47478.88,3104.1,2496.55,8.14,529,371.07,3825,555,270,4110,38,14071,6.57,5,34,8.8,95,77,7.06,149.09,14100.66,20.44,31.33,689.86,81.05,23.58
2023-01-05,January,Q1,2023,North,Government,Social,Product_E,Rep_4,103924.56,43594.68,9755.07,4979.33,45705.86,4868.95,4399.41,4.99,582,583.02,3851,440,244,4047,39,9041,6.19,4,26,6.8,41,36,6.34,346.89,22737.78,22.17,41.95,1025.61,87.8,26.99
2023-01-06,January,Q1,2023,East,Government,Online,Product_D,Rep_19,101221.85,37040.55,12103.41,8931.51,48957.65,3120.24,2624.44,15.85,157,458.27,4123,573,102,4594,37,17515,7.09,7,76,7.3,192,177,2.47,206.03,16955.99,21.12,36.59,802.84,92.19,24.55
2023-01-07,January,Q1,2023,South,Retail,Partner,Product_E,Rep_13,100219.09,31477.57,11272.17,7651.16,55139.34,2330.01,3025.85,14.23,290,177.7,3873,756,102,4527,38,12307,3.3,10,61,6.8,85,61,2.63,179.25,6752.6,14.91,31.41,452.89,71.76,25.88
2023-01-08,January,Q1,2023,South,Startup,Partner,Product_D,Rep_1,103932.47,38660.98,15386.2,10065.29,43680.18,6205.11,2272.92,9.56,300,241.42,4117,543,204,4456,53,8290,5.83,6,28,5.8,136,119,4.96,151.27,12795.26,28.34,37.2,451.49,87.5,25.24
2023-01-09,January,Q1,2023,East,SMB,Referral,Product_A,Rep_19,107426.47,42496.24,13170.15,6720.77,48940.34,2819.74,4421.11,8.15,184,506.58,3931,734,117,4548,32,16495,4.72,14,25,9.5,27,27,2.98,222.67,16210.56,17.94,39.56,903.6,100.0,27.33
2023-01-10,January,Q1,2023,South,SMB,Partner,Product_A,Rep_15,104251.03,39691.9,10890.63,7579.55,47461.72,6206.78,4815.5,5.94,139,525.59,3959,745,312,4392,12,7516,6.98,4,76,7.9,146,114,7.88,264.46,6307.08,14.62,38.07,431.4,78.08,26.33
2023-01-11,January,Q1,2023,East,Retail,Direct,Product_A,Rep_20,90054.89,33006.77,7923.63,4369.78,43803.04,5321.45,2877.91,13.39,640,415.6,4070,550,120,4500,39,10341,3.66,6,49,8.9,9,9,2.95,316.56,16208.4,14.41,36.65,1124.8,100.0,22.13
2023-01-12,January,Q1,2023,South,Enterprise,Social,Product_B,Rep_15,92941.45,24312.21,8419.31,6561.67,55399.96,4809.97,3814.24,22.97,489,452.73,4094,443,202,4335,59,12702,6.0,13,74,8.3,198,195,4.93,188.77,26711.07,19.01,26.16,1405.11,98.48,22.7
2023-01-13,January,Q1,2023,East,Enterprise,Referral,Product_B,Rep_11,96295.33,42788.87,9222.41,6508.42,39818.17,4465.88,284.09,17.14,738,161.8,3960,683,166,4477,26,1807,7.68,4,73,7.7,114,89,4.19,363.97,4206.8,13.5,44.44,311.61,78.07,24.32
2023-01-14,January,Q1,2023,East,Government,Social,Product_D,Rep_5,99629.95,35426.41,9720.66,6922.18,50187.61,4295.27,4513.79,18.61,347,540.14,3936,516,230,4222,28,14031,4.32,12,46,5.9,156,144,5.84,264.44,15123.92,18.84,35.56,802.76,92.31,25.31
2023-01-15,January,Q1,2023,North,Retail,Online,Product_C,Rep_10,102167.87,37795.97,14256.82,8123.17,44532.21,5582.87,965.1,20.86,456,482.26,3973,708,110,4571,37,17434,1.97,8,78,8.3,22,17,2.77,165.11,17843.62,20.14,36.99,885.98,77.27,25.72
2023-01-16,January,Q1,2023,West,Retail,Partner,Product_C,Rep_18,96030.94,24488.04,11455.11,8754.29,57055.37,3032.42,1231.69,8.79,357,268.52,4017,580,184,4413,31,12400,5.11,11,26,6.2,31,29,4.58,113.77,8324.12,19.75,25.5,421.47,93.55,23.91
2023-01-17,January,Q1,2023,West,SMB,Online,Product_D,Rep_7,100673.57,42483.71,11742.3,7765.42,42550.76,3896.8,268.45,1.57,151,488.09,4076,605,149,4532,36,17439,3.92,3,59,7.3,28,26,3.66,261.8,17571.24,19.41,42.2,905.27,92.86,24.7
2023-01-18,January,Q1,2023,North,Government,Referral,Product_B,Rep_1,96042.91,37117.74,8455.02,6401.51,46169.77,4300.38,4635.99,15.56,410,243.15,3991,710,292,4409,24,4664,6.21,8,21,8.2,33,26,7.32,339.0,5835.6,11.91,38.65,489.97,78.79,24.06
2023-01-19,January,Q1,2023,East,Enterprise,Direct,Product_E,Rep_3,96842.31,26705.78,13578.24,7892.82,53028.62,3529.67,4125.53,4.72,673,165.9,4057,561,91,4527,44,1743,8.16,13,33,8.9,143,131,2.24,96.68,7299.6,24.2,27.58,301.64,91.61,23.87
2023-01-20,January,Q1,2023,West,Enterprise,Partner,Product_D,Rep_1,92946.67,27083.97,12138.56,8820.35,50275.87,3448.27,4243.87,14.23,742,243.47,4163,601,311,4453,36,7030,4.9,2,29,8.4,150,142,7.47,123.12,8764.92,20.2,29.14,433.91,94.67,22.33
2023-01-21,January,Q1,2023,North,Startup,Online,Product_C,Rep_17,95443.89,37939.53,8087.61,5437.87,46246.93,3169.82,4043.08,18.49,665,224.79,4041,556,283,4314,19,15661,4.76,6,69,8.4,127,103,7.0,369.11,4271.01,14.55,39.75,293.54,81.1,23.62
2023-01-22,January,Q1,2023,East,Retail,Partner,Product_D,Rep_15,93381.72,33484.58,12097.46,6224.46,43824.49,3975.19,2238.97,19.59,577,298.87,4038,552,153,4437,16,15975,6.08,8,37,6.1,132,99,3.79,176.79,4781.92,21.92,35.86,218.15,75.0,23.13
2023-01-23,January,Q1,2023,East,Government,Social,Product_D,Rep_5,95340.85,33217.4,11254.77,6996.0,45718.08,5150.6,4405.14,7.55,657,334.92,3859,589,260,4188,17,1079,2.22,1,37,7.0,116,84,6.74,195.14,5693.64,19.11,34.84,297.94,72.41,24.71
2023-01-24,January,Q1,2023,Central,Startup,Direct,Product_A,Rep_16,105568.51,45749.48,9049.41,5023.99,47807.25,2962.37,5117.29,12.81,342,372.57,3752,679,82,4349,34,15809,3.27,6,35,5.7,121,106,2.19,405.55,12667.38,13.33,43.34,950.29,87.6,28.14
2023-01-25,January,Q1,2023,Central,Retail,Partner,Product_B,Rep_12,95633.39,37246.82,10718.69,6514.31,42180.69,5487.19,2403.11,15.52,195,376.83,4058,553,317,4294,41,13132,7.93,9,71,8.6,136,135,7.81,247.49,15450.03,19.38,38.95,797.22,99.26,23.57
2023-01-26,January,Q1,2023,North,Startup,Direct,Product_A,Rep_19,113622.37,38847.47,12944.85,7961.15,56425.77,5404.28,997.75,20.49,453,276.41,4014,612,207,4419,25,3966,6.19,13,71,9.6,37,35,5.16,200.1,6910.25,21.15,34.19,326.73,94.59,28.31
2023-01-27,January,Q1,2023,South,SMB,Social,Product_B,Rep_14,103007.13,41383.95,9435.89,6062.36,46735.03,5452.26,3392.14,19.03,51,165.64,3976,664,152,4488,34,16534,1.59,10,50,6.6,46,38,3.82,338.58,5631.76,14.21,40.18,396.32,82.61,25.91
2023-01-28,January,Q1,2023,East,Startup,Social,Product_D,Rep_3,101544.8,35953.06,14845.74,10096.4,46455.97,4290.03,4952.53,24.7,168,430.39,4055,515,169,4401,22,4728,2.93,10,42,5.9,164,141,4.17,142.18,9468.58,28.83,35.41,328.43,85.98,25.04
2023-01-29,January,Q1,2023,East,Enterprise,Online,Product_B,Rep_19,96408.91,26798.77,13448.88,9028.14,51226.99,4934.27,4204.14,0.2,655,325.45,4029,515,97,4447,42,5536,6.28,2,61,7.5,183,143,2.41,99.26,13668.9,26.11,27.8,523.51,78.14,23.93
2023-01-30,January,Q1,2023,Central,Government,Referral,Product_C,Rep_1,104282.33,26989.62,13226.29,6767.86,61913.2,2153.22,4493.6,10.94,240,276.66,4152,803,330,4625,17,17509,6.85,11,81,9.2,129,97,7.95,104.06,4703.22,16.47,25.88,285.56,75.19,25.12
2023-01-31,January,Q1,2023,Central,Retail,Online,Product_A,Rep_1,97982.67,30783.87,11009.4,7984.09,51022.26,5167.14,4574.9,6.4,52,534.09,4052,698,91,4659,22,6813,7.38,13,69,7.9,8,7,2.25,179.61,11749.98,15.77,31.42,745.08,87.5,24.18
2023-02-01,February,Q1,2023,North,Government,Direct,Product_D,Rep_10,101550.99,46121.92,11051.14,8672.44,42183.86,2194.07,4539.09,3.0,536,486.05,3972,626,236,4362,24,1947,3.55,1,34,5.7,24,20,5.94,317.35,11665.2,17.65,45.42,660.92,83.33,25.57
2023-02-02,February,Q1,2023,East,Enterprise,Online,Product_C,Rep_3,113821.44,45951.83,14292.35,8641.22,47249.18,6328.08,4417.87,22.79,672,525.4,4150,684,193,4641,23,13565,8.02,2,63,9.7,199,170,4.65,221.51,12084.2,20.9,40.37,578.19,85.43,27.43
2023-02-03,February,Q1,2023,Central,Enterprise,Partner,Product_B,Rep_13,100620.8,23329.6,11891.39,6586.93,59394.91,6004.9,3613.66,24.95,226,367.74,4033,415,310,4138,13,16844,5.37,5,61,9.1,72,71,7.69,96.19,4780.62,28.65,23.19,166.86,98.61,24.95
2023-02-04,February,Q1,2023,Central,Enterprise,Online,Product_B,Rep_6,106927.55,45382.19,9020.31,5971.45,49128.74,3396.31,1415.55,4.51,306,203.76,4112,665,143,4634,46,1594,6.38,6,64,6.1,194,171,3.48,403.11,9372.96,13.56,42.44,691.22,88.14,26.0
2023-02-05,February,Q1,2023,South,Startup,Referral,Product_C,Rep_11,97745.38,42743.93,11326.26,8058.34,40897.98,2777.21,3036.66,0.96,583,484.55,4015,606,208,4413,47,17524,5.68,1,54,9.5,62,55,5.18,277.39,22773.85,18.69,43.73,1218.5,88.71,24.35
2023-02-06,February,Q1,2023,Central,Startup,Referral,Product_B,Rep_6,101166.4,29654.73,13803.98,9713.47,52587.2,5120.49,2637.86,6.88,526,214.99,4002,619,196,4425,28,15017,2.36,7,41,7.4,179,132,4.9,114.83,6019.72,22.3,29.31,269.94,73.74,25.28
2023-02-07,February,Q1,2023,Central,Enterprise,Direct,Product_A,Rep_3,110275.42,36721.99,12367.03,8454.51,57864.79,3321.61,4752.56,20.87,447,346.75,4079,555,254,4380,39,5205,8.24,11,57,7.1,84,84,6.23,196.93,13523.25,22.28,33.3,606.97,100.0,27.03
2023-02-08,February,Q1,2023,West,SMB,Social,Product_E,Rep_16,98366.67,32661.63,8227.09,4474.46,52104.92,5373.03,2418.41,7.35,545,196.51,4076,441,98,4419,39,8782,2.36,4,83,7.5,191,178,2.4,297.0,7663.89,18.66,33.2,410.71,93.19,24.13
2023-02-09,February,Q1,2023,North,Enterprise,Referral,Product_B,Rep_9,110643.82,42859.71,14941.28,11221.61,50174.8,2668.03,706.7,1.42,269,522.61,4127,492,131,4488,33,3660,3.28,9,26,9.1,138,133,3.17,186.85,17246.13,30.37,38.74,567.87,96.38,26.81
2023-02-10,February,Q1,2023,Central,SMB,Direct,Product_D,Rep_8,105200.42,50269.41,9898.88,6213.39,42398.1,2634.03,26.16,1.31,222,214.2,4056,791,133,4714,49,17013,7.2,6,63,8.3,99,82,3.28,407.83,10495.8,12.51,47.78,838.99,82.83,25.94
2023-02-11,February,Q1,2023,East,SMB,Referral,Product_B,Rep_3,98929.41,24705.39,9705.32,5497.49,58665.44,5853.26,3353.08,10.69,785,557.39,3903,550,251,4202,18,7856,5.83,9,26,5.8,172,146,6.43,154.56,10033.02,17.65,24.97,568.44,84.88,25.35
2023-02-12,February,Q1,2023,East,Startup,Referral,Product_D,Rep_5,104983.86,43183.89,9609.11,5053.24,47261.49,4929.37,2886.58,23.3,439,532.23,4048,594,127,4515,26,7089,7.37,1,79,9.6,155,133,3.14,349.41,13837.98,16.18,41.13,855.25,85.81,25.93
2023-02-13,February,Q1,2023,South,Retail,Social,Product_B,Rep_14,106764.67,32862.62,11009.04,6880.82,57141.01,5752.0,1766.76,7.15,551,336.64,4174,439,227,4386,43,6318,5.11,4,20,6.1,184,140,5.44,198.51,14475.52,25.08,30.78,577.17,76.09,25.58
2023-02-14,February,Q1,2023,Central,Retail,Partner,Product_B,Rep_5,105091.03,30763.12,13974.23,9577.82,56888.5,3465.18,887.87,10.68,626,487.02,4069,422,134,4357,22,16405,4.14,2,81,8.7,8,7,3.29,120.14,10714.44,33.11,29.27,323.6,87.5,25.83
2023-02-15,February,Q1,2023,North,Retail,Direct,Product_D,Rep_19,94210.94,29637.08,10962.1,7669.23,49178.25,4433.51,2198.48,2.55,309,420.99,4078,700,292,4486,35,19936,7.95,6,37,8.2,169,164,7.16,170.36,14734.65,15.66,31.46,940.91,97.04,23.1
2023-02-16,February,Q1,2023,Central,Retail,Referral,Product_A,Rep_5,98506.46,39334.33,9293.27,7330.73,45567.26,4311.6,493.94,12.34,180,503.38,4206,647,322,4531,14,9062,1.75,4,26,6.3,174,130,7.66,323.26,7047.32,14.36,39.93,490.76,74.71,23.42
2023-02-17,February,Q1,2023,East,SMB,Referral,Product_E,Rep_20,100984.63,36375.34,14284.08,7798.31,45869.16,4456.05,1697.09,17.41,162,339.32,4040,610,206,4444,41,18424,7.49,9,73,6.2,48,35,5.1,154.66,13912.12,23.42,36.02,594.03,72.92,25.0
2023-02-18,February,Q1,2023,Central,Government,Online,Product_E,Rep_20,101930.14,29722.25,14430.32,11482.67,52956.14,4821.43,1932.66,6.78,772,521.06,3961,492,163,4290,17,9506,3.12,14,29,9.2,129,119,4.12,105.97,8858.02,29.33,29.16,302.01,92.25,25.73
2023-02-19,February,Q1,2023,Central,Enterprise,Partner,Product_A,Rep_2,105485.74,25614.69,14867.21,10353.57,60466.44,4537.4,2455.81,7.42,69,382.16,4103,716,140,4679,13,12651,7.44,3,80,7.3,46,36,3.41,72.29,4968.08,20.76,24.28,239.31,78.26,25.71
2023-02-20,February,Q1,2023,West,SMB,Social,Product_B,Rep_7,103350.97,28604.96,9995.67,6359.93,60909.56,3840.78,2411.29,21.05,264,575.6,4075,476,94,4457,25,16730,2.47,1,78,8.3,33,29,2.31,186.17,14390.0,21.0,27.68,685.24,87.88,25.36
2023-02-21,February,Q1,2023,North,Retail,Direct,Product_E,Rep_1,95865.82,41816.2,10697.36,8199.08,40376.88,2975.38,1231.9,0.26,359,364.22,4031,480,146,4365,52,4236,5.56,11,78,7.7,151,137,3.62,290.9,18939.44,22.29,43.62,849.68,90.73,23.78
2023-02-22,February,Q1,2023,North,SMB,Referral,Product_A,Rep_18,104523.61,38604.93,15568.72,11028.01,45046.09,5303.87,4443.36,15.91,300,346.41,4114,601,244,4471,29,4680,7.72,13,82,8.6,164,131,5.93,147.96,10045.89,25.9,36.93,387.87,79.88,25.41
2023-02-23,February,Q1,2023,North,Government,Direct,Product_A,Rep_10,105755.63,26223.26,14175.58,8570.77,62284.49,3072.3,1880.04,9.85,537,507.97,4184,538,218,4504,55,16383,4.81,11,27,7.6,48,45,5.21,84.99,27938.35,26.35,24.8,1060.28,93.75,25.28
2023-02-24,February,Q1,2023,South,Startup,Social,Product_E,Rep_6,105581.74,34113.15,8647.33,6617.16,57785.63,5035.63,1212.01,7.46,431,537.54,4138,516,317,4337,42,12298,6.73,1,74,6.7,59,51,7.66,294.49,22576.68,16.76,32.31,1347.06,86.44,25.52
2023-02-25,February,Q1,2023,South,SMB,Partner,Product_D,Rep_7,108266.77,33508.95,9155.51,6408.72,62426.49,3175.82,951.72,16.44,458,397.05,4174,687,183,4678,24,18921,7.13,12,25,7.1,84,81,4.38,266.0,9529.2,13.33,30.95,714.87,96.43,25.94
2023-02-26,February,Q1,2023,East,Retail,Online,Product_C,Rep_12,107112.55,43057.64,12047.51,8549.53,47185.92,4821.48,1727.61,20.87,320,207.12,4328,715,267,4776,37,4872,6.66,9,20,9.2,137,127,6.17,257.4,7663.44,16.85,40.2,454.8,92.7,24.75
2023-02-27,February,Q1,2023,North,Enterprise,Partner,Product_D,Rep_18,105318.92,30432.35,15128.58,11632.62,54504.35,5253.64,355.73,13.96,456,367.19,4117,751,203,4665,55,2867,7.98,9,75,7.5,117,112,4.93,101.16,20195.45,20.14,28.9,1002.75,95.73,25.58
2023-02-28,February,Q1,2023,Central,SMB,Online,Product_B,Rep_11,102752.27,32193.77,12094.88,7674.5,55509.64,2953.98,169.07,0.78,741,595.48,4183,593,212,4564,23,16820,4.63,5,29,6.4,178,126,5.07,166.18,13696.04,20.4,31.33,671.37,70.79,24.56
2023-03-01,March,Q1,2023,North,Government,Direct,Product_D,Rep_19,94878.38,30999.9,10896.49,7595.63,50856.93,2125.06,2870.75,11.54,243,472.98,4108,441,148,4401,29,18545,2.71,2,42,9.5,177,137,3.6,184.49,13716.42,24.71,32.67,555.1,77.4,23.1
2023-03-02,March,Q1,2023,South,Retail,Partner,Product_C,Rep_4,105411.35,42770.4,9211.18,6663.43,50769.3,2660.47,3263.26,11.57,490,516.78,4079,520,193,4406,20,4920,1.83,9,35,8.9,25,18,4.73,364.33,10335.6,17.71,40.57,583.6,72.0,25.84
2023-03-03,March,Q1,2023,West,SMB,Partner,Product_C,Rep_19,104381.78,44540.39,13149.45,8365.44,42074.1,4617.84,2763.97,13.59,362,169.28,4109,814,198,4725,32,6693,3.23,13,35,5.7,82,68,4.82,238.72,5416.96,16.15,42.67,335.42,82.93,25.4
2023-03-04,March,Q1,2023,North,Retail,Partner,Product_A,Rep_13,104781.32,30584.59,14412.38,7567.01,54128.48,5655.87,3993.66,16.77,128,359.81,4123,658,257,4524,59,11948,2.5,12,75,9.8,154,149,6.23,112.21,21228.79,21.9,29.19,969.35,96.75,25.41
2023-03-05,March,Q1,2023,West,SMB,Social,Product_B,Rep_19,97119.76,40882.6,10355.82,7574.58,43764.14,2117.2,190.11,0.48,229,433.07,4211,720,322,4609,51,9456,5.41,13,25,8.5,34,29,7.65,294.78,22086.57,14.38,42.1,1535.92,85.29,23.06
2023-03-06,March,Q1,2023,South,Enterprise,Direct,Product_A,Rep_2,98178.3,32034.63,13184.64,6781.45,48112.36,4846.67,4594.61,12.55,724,533.67,4414,445,175,4684,54,7331,2.79,8,49,6.2,27,26,3.96,142.97,28818.18,29.63,32.63,972.6,96.3,22.24
2023-03-07,March,Q1,2023,North,Startup,Online,Product_D,Rep_9,108929.43,24761.59,16068.55,11495.03,64433.52,3665.77,517.77,14.71,763,168.14,4112,624,93,4643,35,14107,1.77,13,82,6.5,9,7,2.26,54.1,5884.9,25.75,22.73,228.54,77.78,26.49
2023-03-08,March,Q1,2023,South,Retail,Partner,Product_D,Rep_8,103545.97,40050.35,9760.62,7547.52,49682.09,4052.91,3489.62,8.58,63,518.75,4146,430,206,4370,45,10494,1.75,11,20,8.5,67,54,4.97,310.33,23343.75,22.7,38.68,1028.36,80.6,24.97
2023-03-09,March,Q1,2023,Central,Enterprise,Direct,Product_E,Rep_14,107231.33,27692.73,12506.72,7555.19,60903.14,6128.74,715.21,16.71,295,376.29,4185,657,220,4622,19,14853,7.32,10,70,8.9,63,61,5.26,121.42,7149.51,19.04,25.83,375.5,96.83,25.62
2023-03-10,March,Q1,2023,Central,Government,Social,Product_A,Rep_9,104045.5,44626.5,10414.92,5526.35,45541.56,3462.52,4577.51,5.7,63,251.4,4235,813,128,4920,55,10386,5.64,10,65,6.5,86,71,3.02,328.49,13827.0,12.81,42.89,1079.39,82.56,24.57
2023-03-11,March,Q1,2023,South,Government,Social,Product_A,Rep_13,104132.76,30343.72,14109.97,8040.7,55658.14,4020.93,2659.1,7.93,148,298.93,4226,832,277,4781,44,18910,4.01,6,40,6.6,56,52,6.55,115.05,13152.92,16.96,29.14,775.53,92.86,24.64
2023-03-12,March,Q1,2023,West,Enterprise,Direct,Product_A,Rep_18,108755.48,28670.1,13097.59,8758.16,64753.16,2234.63,447.49,24.07,82,277.75,4332,667,343,4656,34,9131,7.76,7,57,6.8,69,53,7.92,118.9,9443.5,19.64,26.36,480.83,76.81,25.11
2023-03-13,March,Q1,2023,Central,SMB,Online,Product_A,Rep_6,101563.92,43869.18,12636.66,9891.95,42695.3,2362.78,3131.85,8.7,485,384.49,3965,578,304,4239,24,12796,1.99,12,82,8.1,43,42,7.67,247.16,9227.76,21.86,43.19,422.13,97.67,25.62
2023-03-14,March,Q1,2023,East,SMB,Direct,Product_C,Rep_3,104704.83,45246.97,14224.57,9298.39,42056.16,3177.13,47.69,8.66,306,167.97,3973,773,126,4620,25,2158,8.36,6,69,6.2,7,6,3.17,218.09,4199.25,18.4,43.21,228.22,85.71,26.35
2023-03-15,March,Q1,2023,Central,Startup,Direct,Product_E,Rep_10,101992.93,39211.32,10986.47,5864.81,49641.65,2153.49,3957.44,14.89,83,210.58,4166,697,302,4561,25,18528,5.81,5,31,5.9,174,161,7.25,256.91,5264.5,15.76,38.45,334.04,92.53,24.48
2023-03-16,March,Q1,2023,South,SMB,Referral,Product_B,Rep_10,102211.9,40083.78,14724.27,10135.23,42778.25,4625.6,3324.88,24.27,68,511.4,4329,461,270,4520,27,1068,2.78,4,63,8.4,75,55,6.24,172.23,13807.8,31.94,39.22,432.3,73.33,23.61
2023-03-17,March,Q1,2023,North,Enterprise,Social,Product_B,Rep_10,102918.6,30459.3,12073.59,8691.22,56571.97,3813.74,1094.15,24.58,713,188.47,4067,596,192,4471,49,4717,6.25,7,71,8.9,159,135,4.72,152.28,9235.03,20.26,29.6,455.83,84.91,25.31
2023-03-18,March,Q1,2023,South,SMB,Online,Product_B,Rep_9,105655.21,30017.45,9620.63,5945.41,61587.45,4429.68,1979.72,14.49,309,247.67,3926,487,206,4207,50,16218,6.84,4,28,7.7,160,155,5.25,212.01,12383.5,19.75,28.41,627.01,96.88,26.91
2023-03-19,March,Q1,2023,Central,Enterprise,Referral,Product_C,Rep_12,102230.88,36547.23,13158.44,9427.42,49766.42,2758.79,39.9,0.03,725,350.91,4288,630,304,4614,37,12200,4.51,10,84,7.1,186,179,7.09,177.75,12983.67,20.89,35.75,621.53,96.24,23.84
2023-03-20,March,Q1,2023,East,Startup,Direct,Product_E,Rep_8,110983.49,42272.74,15041.4,8986.44,50135.94,3533.41,3849.37,22.52,638,388.8,4260,620,208,4672,37,16855,7.53,10,29,7.4,19,14,4.88,181.04,14385.6,24.26,38.09,592.98,73.68,26.05
2023-03-21,March,Q1,2023,Central,Startup,Social,Product_E,Rep_9,100311.75,36552.91,10249.18,7550.85,48839.85,4669.81,1618.37,14.26,465,493.22,4130,653,175,4608,12,10361,2.56,10,65,7.2,185,146,4.24,256.64,5918.64,15.7,36.44,376.98,78.92,24.29
2023-03-22,March,Q1,2023,North,Government,Referral,Product_C,Rep_17,103930.51,26678.52,14550.54,8764.11,56609.86,6091.59,2970.28,9.15,186,359.25,4145,562,206,4501,43,16692,3.45,9,77,9.6,76,63,4.97,83.35,15447.75,25.89,25.67,596.67,82.89,25.07
2023-03-23,March,Q1,2023,South,Enterprise,Referral,Product_A,Rep_8,102746.29,44462.69,14736.9,8500.72,41284.57,2262.13,4915.01,20.73,408,518.93,4150,483,227,4406,26,12526,2.15,5,56,8.8,74,56,5.47,201.71,13492.18,30.51,43.27,442.22,75.68,24.76
2023-03-24,March,Q1,2023,North,Government,Online,Product_D,Rep_18,112259.91,36721.4,11156.76,8521.02,58138.37,6243.38,1680.91,10.0,769,438.84,4262,641,134,4769,32,11207,2.98,8,71,6.4,8,7,3.14,229.14,14042.88,17.41,32.71,806.6,87.5,26.34
2023-03-25,March,Q1,2023,West,Government,Direct,Product_A,Rep_20,106087.88,30279.6,15790.81,10493.66,55447.71,4569.76,5252.61,0.85,628,205.6,4193,767,311,4649,29,10231,3.17,12,32,7.2,98,74,7.42,91.75,5962.4,20.59,28.54,289.58,75.51,25.3
2023-03-26,March,Q1,2023,Central,Government,Online,Product_B,Rep_17,110344.41,37523.26,9914.42,5805.36,58210.83,4695.9,3490.9,20.53,165,220.47,4309,717,260,4766,41,16063,7.92,13,25,7.8,149,120,6.03,278.47,9039.27,13.83,34.01,653.6,80.54,25.61
2023-03-27,March,Q1,2023,East,SMB,Referral,Product_A,Rep_6,97837.46,40841.59,9210.53,7189.06,43870.75,3914.59,1184.27,13.65,453,336.86,3978,532,231,4279,24,5723,2.05,12,77,8.1,38,34,5.81,343.42,8084.64,17.31,41.74,467.05,89.47,24.59
2023-03-28,March,Q1,2023,East,Retail,Referral,Product_C,Rep_10,106680.6,36433.35,9910.17,7009.02,57907.35,2429.73,2329.79,8.45,251,336.0,4182,809,109,4882,35,5213,4.49,12,67,7.5,128,108,2.61,267.64,11760.0,12.25,34.15,960.0,84.38,25.51
2023-03-29,March,Q1,2023,West,Retail,Online,Product_B,Rep_1,109873.58,45657.67,15665.7,8870.08,45957.73,2592.48,4067.81,6.27,425,501.39,4159,795,234,4720,41,4466,5.23,6,51,9.0,138,127,5.63,191.45,20556.99,19.71,41.55,1042.97,92.03,26.42
2023-03-30,March,Q1,2023,North,Retail,Referral,Product_D,Rep_1,105916.93,41340.33,13324.4,9119.12,46587.99,4664.21,2364.48,14.84,299,414.75,4250,514,116,4648,13,13449,7.79,4,30,8.8,40,40,2.73,210.26,5391.75,25.92,39.03,208.02,100.0,24.92
2023-03-31,March,Q1,2023,East,Retail,Partner,Product_B,Rep_9,110912.99,33298.34,10053.96,7652.15,63829.76,3730.93,379.92,5.2,495,343.83,4225,439,104,4560,30,3747,8.48,12,24,7.7,103,76,2.46,231.2,10314.9,22.9,30.02,450.43,73.79,26.25
2023-04-01,April,Q2,2023,North,Startup,Social,Product_A,Rep_20,103079.22,29350.98,11423.51,8097.51,56461.09,5843.64,868.98,8.1,327,211.58,4363,760,225,4898,58,13454,6.77,3,25,9.2,171,156,5.16,156.93,12271.64,15.03,28.47,816.48,91.23,23.63
2023-04-02,April,Q2,2023,North,Government,Direct,Product_E,Rep_3,112792.48,49393.68,13881.47,7960.02,45427.07,4090.26,4462.62,15.91,161,240.54,4101,750,181,4670,55,13587,8.3,11,40,8.7,84,65,4.41,255.82,13229.7,18.51,43.79,714.73,77.38,27.5
2023-04-03,April,Q2,2023,North,Retail,Social,Product_E,Rep_6,117320.32,51474.41,10071.07,6995.91,52756.04,3018.8,3803.37,22.04,522,417.53,4296,845,238,4903,58,17383,7.01,6,61,8.8,70,58,5.54,411.11,24216.74,11.92,43.88,2031.61,82.86,27.31
2023-04-04,April,Q2,2023,South,SMB,Direct,Product_E,Rep_7,104091.71,38176.76,14756.99,10119.57,46100.27,5057.69,2965.71,13.32,795,343.19,4351,822,110,5063,36,3203,8.24,1,46,9.6,140,99,2.53,158.7,12354.84,17.95,36.68,688.29,70.71,23.92
2023-04-05,April,Q2,2023,East,Startup,Referral,Product_B,Rep_9,103758.47,39205.38,14137.32,10550.02,47123.08,3292.69,869.61,18.98,737,394.86,4485,718,206,4997,25,14635,6.45,2,22,6.6,147,109,4.59,177.32,9871.5,19.69,37.79,501.35,74.15,23.13
2023-04-06,April,Q2,2023,Central,SMB,Online,Product_E,Rep_5,113332.99,44665.08,13074.6,7236.0,50944.53,4648.78,4747.28,19.08,441,226.65,4255,651,130,4776,17,2144,2.06,7,79,6.7,195,155,3.06,241.62,3853.05,20.08,39.41,191.88,79.49,26.64
2023-04-07,April,Q2,2023,West,Enterprise,Online,Product_C,Rep_16,114044.01,44691.86,16844.17,11957.51,47043.75,5464.23,5478.33,16.61,192,439.63,4340,446,344,4442,23,13213,4.31,4,68,9.3,95,76,7.93,165.33,10111.49,37.77,39.19,267.71,80.0,26.28
2023-04-08,April,Q2,2023,South,Retail,Referral,Product_D,Rep_2,103611.93,35534.55,11318.91,5752.4,50955.11,5803.36,211.82,6.15,81,531.5,4131,515,222,4424,31,17944,6.03,5,53,8.8,84,81,5.37,213.94,16476.5,21.98,34.3,749.61,96.43,25.08
2023-04-09,April,Q2,2023,East,Retail,Direct,Product_E,Rep_3,104205.37,26351.24,15514.9,10997.78,56953.1,5386.13,406.57,21.67,230,250.74,4076,595,250,4421,34,2187,3.96,11,56,9.5,197,182,6.13,69.84,8525.16,26.08,25.29,326.88,92.39,25.57
2023-04-10,April,Q2,2023,East,Retail,Referral,Product_C,Rep_3,104977.46,32001.83,13306.35,10487.15,54729.62,4939.66,4643.81,10.91,628,359.89,4404,717,174,4947,41,4133,3.41,10,61,5.8,63,62,3.95,140.5,14755.49,18.56,30.48,795.02,98.41,23.84
2023-04-11,April,Q2,2023,West,Retail,Direct,Product_C,Rep_20,99744.21,29306.19,12410.87,6854.73,53320.69,4706.46,4067.33,1.11,565,598.71,4323,673,111,4885,41,4411,5.54,1,84,8.2,14,12,2.57,136.13,24547.11,18.44,29.38,1331.19,85.71,23.07
2023-04-12,April,Q2,2023,North,Government,Referral,Product_B,Rep_10,101953.29,44279.98,9340.64,5542.64,42436.0,5896.67,3150.02,6.12,318,308.69,4445,775,349,4871,49,2689,8.03,2,79,6.1,11,8,7.85,374.06,15125.81,12.05,43.43,1255.25,72.73,22.94
2023-04-13,April,Q2,2023,South,Startup,Referral,Product_B,Rep_3,101605.92,23992.6,14401.11,9718.75,59977.79,3234.42,4800.7,19.14,285,421.4,4194,537,156,4575,41,5407,1.74,4,20,7.7,116,93,3.72,66.6,17277.4,26.82,23.61,644.2,80.17,24.23
2023-04-14,April,Q2,2023,North,Startup,Referral,Product_D,Rep_15,102867.72,31100.29,11307.66,8138.33,58397.84,2061.93,3324.84,1.73,326,173.38,4387,687,199,4875,52,3423,6.88,8,78,6.2,80,64,4.54,175.04,9015.76,16.46,30.23,547.74,80.0,23.45
2023-04-15,April,Q2,2023,Central,Government,Online,Product_D,Rep_14,106613.36,33769.5,9739.81,5876.14,59812.02,3292.03,1151.35,3.68,602,419.13,4526,492,267,4751,41,18753,6.56,10,23,6.1,16,13,5.9,246.72,17184.33,19.8,31.67,867.9,81.25,23.56
2023-04-16,April,Q2,2023,East,Government,Direct,Product_A,Rep_4,108037.94,35199.31,8738.38,6110.55,60997.87,3102.38,3936.05,17.36,682,178.08,4385,620,94,4911,47,7728,8.25,4,33,5.6,83,75,2.14,302.81,8369.76,14.09,32.58,594.02,90.36,24.64
2023-04-17,April,Q2,2023,West,Startup,Referral,Product_D,Rep_10,114699.45,28422.71,13670.21,10523.1,67276.06,5330.47,3703.13,22.32,324,593.43,4375,766,300,4841,45,1976,8.01,14,37,8.2,50,43,6.86,107.92,26704.35,17.85,24.78,1496.04,86.0,26.22
2023-04-18,April,Q2,2023,Central,Retail,Social,Product_B,Rep_11,102035.26,33557.64,11929.76,8565.18,51920.72,4627.14,5029.04,15.84,792,466.21,4352,737,227,4862,27,13801,6.84,3,53,7.0,36,29,5.22,181.29,12587.67,16.19,32.89,777.5,80.56,23.45
2023-04-19,April,Q2,2023,South,Government,Social,Product_C,Rep_11,112028.72,43226.32,14603.48,10416.76,49298.96,4899.96,1198.12,5.56,135,493.81,4198,836,154,4880,35,11548,5.14,3,20,6.0,164,122,3.67,196.0,17283.35,17.47,38.59,989.32,74.39,26.69
2023-04-20,April,Q2,2023,East,SMB,Online,Product_A,Rep_8,106117.24,33286.38,15102.4,9281.8,55537.17,2191.29,3172.29,1.34,112,467.15,4495,574,107,4962,25,1118,2.93,12,72,6.9,119,84,2.38,120.4,11678.75,26.31,31.37,443.89,70.59,23.61
2023-04-21,April,Q2,2023,North,Retail,Partner,Product_D,Rep_9,107019.95,33894.73,9156.46,7081.87,58708.61,5260.15,4174.67,15.38,453,408.98,4302,645,128,4819,37,2542,5.32,5,41,6.2,118,90,2.98,270.17,15132.26,14.2,31.67,1065.65,76.27,24.88
2023-04-22,April,Q2,2023,West,SMB,Online,Product_C,Rep_8,110721.44,31917.73,14527.18,8472.21,60629.23,3647.3,1876.63,1.18,241,367.3,4418,587,326,4679,19,1972,6.86,3,80,9.5,130,95,7.38,119.71,6978.7,24.75,28.83,281.97,73.08,25.06
2023-04-23,April,Q2,2023,South,Startup,Partner,Product_B,Rep_12,101813.82,36244.62,9480.78,5324.26,51343.67,4744.75,1932.83,15.32,342,528.92,4215,607,258,4564,25,1915,7.77,8,41,6.9,94,88,6.12,282.3,13223.0,15.62,35.6,846.54,93.62,24.16
2023-04-24,April,Q2,2023,East,SMB,Online,Product_E,Rep_17,109419.56,44202.52,15326.66,9338.03,45265.97,4624.41,4857.69,5.64,80,566.59,4257,791,149,4899,42,7621,7.03,5,69,6.9,65,48,3.5,188.4,23796.78,19.38,40.4,1227.9,73.85,25.7
2023-04-25,April,Q2,2023,West,Government,Social,Product_A,Rep_15,108419.85,38460.18,14889.78,10349.09,51415.14,3654.75,2191.14,22.62,379,353.04,4523,762,108,5177,13,17970,2.87,12,35,9.1,65,60,2.39,158.3,4589.52,19.54,35.47,234.88,92.31,23.97
2023-04-26,April,Q2,2023,South,Enterprise,Referral,Product_C,Rep_19,110129.92,30022.31,12979.42,9844.93,64332.76,2795.43,3440.09,11.88,707,568.88,4349,819,267,4901,59,15530,5.7,14,47,8.3,106,86,6.14,131.31,33563.92,15.85,27.26,2117.6,81.13,25.32
2023-04-27,April,Q2,2023,West,Government,Direct,Product_B,Rep_20,109193.59,35992.01,14164.26,7643.37,56441.05,2596.27,4854.96,5.6,156,406.88,4533,546,246,4833,15,8354,3.83,12,61,8.6,118,85,5.43,154.1,6103.2,25.94,32.96,235.28,72.03,24.09
2023-04-28,April,Q2,2023,West,Retail,Referral,Product_B,Rep_6,120104.33,40483.38,12251.18,9116.6,60972.93,6396.84,1260.05,21.33,671,377.98,4384,821,194,5011,12,14761,1.56,14,54,8.2,178,168,4.43,230.44,4535.76,14.92,33.71,304.01,94.38,27.4
2023-04-29,April,Q2,2023,West,Startup,Social,Product_A,Rep_5,104719.21,39428.0,11831.36,8800.72,47518.51,5941.34,5141.07,6.35,325,366.41,4211,446,176,4481,31,5591,2.9,7,39,9.6,96,84,4.18,233.25,11358.71,26.53,37.65,428.15,87.5,24.87
2023-04-30,April,Q2,2023,East,Enterprise,Direct,Product_A,Rep_8,105333.0,36108.59,14484.82,9792.84,49895.17,4844.42,3696.94,7.66,771,250.85,4489,848,148,5189,25,19946,2.29,11,21,6.4,187,144,3.3,149.29,6271.25,17.08,34.28,367.17,77.01,23.46
2023-05-01,May,Q2,2023,South,Enterprise,Partner,Product_D,Rep_18,104952.37,29874.15,11770.26,8571.04,60774.69,2533.27,2603.46,20.86,700,151.39,4344,577,261,4660,51,9464,7.4,8,26,9.8,133,129,6.01,153.81,7720.89,20.4,28.46,378.48,96.99,24.16
2023-05-02,May,Q2,2023,South,Retail,Partner,Product_D,Rep_15,105370.76,34306.66,11068.76,6138.34,56193.45,3801.89,2270.32,7.72,647,272.32,4477,589,350,4716,36,13550,3.31,5,68,9.1,111,79,7.82,209.94,9803.52,18.79,32.56,521.74,71.17,23.54
2023-05-03,May,Q2,2023,East,Government,Social,Product_A,Rep_3,105041.29,29282.38,12037.19,6631.0,58558.15,5163.57,5012.38,10.25,605,386.01,4414,667,135,4946,36,15351,3.49,8,28,8.0,199,151,3.06,143.27,13896.36,18.05,27.88,769.88,75.88,23.8
2023-05-04,May,Q2,2023,East,Startup,Direct,Product_A,Rep_14,114253.39,36556.59,15764.39,11962.65,56083.46,5848.95,1175.24,8.69,131,312.75,4261,827,238,4850,14,5290,8.22,12,46,8.3,53,49,5.59,131.89,4378.5,19.06,32.0,229.72,92.45,26.81
2023-05-05,May,Q2,2023,East,Enterprise,Referral,Product_C,Rep_15,115490.91,39931.81,11949.22,7760.36,60753.93,2855.95,1799.83,2.91,113,341.43,4436,465,202,4699,16,7446,4.15,3,21,8.3,29,26,4.55,234.18,5462.88,25.7,34.58,212.56,89.66,26.03
2023-05-06,May,Q2,2023,North,SMB,Social,Product_D,Rep_13,105614.74,46276.03,9733.8,5585.07,47492.49,2112.42,1625.37,0.97,616,599.47,4643,628,217,5054,49,14432,1.57,14,79,5.8,20,16,4.67,375.42,29374.03,15.5,43.82,1895.1,80.0,22.75
2023-05-07,May,Q2,2023,North,SMB,Partner,Product_B,Rep_20,104386.77,29288.99,13553.68,9577.29,56482.86,5061.24,1508.42,18.11,635,311.58,4477,831,158,5150,37,2522,3.49,12,68,6.4,145,104,3.53,116.1,11528.46,16.31,28.06,706.83,71.72,23.32
2023-05-08,May,Q2,2023,West,SMB,Social,Product_D,Rep_9,110985.71,38001.22,15295.88,11740.54,53885.81,3802.8,2600.05,16.13,178,355.18,4426,618,308,4736,51,1561,2.34,7,21,9.6,184,176,6.96,148.44,18114.18,24.75,34.24,731.89,95.65,25.08
2023-05-09,May,Q2,2023,North,Startup,Referral,Product_D,Rep_17,105947.59,41771.64,9222.17,6360.5,51756.36,3197.42,5240.06,7.06,305,201.62,4543,545,223,4865,49,4540,2.22,8,36,7.8,112,89,4.91,352.95,9879.38,16.92,39.43,583.89,79.46,23.32
2023-05-10,May,Q2,2023,West,SMB,Online,Product_A,Rep_19,111953.45,39500.36,10836.11,6547.22,59320.15,2296.83,4975.14,7.39,280,177.66,4461,636,235,4862,49,13328,2.04,7,39,7.1,168,127,5.27,264.53,8705.34,17.04,35.28,510.88,75.6,25.1
2023-05-11,May,Q2,2023,South,Government,Online,Product_A,Rep_4,109883.48,30898.56,9882.7,6374.06,64529.75,4572.47,1801.81,23.63,546,491.38,4464,619,171,4912,15,2479,5.65,14,51,8.8,48,41,3.83,212.65,7370.7,15.97,28.12,461.53,85.42,24.62
2023-05-12,May,Q2,2023,North,Retail,Referral,Product_D,Rep_20,101370.23,43467.23,10578.58,7676.67,41845.76,5478.66,2143.32,24.69,186,405.79,4338,831,134,5035,18,7677,2.83,2,70,7.8,87,85,3.09,310.9,7304.22,12.73,42.88,573.78,97.7,23.37
2023-05-13,May,Q2,2023,South,Retail,Direct,Product_E,Rep_10,116766.56,30969.0,13022.34,6774.88,65967.11,6808.11,3908.65,11.84,504,506.79,4475,788,113,5150,41,18589,4.03,8,61,5.6,51,36,2.53,137.81,20778.39,16.53,26.52,1257.01,70.59,26.09
2023-05-14,May,Q2,2023,North,Retail,Social,Product_E,Rep_3,118088.5,43276.57,15637.02,8837.25,54140.82,5034.09,101.27,20.06,404,210.83,4559,686,287,4958,41,9848,7.53,6,82,8.7,128,119,6.3,176.76,8644.03,22.79,36.65,379.29,92.97,25.9
2023-05-15,May,Q2,2023,West,Government,Referral,Product_D,Rep_19,106125.25,36619.3,13327.24,8513.11,51872.31,4306.4,4351.95,18.42,673,391.59,4376,870,139,5107,30,17973,4.47,10,80,8.6,84,73,3.18,174.77,11747.7,15.32,34.51,766.82,86.9,24.25
2023-05-16,May,Q2,2023,West,Enterprise,Online,Product_E,Rep_9,107330.76,48164.69,13251.59,9027.94,43402.7,2511.78,4721.47,7.43,534,253.61,4606,675,283,4998,50,13766,7.91,3,81,6.2,80,66,6.14,263.46,12680.5,19.63,44.88,645.98,82.5,23.3
2023-05-17,May,Q2,2023,West,Enterprise,Partner,Product_D,Rep_5,110778.68,43554.81,11594.79,6977.16,50981.37,4647.71,4747.98,1.46,195,262.57,4458,472,194,4736,46,14520,4.99,4,22,9.6,24,22,4.35,275.64,12078.22,24.57,39.32,491.58,91.67,24.85
2023-05-18,May,Q2,2023,Central,Retail,Referral,Product_A,Rep_14,111101.71,36149.52,15432.18,9097.54,55609.32,3910.69,2083.46,3.56,82,157.74,4383,553,197,4739,51,12943,4.29,7,45,6.5,150,148,4.49,134.25,8044.74,27.91,32.54,288.24,98.67,25.35
2023-05-19,May,Q2,2023,East,Retail,Referral,Product_A,Rep_7,112802.23,48672.95,12745.54,6531.01,46388.25,4995.49,2605.73,20.96,309,207.36,4575,657,220,5012,44,11292,6.75,3,67,7.5,186,143,4.81,281.88,9123.84,19.4,43.15,470.3,76.88,24.66
2023-05-20,May,Q2,2023,North,Enterprise,Referral,Product_A,Rep_6,119640.61,38009.16,17771.1,9059.36,59607.24,4253.11,74.11,18.28,136,284.08,4451,515,187,4779,44,11076,2.01,1,27,6.0,16,12,4.2,113.88,12499.52,34.51,31.77,362.2,75.0,26.88
2023-05-21,May,Q2,2023,North,Startup,Online,Product_B,Rep_8,108784.93,28346.74,13531.75,7897.24,63685.1,3221.34,2172.41,16.61,314,207.45,4559,888,119,5328,25,17017,2.13,6,24,8.1,116,113,2.61,109.48,5186.25,15.24,26.06,340.31,97.41,23.86
2023-05-22,May,Q2,2023,East,Startup,Online,Product_A,Rep_2,105758.26,49313.41,9395.41,6193.0,44532.54,2516.9,2434.7,3.27,591,585.15,4458,788,172,5074,49,9655,6.06,3,30,7.1,157,141,3.86,424.87,28672.35,11.92,46.63,2405.4,89.81,23.72
2023-05-23,May,Q2,2023,Central,Government,Referral,Product_A,Rep_14,102933.23,29560.64,13106.74,8741.03,56910.56,3355.29,4667.89,16.0,441,291.94,4486,569,268,4787,21,9945,4.91,11,61,7.0,64,53,5.97,125.54,6130.74,23.03,28.72,266.21,82.81,22.95
2023-05-24,May,Q2,2023,West,Enterprise,Referral,Product_D,Rep_7,106255.26,41592.85,10918.5,7077.46,51208.04,2535.87,4749.54,19.3,281,201.34,4545,723,272,4996,39,9774,7.03,10,60,9.1,79,69,5.98,280.94,7852.26,15.1,39.14,520.02,87.34,23.38
2023-05-25,May,Q2,2023,West,SMB,Direct,Product_E,Rep_3,109824.36,34467.99,14062.23,8760.27,58320.55,2973.59,5305.05,21.52,637,230.61,4529,780,168,5141,25,3205,7.91,6,38,5.5,114,105,3.71,145.11,5765.25,18.03,31.38,319.76,92.11,24.25
2023-05-26,May,Q2,2023,North,Startup,Partner,Product_E,Rep_20,119042.86,48043.83,10103.75,5816.6,53813.01,7082.27,5268.27,0.33,496,408.1,4304,836,205,4935,47,13342,4.22,10,67,8.9,38,35,4.76,375.5,19180.7,12.09,40.36,1586.49,92.11,27.66
2023-05-27,May,Q2,2023,West,Government,Social,Product_A,Rep_6,107562.09,47122.49,9921.71,6153.53,46455.9,4061.99,44.1,17.11,178,175.07,4395,827,139,5083,49,5027,5.67,12,72,8.0,145,142,3.16,374.94,8578.43,12.0,43.81,714.87,97.93,24.47
2023-05-28,May,Q2,2023,East,SMB,Social,Product_A,Rep_14,111349.17,43062.18,15577.93,8437.44,48113.14,4595.92,3571.31,0.48,320,537.61,4604,698,150,5152,27,17327,5.0,3,74,9.7,170,141,3.26,176.43,14515.47,22.32,38.67,650.33,82.94,24.19
2023-05-29,May,Q2,2023,West,Startup,Social,Product_A,Rep_12,110228.2,47955.25,10571.17,5651.11,45645.32,6056.46,376.09,17.67,138,585.02,4502,799,96,5205,32,8188,8.37,6,80,8.0,144,113,2.13,353.64,18720.64,13.23,43.51,1415.01,78.47,24.48
2023-05-30,May,Q2,2023,South,Startup,Online,Product_D,Rep_18,116332.36,42397.91,16122.84,9512.2,50852.29,6959.32,1585.58,15.89,515,224.16,4467,698,330,4835,39,3808,7.32,11,51,5.7,40,36,7.39,162.97,8742.24,23.1,36.45,378.45,90.0,26.04
2023-05-31,May,Q2,2023,Central,Government,Online,Product_D,Rep_12,123105.13,39922.78,12255.03,9786.92,65595.81,5331.51,3559.63,3.71,219,344.46,4388,681,143,4926,44,14851,7.88,4,65,5.7,32,26,3.26,225.77,15156.24,18.0,32.43,842.01,81.25,28.05
2023-06-01,June,Q2,2023,South,Retail,Direct,Product_D,Rep_7,107896.21,26559.86,13487.21,8064.66,62184.7,5664.44,3779.68,19.15,177,156.04,4420,493,149,4764,17,16354,3.28,13,55,9.3,43,38,3.37,96.93,2652.68,27.36,24.62,96.95,88.37,24.41
2023-06-02,June,Q2,2023,West,SMB,Online,Product_E,Rep_5,108183.43,29805.26,13911.37,10863.9,60888.35,3578.45,3541.02,1.71,223,453.37,4329,488,159,4658,52,16058,6.91,4,37,9.1,81,67,3.67,114.25,23575.24,28.51,27.55,826.91,82.72,24.99
2023-06-03,June,Q2,2023,Central,Retail,Referral,Product_B,Rep_12,115931.52,36501.92,13434.82,8298.4,62258.34,3736.44,284.37,20.66,75,325.47,4525,692,125,5092,26,15620,3.36,10,37,7.0,175,131,2.76,171.7,8462.22,19.41,31.49,435.97,74.86,25.62
2023-06-04,June,Q2,2023,North,Government,Partner,Product_E,Rep_9,114200.25,50297.64,11576.68,7313.02,48202.37,4123.56,591.58,6.55,622,273.16,4480,568,261,4787,55,4913,2.96,10,31,8.2,108,91,5.83,334.47,15023.8,20.38,44.04,737.18,84.26,25.49
2023-06-05,June,Q2,2023,West,Startup,Partner,Product_D,Rep_11,120104.41,48087.06,11396.12,8423.09,54988.3,5632.93,772.19,17.22,560,258.03,4447,454,109,4792,14,18803,8.11,11,65,7.6,95,86,2.45,321.96,3612.42,25.1,40.04,143.92,90.53,27.01
2023-06-06,June,Q2,2023,West,Government,Partner,Product_C,Rep_4,113870.59,46507.91,9374.2,4950.44,52603.81,5384.67,520.47,23.09,537,431.18,4541,782,127,5196,54,3167,1.64,2,74,9.7,119,112,2.8,396.13,23283.72,11.99,40.84,1941.93,94.12,25.08
2023-06-07,June,Q2,2023,East,Enterprise,Partner,Product_B,Rep_14,109234.57,45454.99,11062.87,6136.51,49154.62,3562.09,973.47,8.5,628,341.24,4588,474,269,4793,58,3144,8.26,14,57,9.6,163,138,5.86,310.88,19791.92,23.34,41.61,847.98,84.66,23.81
2023-06-08,June,Q2,2023,West,Government,Social,Product_A,Rep_12,114064.39,39460.47,14340.33,11359.72,57374.52,2889.07,3926.6,12.57,455,222.83,4765,760,192,5333,46,3167,2.54,4,21,9.7,6,4,4.03,175.17,10250.18,18.87,34.59,543.2,66.67,23.94
2023-06-09,June,Q2,2023,Central,SMB,Social,Product_E,Rep_18,116734.71,35243.61,17006.07,11084.13,59197.43,5287.6,4849.38,11.58,75,455.05,4408,678,275,4811,25,10752,7.24,11,28,9.2,121,100,6.24,107.24,11376.25,25.08,30.19,453.6,82.64,26.48
2023-06-10,June,Q2,2023,West,SMB,Referral,Product_B,Rep_7,115373.68,41823.59,16265.88,8349.16,54384.52,2899.69,2358.32,3.94,132,396.25,4680,921,250,5351,13,10368,3.43,12,24,9.4,86,80,5.34,157.12,5151.25,17.66,36.25,291.69,93.02,24.65
2023-06-11,June,Q2,2023,West,Startup,Direct,Product_C,Rep_1,113887.72,40142.91,15218.19,7825.41,53613.54,4913.08,3944.97,14.76,413,529.08,4665,692,165,5192,40,18550,3.95,4,38,6.4,94,77,3.54,163.78,21163.2,21.99,35.25,962.4,81.91,24.41
2023-06-12,June,Q2,2023,North,SMB,Online,Product_B,Rep_13,116764.8,29350.07,15785.59,12189.19,66055.15,5573.99,1167.74,18.58,416,230.08,4494,478,265,4707,15,4575,3.02,11,58,9.1,46,42,5.9,85.93,3451.2,33.02,25.14,104.52,91.3,25.98
2023-06-13,June,Q2,2023,North,Government,Online,Product_E,Rep_16,117357.99,31401.25,14851.53,11317.01,65469.16,5636.05,5711.11,22.92,109,511.99,4596,713,124,5185,37,19254,5.6,7,61,8.5,35,30,2.7,111.43,18943.63,20.83,26.76,909.44,85.71,25.53
2023-06-14,June,Q2,2023,Central,Startup,Social,Product_D,Rep_5,118502.39,46225.64,11639.31,7420.29,54695.86,5941.58,2073.78,21.27,600,464.1,4534,835,237,5132,23,17543,3.94,5,36,9.6,65,50,5.23,297.15,10674.3,13.94,39.01,765.73,76.92,26.14
2023-06-15,June,Q2,2023,East,Enterprise,Partner,Product_A,Rep_19,114915.22,25146.24,16490.75,9052.87,66967.73,6310.5,4860.15,12.75,684,206.67,4602,919,213,5308,13,8243,6.1,8,82,8.0,106,100,4.63,52.49,2686.71,17.94,21.88,149.76,94.34,24.97
2023-06-16,June,Q2,2023,East,Government,Referral,Product_D,Rep_9,110916.16,26895.77,14080.95,10547.83,65502.98,4436.46,5242.82,17.98,341,446.61,4739,678,171,5246,28,13926,1.61,7,65,5.9,60,44,3.61,91.01,12505.08,20.77,24.25,602.07,73.33,23.4
2023-06-17,June,Q2,2023,Central,Retail,Direct,Product_D,Rep_9,112565.4,41222.65,13421.27,8017.6,52382.14,5539.34,4866.84,20.02,240,352.65,4652,614,262,5004,46,2055,1.95,10,39,8.1,87,75,5.63,207.14,16221.9,21.86,36.62,742.08,86.21,24.2
2023-06-18,June,Q2,2023,West,Government,Social,Product_E,Rep_12,117944.46,46774.27,10351.9,6477.37,55538.28,5280.01,395.51,12.34,510,585.97,4646,886,336,5196,21,17717,2.2,9,27,8.5,132,101,7.23,351.84,12305.37,11.68,39.66,1053.54,76.52,25.39
2023-06-19,June,Q2,2023,East,Enterprise,Referral,Product_D,Rep_18,107907.31,38858.9,12009.42,8463.55,54075.25,2963.74,3508.64,2.89,713,205.2,4557,543,364,4736,59,10083,4.43,8,38,6.4,18,13,7.99,223.57,12106.8,22.12,36.01,547.32,72.22,23.68
2023-06-20,June,Q2,2023,West,Government,Referral,Product_D,Rep_10,113915.44,31728.09,12784.17,7747.46,67007.81,2395.37,684.01,10.95,282,448.93,4455,720,252,4923,33,2362,7.2,9,51,7.2,18,15,5.66,148.18,14814.69,17.76,27.85,834.16,83.33,25.57
2023-06-21,June,Q2,2023,Central,Enterprise,Social,Product_E,Rep_17,110185.46,27858.74,15483.2,10661.75,63385.72,3457.8,31.2,21.06,523,328.93,4587,645,203,5029,52,1925,7.72,1,38,8.1,161,137,4.43,79.93,17104.36,24.0,25.28,712.68,85.09,24.02
2023-06-22,June,Q2,2023,East,SMB,Referral,Product_E,Rep_19,112375.96,47591.18,13290.19,10174.77,47255.62,4238.97,290.96,14.92,454,599.09,4732,493,159,5066,54,19827,3.21,10,43,7.1,182,166,3.36,258.09,32350.86,26.96,42.35,1199.96,91.21,23.75
2023-06-23,June,Q2,2023,East,Retail,Partner,Product_C,Rep_11,118704.57,43937.5,12657.24,9356.38,56805.61,5304.22,5437.55,18.11,707,294.31,4463,601,158,4906,32,17321,5.52,13,43,7.1,54,50,3.54,247.13,9417.92,21.06,37.01,447.19,92.59,26.6
2023-06-24,June,Q2,2023,Central,Retail,Referral,Product_D,Rep_16,113347.89,32525.33,16818.11,10334.45,57883.85,6120.6,5148.62,4.63,320,572.0,4514,571,220,4865,26,11769,6.88,12,75,6.1,195,179,4.87,93.39,14872.0,29.45,28.7,504.99,91.79,25.11
2023-06-25,June,Q2,2023,North,Enterprise,Direct,Product_B,Rep_8,112704.66,43253.03,9889.88,5799.24,56422.94,3138.81,1272.57,24.11,183,552.05,4636,782,195,5223,46,4980,3.52,3,37,9.5,105,86,4.21,337.35,25394.3,12.65,38.38,2007.45,81.9,24.31
2023-06-26,June,Q2,2023,South,Government,Referral,Product_A,Rep_15,105753.27,45117.2,11588.27,6786.71,46401.64,2646.16,2892.68,10.1,220,286.03,4529,883,339,5073,59,8260,4.36,5,31,8.7,197,175,7.49,289.34,16875.77,13.12,42.66,1286.26,88.83,23.35
2023-06-27,June,Q2,2023,West,Government,Online,Product_A,Rep_11,116363.9,33368.02,9651.42,5835.03,66532.61,6811.85,5556.54,16.34,464,493.31,4552,577,192,4937,32,17151,5.17,9,60,5.5,72,63,4.22,245.73,15785.92,16.73,28.68,943.57,87.5,25.56
2023-06-28,June,Q2,2023,West,Enterprise,Referral,Product_E,Rep_7,115940.13,35767.16,15280.13,9902.37,62072.97,2819.87,2879.41,0.47,77,577.34,4593,832,195,5230,32,11597,2.44,8,67,8.8,75,62,4.25,134.08,18474.88,18.37,30.85,1005.71,82.67,25.24
2023-06-29,June,Q2,2023,Central,Enterprise,Social,Product_E,Rep_2,123609.07,30780.31,17832.51,11144.95,70158.24,4838.01,2432.49,3.18,185,264.59,4503,475,194,4784,32,2419,1.68,14,83,8.7,15,13,4.31,72.61,8466.88,37.54,24.9,225.54,86.67,27.45
2023-06-30,June,Q2,2023,North,Startup,Online,Product_C,Rep_19,111333.98,31754.89,11089.16,5987.05,63655.52,4834.41,2690.1,19.55,454,342.12,4546,699,319,4926,55,12067,2.57,10,35,5.5,18,18,7.02,186.36,18816.6,15.86,28.52,1186.42,100.0,24.49
2023-07-01,July,Q3,2023,Central,SMB,Social,Product_D,Rep_9,114048.7,30632.33,15976.39,8771.63,62689.28,4750.7,4506.15,24.2,554,384.16,4718,505,279,4944,43,1059,5.89,7,42,7.1,110,83,5.91,91.73,16518.88,31.64,26.86,522.09,75.45,24.17
2023-07-02,July,Q3,2023,North,Startup,Direct,Product_E,Rep_18,114279.95,44370.49,11480.02,6921.06,55750.57,2678.87,2727.16,8.0,290,292.17,4521,874,257,5138,16,3524,2.02,2,58,8.1,108,105,5.68,286.5,4674.72,13.14,38.83,355.76,97.22,25.28
2023-07-03,July,Q3,2023,West,Startup,Partner,Product_E,Rep_13,121000.38,37734.65,17394.28,11630.15,63175.43,2696.02,4738.84,0.93,493,151.34,4496,794,180,5110,50,2578,2.83,11,52,7.4,135,97,4.0,116.94,7567.0,21.91,31.19,345.37,71.85,26.91
2023-07-04,July,Q3,2023,Central,Startup,Direct,Product_A,Rep_1,112716.72,46318.71,14966.23,10144.1,48701.86,2729.92,2432.98,9.02,483,230.33,4597,762,318,5041,20,13598,3.86,6,43,8.8,132,105,6.92,209.49,4606.6,19.64,41.09,234.55,79.55,24.52
2023-07-05,July,Q3,2023,Central,Government,Online,Product_D,Rep_19,114668.38,32738.27,15634.29,10097.6,61316.52,4979.3,1444.85,0.44,277,297.31,4737,864,106,5495,29,15527,2.05,4,80,7.3,12,9,2.24,109.4,8621.99,18.1,28.55,476.35,75.0,24.21
2023-07-06,July,Q3,2023,North,SMB,Partner,Product_C,Rep_13,116392.84,51342.63,9458.14,6825.3,50729.9,4862.17,1899.95,4.81,558,339.65,4648,766,336,5078,32,17047,2.84,5,74,6.2,175,155,7.23,442.84,10868.8,12.35,44.11,880.06,88.57,25.04
2023-07-07,July,Q3,2023,North,Startup,Referral,Product_E,Rep_14,114366.48,32533.12,16857.24,12157.01,61619.51,3356.61,445.02,18.81,352,216.41,4625,911,235,5301,19,1707,7.88,14,80,9.7,141,104,5.08,92.99,4111.79,18.5,28.45,222.26,73.76,24.73
2023-07-08,July,Q3,2023,West,SMB,Online,Product_E,Rep_17,111281.35,42031.24,14563.05,9149.79,49622.54,5064.52,2767.46,23.43,83,554.0,4680,802,205,5277,55,6277,1.64,5,59,6.5,23,22,4.38,188.62,30470.0,18.16,37.77,1677.86,95.65,23.78
2023-07-09,July,Q3,2023,Central,SMB,Partner,Product_E,Rep_20,114564.04,48386.63,11609.07,6237.93,48519.05,6049.29,848.41,2.19,51,463.37,4505,867,224,5148,45,2780,6.07,13,77,8.6,144,137,4.97,316.8,20851.65,13.39,42.24,1557.26,95.14,25.43
2023-07-10,July,Q3,2023,East,Startup,Social,Product_A,Rep_1,119041.83,48476.49,16434.63,10831.28,51551.89,2578.82,4830.4,13.95,411,187.71,4733,718,284,5167,21,14811,4.19,4,20,6.1,159,142,6.0,194.97,3941.91,22.89,40.72,172.21,89.31,25.15
2023-07-11,July,Q3,2023,South,SMB,Partner,Product_E,Rep_5,108621.18,49962.47,10830.24,6654.54,43491.75,4336.72,2284.25,6.35,244,447.37,4726,528,98,5156,52,19797,6.21,4,44,6.9,116,97,2.07,361.32,23263.24,20.51,46.0,1134.24,83.62,22.98
2023-07-12,July,Q3,2023,North,Retail,Social,Product_E,Rep_20,114498.68,30638.34,16154.94,8745.91,62258.42,5446.98,4379.59,3.48,655,454.99,4651,711,336,5026,35,14145,5.62,4,72,7.4,62,61,7.22,89.65,15924.65,22.72,26.76,700.91,98.39,24.62
2023-07-13,July,Q3,2023,West,Retail,Social,Product_A,Rep_14,110413.31,37048.82,9703.19,7709.62,60338.69,3322.61,5269.26,5.47,357,576.97,4796,540,224,5112,51,15662,3.06,11,80,6.3,29,28,4.67,281.82,29425.47,17.97,33.55,1637.48,96.55,23.02
2023-07-14,July,Q3,2023,North,SMB,Partner,Product_E,Rep_18,119969.23,40243.02,15506.98,9473.63,60342.92,3876.31,5095.56,14.44,696,166.56,4587,730,186,5131,35,19545,7.43,2,65,7.4,49,42,4.05,159.52,5829.6,21.24,33.54,274.46,85.71,26.15
2023-07-15,July,Q3,2023,West,Startup,Direct,Product_D,Rep_13,106458.14,43151.01,12545.97,8628.36,46018.93,4742.23,5064.55,1.63,765,240.21,4816,714,136,5394,43,12731,4.94,1,79,6.2,106,97,2.82,243.94,10329.03,17.57,40.53,587.88,91.51,22.11
2023-07-16,July,Q3,2023,West,Government,Direct,Product_D,Rep_12,111359.54,49066.6,9661.27,6251.22,46404.73,6226.94,3162.26,10.86,299,575.11,4723,766,219,5270,44,9800,7.26,12,70,7.9,52,45,4.64,407.87,25304.84,12.61,44.06,2006.73,86.54,23.58
2023-07-17,July,Q3,2023,Central,SMB,Social,Product_A,Rep_15,116120.29,51887.73,11255.84,6110.22,46892.37,6084.35,959.88,3.38,196,561.06,4678,472,233,4917,49,17692,4.34,2,67,8.4,54,47,4.98,360.98,27491.94,23.85,44.68,1152.7,87.04,24.82
2023-07-18,July,Q3,2023,West,Enterprise,Online,Product_D,Rep_4,122141.93,54066.97,9877.41,5103.29,52905.73,5291.82,5712.55,6.82,395,487.98,4714,563,208,5069,55,6439,8.39,7,59,5.8,85,68,4.41,447.38,26838.9,17.54,44.27,1530.15,80.0,25.91
2023-07-19,July,Q3,2023,South,Retail,Partner,Product_C,Rep_9,114065.64,29634.97,12868.17,8849.84,65949.46,5613.04,4953.33,4.77,397,496.01,4709,702,286,5125,45,5307,6.89,12,26,9.2,48,40,6.07,130.3,22320.45,18.33,25.98,1217.7,83.33,24.22
2023-07-20,July,Q3,2023,West,Retail,Online,Product_E,Rep_3,111698.48,46467.82,11291.44,6482.49,50075.25,3863.97,4827.68,22.07,303,184.44,4846,945,219,5572,22,3364,8.26,1,38,6.3,63,46,4.52,311.53,4057.68,11.95,41.6,339.55,73.02,23.05
2023-07-21,July,Q3,2023,East,Enterprise,Direct,Product_C,Rep_11,123960.34,44826.8,15108.91,8658.86,58367.25,5657.38,4296.93,17.7,448,387.87,4620,639,359,4900,42,17568,5.1,6,34,6.5,165,133,7.77,196.69,16290.54,23.64,36.16,689.11,80.61,26.83
2023-07-22,July,Q3,2023,South,SMB,Online,Product_D,Rep_15,107394.57,47197.44,10826.09,8521.14,45220.53,4150.51,3355.63,21.71,383,263.14,4655,663,260,5058,29,6324,4.82,4,80,8.3,107,97,5.59,335.96,7631.06,16.33,43.95,467.3,90.65,23.07
2023-07-23,July,Q3,2023,South,Retail,Referral,Product_A,Rep_16,103720.68,44282.08,10475.2,6688.75,46100.97,2862.43,76.36,9.59,225,237.97,4839,830,331,5338,34,6483,6.79,2,75,7.5,82,81,6.84,322.73,8090.98,12.62,42.69,641.12,98.78,21.43
2023-07-24,July,Q3,2023,Central,Startup,Referral,Product_A,Rep_7,116994.87,36977.63,15446.08,7859.4,58947.27,5623.89,4375.92,7.84,174,504.34,4680,751,124,5307,33,1245,7.66,3,29,7.6,160,158,2.65,139.4,16643.22,20.57,31.61,809.1,98.75,25.0
2023-07-25,July,Q3,2023,East,Startup,Direct,Product_C,Rep_7,112364.6,39644.57,9367.84,5639.0,58603.82,4748.37,514.27,9.51,447,205.93,4834,628,212,5250,54,9430,8.25,7,65,6.1,22,19,4.39,323.2,11120.22,14.92,35.28,745.32,86.36,23.24
2023-07-26,July,Q3,2023,Central,Government,Online,Product_D,Rep_9,109848.79,41015.56,15730.64,10623.65,49329.85,3772.74,1426.67,0.46,180,360.85,4918,694,198,5414,29,9183,3.77,6,76,9.0,187,165,4.03,160.74,10464.65,22.67,37.34,461.61,88.24,22.34
2023-07-27,July,Q3,2023,North,Enterprise,Partner,Product_E,Rep_17,118576.82,46522.61,16560.26,9912.48,48799.87,6694.08,3269.7,18.12,611,571.95,4712,574,255,5031,51,6924,7.09,6,54,8.2,165,125,5.41,180.93,29169.45,28.85,39.23,1011.07,75.76,25.16
2023-07-28,July,Q3,2023,North,Startup,Direct,Product_D,Rep_13,116334.12,43533.36,14744.92,7491.24,55631.74,2424.1,2627.6,8.74,654,241.12,4824,948,346,5426,58,17903,2.97,8,22,6.1,120,109,7.17,195.24,13984.96,15.55,37.42,899.35,90.83,24.12
2023-07-29,July,Q3,2023,East,Startup,Referral,Product_D,Rep_9,112374.8,44837.88,13656.4,8648.51,50213.63,3666.89,88.63,7.83,456,569.95,4644,525,115,5054,52,14901,5.32,8,72,7.1,110,79,2.48,228.33,29637.4,26.01,39.9,1139.46,71.82,24.2
2023-07-30,July,Q3,2023,North,Enterprise,Direct,Product_A,Rep_9,108873.75,42608.05,15510.28,8247.93,48330.23,2425.19,4485.52,14.95,781,600.77,4839,664,118,5385,58,4907,2.76,6,71,9.0,147,115,2.44,174.71,34844.66,23.36,39.14,1491.64,78.23,22.5
2023-07-31,July,Q3,2023,West,Startup,Online,Product_B,Rep_20,119717.64,31652.53,11130.52,7632.73,70869.56,6065.03,5260.4,10.91,383,397.13,4788,491,340,4939,50,1276,3.93,1,72,7.9,193,174,7.1,184.38,19856.5,22.67,26.44,875.89,90.16,25.0
2023-08-01,August,Q3,2023,West,Government,Online,Product_E,Rep_12,118686.44,40724.61,10151.0,6962.33,62103.88,5706.95,4046.45,24.52,69,218.17,4819,589,158,5250,31,6101,8.02,10,73,6.0,15,12,3.28,301.19,6763.27,17.23,34.31,392.53,80.0,24.63
2023-08-02,August,Q3,2023,West,Retail,Online,Product_E,Rep_19,115019.64,41246.56,11129.96,5691.06,58818.25,3824.87,3111.67,8.91,254,284.83,4711,839,283,5267,24,15537,2.52,13,66,7.1,168,120,6.01,270.59,6835.92,13.27,35.86,515.14,71.43,24.42
2023-08-03,August,Q3,2023,South,Government,Social,Product_A,Rep_15,124828.78,41717.53,16929.34,9940.91,60311.65,5870.26,5996.39,15.35,652,338.87,4614,554,243,4925,56,13501,5.93,7,22,6.5,147,140,5.27,146.42,18976.72,30.56,33.42,620.97,95.24,27.05
2023-08-04,August,Q3,2023,Central,Enterprise,Online,Product_D,Rep_18,110325.25,43682.92,9093.77,5675.48,53594.78,3953.78,661.71,7.79,404,253.19,4834,522,338,5018,12,5603,5.65,8,84,7.7,185,147,6.99,380.36,3038.28,17.42,39.59,174.41,79.46,22.82
2023-08-05,August,Q3,2023,West,Government,Referral,Product_A,Rep_8,108128.13,34684.52,13061.5,8686.93,54948.66,5433.45,3989.44,24.76,222,269.28,4581,675,126,5130,15,17335,2.35,5,34,9.1,66,47,2.75,165.55,4039.2,19.35,32.08,208.74,71.21,23.6
2023-08-06,August,Q3,2023,West,Enterprise,Referral,Product_D,Rep_6,112376.3,30663.68,16820.55,9904.26,60602.96,4289.11,721.23,11.13,238,578.74,4760,481,132,5109,35,14386,3.78,13,53,7.4,52,38,2.77,82.3,20255.9,34.97,27.29,579.24,73.08,23.61
2023-08-07,August,Q3,2023,South,Government,Social,Product_B,Rep_6,115687.99,32760.63,16184.6,9489.42,62521.17,4221.59,2208.74,15.85,51,224.34,4890,530,261,5159,47,5053,5.44,11,69,7.4,98,76,5.34,102.42,10543.98,30.54,28.32,345.25,77.55,23.66
2023-08-08,August,Q3,2023,East,SMB,Referral,Product_B,Rep_3,117212.69,45920.51,13655.42,10854.76,50910.02,6726.74,3431.31,3.17,217,471.94,4819,871,370,5320,47,7073,2.81,4,52,9.4,147,111,7.68,236.28,22181.18,15.68,39.18,1414.62,75.51,24.32
2023-08-09,August,Q3,2023,South,Retail,Referral,Product_C,Rep_3,114869.9,44280.9,9701.32,4972.5,57437.54,3450.14,4233.46,18.33,417,148.03,4999,886,224,5661,56,17525,7.1,7,22,8.0,195,182,4.48,356.44,8289.68,10.95,38.55,757.05,93.33,22.98
2023-08-10,August,Q3,2023,North,Enterprise,Direct,Product_D,Rep_2,117916.43,41812.49,16295.6,12982.93,56881.9,2926.44,21.91,6.73,585,433.7,4910,940,195,5655,13,11561,8.31,12,21,7.9,91,72,3.97,156.59,5638.1,17.34,35.46,325.15,79.12,24.02
2023-08-11,August,Q3,2023,Central,Retail,Online,Product_A,Rep_5,109978.54,28658.69,13409.52,6896.86,63139.27,4771.06,1433.01,11.22,629,572.11,4746,880,268,5358,39,19101,3.0,12,23,6.6,175,165,5.65,113.72,22312.29,15.24,26.06,1464.06,94.29,23.17
2023-08-12,August,Q3,2023,East,Startup,Direct,Product_A,Rep_20,123535.14,40383.39,10876.69,6379.21,65014.54,7260.52,3324.33,22.08,419,288.59,4819,811,365,5265,37,13748,2.81,11,35,8.1,54,41,7.57,271.28,10677.83,13.41,32.69,796.26,75.93,25.64
2023-08-13,August,Q3,2023,South,Retail,Direct,Product_A,Rep_12,115985.64,43125.27,10040.88,6507.57,58746.82,4072.67,3090.28,24.26,755,228.49,4815,507,338,4984,34,8313,4.68,13,73,8.0,64,54,7.02,329.5,7768.66,19.8,37.18,392.36,84.38,24.09
2023-08-14,August,Q3,2023,South,Government,Referral,Product_C,Rep_6,122062.96,50139.28,17537.26,9522.55,51642.27,2744.15,3891.53,10.61,645,448.69,4666,832,372,5126,26,6714,6.73,6,52,7.2,63,57,7.97,185.9,11665.94,21.08,41.08,553.41,90.48,26.16
2023-08-15,August,Q3,2023,East,Enterprise,Partner,Product_E,Rep_16,118270.18,37663.88,15001.86,8107.81,61633.85,3970.59,1796.84,20.87,486,468.33,4734,874,101,5507,47,17783,3.47,12,28,9.8,19,17,2.13,151.06,22011.51,17.16,31.85,1282.72,89.47,24.98
2023-08-16,August,Q3,2023,East,Retail,Online,Product_A,Rep_5,118920.4,47362.65,16416.97,9470.85,50355.75,4785.03,3214.0,1.33,256,457.65,4776,859,128,5507,38,10526,1.64,6,76,9.3,33,29,2.68,188.5,17390.7,19.11,39.83,910.03,87.88,24.9
2023-08-17,August,Q3,2023,East,Retail,Partner,Product_B,Rep_6,119565.55,43588.0,16921.94,13403.06,55889.88,3165.73,1134.6,21.19,98,297.79,4632,699,262,5069,17,14582,5.29,14,59,8.7,44,43,5.66,157.58,5062.43,24.21,36.46,209.1,97.73,25.81
2023-08-18,August,Q3,2023,North,Enterprise,Referral,Product_A,Rep_4,119035.34,48219.25,14287.11,8772.79,51014.78,5514.2,1112.22,15.74,593,257.52,4845,597,335,5107,46,11815,8.2,3,71,7.8,35,27,6.91,237.5,11845.92,23.93,40.51,495.02,77.14,24.57
2023-08-19,August,Q3,2023,West,Retail,Social,Product_A,Rep_14,120090.49,34280.31,13957.07,9348.42,64658.49,7194.62,3461.99,12.22,731,595.09,4819,889,179,5529,50,14760,4.24,11,35,7.5,77,65,3.71,145.61,29754.5,15.7,28.55,1895.19,84.42,24.92
2023-08-20,August,Q3,2023,Central,Government,Direct,Product_A,Rep_3,123602.72,50745.11,13612.36,9682.3,54539.75,4705.5,4236.31,22.25,178,563.88,4681,808,161,5328,49,7255,4.44,10,27,6.3,15,14,3.44,272.79,27630.12,16.85,41.06,1639.77,93.33,26.41
2023-08-21,August,Q3,2023,South,Startup,Referral,Product_E,Rep_17,118019.64,45467.38,12059.99,8715.35,56457.28,4034.99,710.48,21.13,496,361.97,4892,969,329,5532,46,17622,8.28,4,79,6.8,85,61,6.73,277.01,16650.62,12.45,38.53,1337.4,71.76,24.13
2023-08-22,August,Q3,2023,South,Enterprise,Referral,Product_A,Rep_5,120662.14,33111.52,13323.72,9412.04,69879.66,4347.24,740.8,7.42,663,545.35,4927,569,115,5381,47,4215,6.36,5,55,8.8,66,47,2.33,148.52,25631.45,23.42,27.44,1094.43,71.21,24.49
2023-08-23,August,Q3,2023,West,Government,Partner,Product_E,Rep_6,116748.52,46741.35,15664.33,9415.49,51470.14,2872.7,3299.91,19.79,84,363.87,4883,598,206,5275,21,8541,6.53,9,22,7.5,140,108,4.22,198.39,7641.27,26.19,40.04,291.76,77.14,23.91
2023-08-24,August,Q3,2023,Central,SMB,Social,Product_E,Rep_20,124477.86,39954.08,15203.06,8111.11,62433.24,6887.48,1681.05,2.49,248,326.89,4831,585,243,5173,41,4647,5.44,8,34,9.3,55,49,5.03,162.8,13402.49,25.99,32.1,515.68,89.09,25.77
2023-08-25,August,Q3,2023,Central,Retail,Direct,Product_C,Rep_4,113975.4,38418.38,16238.83,9491.84,55147.49,4170.7,2236.19,20.57,126,224.99,4927,883,264,5546,52,10808,8.32,3,42,6.1,61,47,5.36,136.58,11699.48,18.39,33.71,636.19,77.05,23.13
2023-08-26,August,Q3,2023,Central,Government,Social,Product_B,Rep_13,126442.14,56879.69,14039.71,7905.6,51035.18,4487.56,2533.57,16.89,418,350.39,4940,586,315,5211,49,19813,6.32,6,22,7.7,136,103,6.38,305.13,17169.11,23.96,44.98,716.57,75.74,25.6
2023-08-27,August,Q3,2023,North,Startup,Social,Product_A,Rep_8,117316.73,31976.38,14370.86,7772.96,65527.45,5442.04,1047.36,2.2,575,400.76,4907,523,203,5227,40,4652,7.77,10,49,8.3,168,141,4.14,122.51,16030.4,27.48,27.26,583.35,83.93,23.91
2023-08-28,August,Q3,2023,Central,Government,Social,Product_A,Rep_11,110443.72,46863.25,13716.17,6958.89,45702.63,4161.67,7.26,17.08,398,149.0,4797,959,272,5484,54,15028,6.4,1,64,7.7,151,133,5.67,241.66,8046.0,14.3,42.43,562.66,88.08,23.02
2023-08-29,August,Q3,2023,East,SMB,Online,Product_A,Rep_19,118318.2,39967.99,14366.05,11215.83,58549.88,5434.28,5047.17,14.51,555,343.28,4912,503,271,5144,50,14803,6.65,3,36,9.3,28,22,5.52,178.21,17164.0,28.56,33.78,600.98,78.57,24.09
2023-08-30,August,Q3,2023,North,SMB,Social,Product_E,Rep_5,114352.5,38447.85,14772.55,11468.08,58563.99,2568.11,4088.11,14.86,692,511.56,5007,919,265,5661,15,7307,3.53,10,77,9.8,45,36,5.29,160.27,7673.4,16.07,33.62,477.5,80.0,22.84
2023-08-31,August,Q3,2023,East,Enterprise,Referral,Product_D,Rep_5,122041.06,39681.09,11791.65,6074.17,64155.19,6413.13,4213.7,7.27,287,448.4,4832,660,282,5210,16,2535,3.62,14,77,6.0,53,47,5.84,236.52,7174.4,17.87,32.51,401.48,88.68,25.26
2023-09-01,September,Q3,2023,Central,Government,Online,Product_B,Rep_3,114654.8,33110.94,13284.53,7332.07,61652.9,6606.43,3132.97,6.66,329,432.82,5106,940,182,5864,15,15932,6.98,12,76,6.1,178,175,3.56,149.24,6492.3,14.13,28.88,459.47,98.31,22.45
2023-09-02,September,Q3,2023,North,Retail,Online,Product_A,Rep_2,115767.08,48170.59,10105.97,5475.92,52170.95,5319.57,4057.46,19.06,626,575.06,4847,754,122,5479,47,16749,3.58,7,26,6.1,40,36,2.52,376.65,27027.82,13.4,41.61,2017.0,90.0,23.88
2023-09-03,September,Q3,2023,East,Government,Social,Product_D,Rep_3,108630.37,47026.72,11614.3,6787.01,43668.95,6320.4,5082.21,6.42,481,157.63,4907,933,133,5707,56,9727,5.44,7,58,8.4,14,13,2.71,304.9,8827.28,12.45,43.29,709.02,92.86,22.14
2023-09-04,September,Q3,2023,West,Government,Referral,Product_D,Rep_15,115896.63,36521.03,13228.06,7423.86,63127.59,3019.95,3857.47,11.16,187,393.4,4841,932,162,5611,27,18332,3.25,2,77,7.1,82,66,3.35,176.09,10621.8,14.19,31.51,748.54,80.49,23.94
2023-09-05,September,Q3,2023,South,Government,Direct,Product_D,Rep_7,106118.84,34819.32,13334.44,10450.95,53816.19,4148.89,1406.56,17.37,318,495.53,4934,498,247,5185,36,11834,7.22,3,75,8.7,139,109,5.01,161.12,17839.08,26.78,32.81,666.13,78.42,21.51
2023-09-06,September,Q3,2023,North,Retail,Social,Product_B,Rep_3,110398.8,26734.94,16177.53,8497.27,62620.8,4865.53,3149.46,1.99,789,396.93,4742,510,334,4918,25,10213,2.27,7,34,7.2,144,120,7.04,65.26,9923.25,31.72,24.22,312.84,83.33,23.28
2023-09-07,September,Q3,2023,North,Startup,Online,Product_D,Rep_15,122200.47,33043.89,14914.03,8404.07,68955.0,5287.55,2702.61,14.86,250,282.42,4865,608,302,5171,22,16437,7.31,12,63,8.2,90,85,6.21,121.56,6213.24,24.53,27.04,253.29,94.44,25.12
2023-09-08,September,Q3,2023,West,Retail,Direct,Product_A,Rep_11,122407.48,32220.67,16164.1,8473.5,69608.88,4413.83,3405.49,14.73,191,208.84,4815,804,324,5295,40,2403,5.72,6,31,8.8,180,151,6.73,99.33,8353.6,20.1,26.32,415.6,83.89,25.42
2023-09-09,September,Q3,2023,East,Startup,Direct,Product_A,Rep_16,120685.85,42725.09,13931.81,11063.47,59983.15,4045.8,3123.41,17.11,661,552.73,4941,933,203,5671,45,8506,2.81,13,27,7.9,169,161,4.11,206.67,24872.85,14.93,35.4,1665.96,95.27,24.43
2023-09-10,September,Q3,2023,North,Government,Online,Product_C,Rep_13,113803.76,43679.48,14155.74,10978.12,53115.14,2853.4,4886.59,9.25,699,374.83,5031,734,223,5542,33,8591,5.29,7,60,7.8,168,167,4.43,208.56,12369.39,19.29,38.38,641.23,99.4,22.62
2023-09-11,September,Q3,2023,Central,Retail,Direct,Product_E,Rep_2,118480.16,38038.46,10066.7,7197.58,66148.85,4226.15,3861.27,11.22,729,551.83,5001,804,218,5587,25,13996,3.48,10,53,5.9,64,46,4.36,277.86,13795.75,12.52,32.11,1101.9,71.88,23.69
2023-09-12,September,Q3,2023,West,Government,Referral,Product_D,Rep_20,118780.79,45781.36,11617.64,7293.46,58233.33,3148.46,1121.04,8.25,660,406.49,4703,559,148,5114,35,6060,3.76,9,65,7.3,100,71,3.15,294.07,14227.15,20.78,38.54,684.66,71.0,25.26
2023-09-13,September,Q3,2023,North,Enterprise,Referral,Product_E,Rep_12,113087.06,46208.19,11911.43,6635.3,49383.81,5583.63,356.32,20.2,404,465.17,5148,929,122,5955,50,16062,3.96,8,48,7.8,12,9,2.37,287.93,23258.5,12.82,40.86,1814.24,75.0,21.97
2023-09-14,September,Q3,2023,East,SMB,Social,Product_E,Rep_7,126475.95,36371.63,14301.21,8100.88,72217.11,3586.0,2683.59,3.27,627,508.92,4977,979,276,5680,37,2602,1.94,6,35,7.5,139,113,5.55,154.33,18830.04,14.61,28.76,1288.85,81.29,25.41
2023-09-15,September,Q3,2023,Central,Retail,Social,Product_E,Rep_1,123425.85,39243.25,10268.46,6499.03,71156.48,2757.66,96.34,24.07,378,434.26,4874,618,387,5105,54,14472,8.4,12,24,9.4,111,82,7.94,282.17,23450.04,16.62,31.8,1410.95,73.87,25.32
2023-09-16,September,Q3,2023,West,Enterprise,Direct,Product_E,Rep_14,118014.3,44236.69,10597.88,7741.4,58211.96,4967.77,1878.18,15.87,608,327.4,4972,743,149,5566,47,3196,1.72,14,24,9.4,175,168,3.0,317.41,15387.8,14.26,37.48,1079.09,96.0,23.74
2023-09-17,September,Q3,2023,West,SMB,Online,Product_E,Rep_10,119333.63,52706.54,11859.02,6871.34,49540.16,5227.91,2195.87,22.17,280,395.52,4978,541,114,5405,50,12091,6.14,4,49,9.0,62,44,2.29,344.44,19776.0,21.92,44.17,902.19,70.97,23.97
2023-09-18,September,Q3,2023,West,Startup,Referral,Product_A,Rep_3,120321.19,38448.75,17808.41,10564.62,57461.22,6602.81,2259.57,10.66,357,513.02,4897,764,327,5334,27,16040,4.1,14,69,7.1,85,68,6.68,115.9,13851.54,23.31,31.96,594.23,80.0,24.57
2023-09-19,September,Q3,2023,North,Startup,Partner,Product_B,Rep_11,109150.69,31983.22,11263.73,7659.15,61201.61,4702.13,5344.84,8.31,707,318.27,4988,750,175,5563,49,17494,6.02,13,24,8.6,90,68,3.51,183.95,15595.23,15.02,29.3,1038.3,75.56,21.88
2023-09-20,September,Q3,2023,West,Retail,Social,Product_D,Rep_20,118203.55,32161.19,13444.81,7681.27,68600.0,3997.55,1796.11,22.52,768,341.02,4911,562,343,5130,43,17016,3.99,10,32,7.2,178,174,6.98,139.21,14663.86,23.92,27.21,613.04,97.75,24.07
2023-09-21,September,Q3,2023,West,Enterprise,Referral,Product_D,Rep_15,116109.6,48006.45,10882.59,7348.64,51168.87,6051.69,1539.77,2.47,195,178.75,4936,712,307,5341,17,7023,6.22,9,68,6.5,38,34,6.22,341.13,3038.75,15.28,41.35,198.87,89.47,23.52
2023-09-22,September,Q3,2023,East,Retail,Direct,Product_A,Rep_6,114591.5,48385.07,14066.63,8667.0,47371.52,4768.28,741.3,2.93,201,548.7,4911,655,377,5189,45,4867,6.6,7,69,7.0,88,86,7.68,243.97,24691.5,21.48,42.22,1149.51,97.73,23.33
2023-09-23,September,Q3,2023,North,Retail,Referral,Product_A,Rep_18,118274.18,35684.61,11785.76,6014.4,68063.25,2740.56,3021.96,7.48,189,174.81,4841,737,216,5362,19,10569,6.33,5,33,5.8,121,120,4.46,202.78,3321.39,15.99,30.17,207.72,99.17,24.43
2023-09-24,September,Q3,2023,East,SMB,Referral,Product_E,Rep_13,128748.19,49567.48,12165.35,7552.38,61526.31,5489.05,989.26,23.99,712,445.42,5003,793,299,5497,41,8641,2.3,2,65,6.9,26,22,5.98,307.45,18262.22,15.34,38.5,1190.5,84.62,25.73
2023-09-25,September,Q3,2023,Central,Retail,Direct,Product_B,Rep_15,123044.05,39271.6,14292.81,11089.19,62549.71,6929.93,3791.57,15.83,70,337.6,5051,509,242,5318,38,6004,6.1,9,53,7.5,153,118,4.79,174.76,12828.8,28.08,31.92,456.87,77.12,24.36
2023-09-26,September,Q3,2023,East,Government,Social,Product_D,Rep_3,117064.02,33966.0,9410.24,5532.6,69490.74,4197.04,908.18,13.85,303,347.96,5047,889,292,5644,18,10963,3.46,14,66,9.6,19,14,5.79,260.95,6263.28,10.59,29.01,591.43,73.68,23.19
2023-09-27,September,Q3,2023,West,Retail,Social,Product_C,Rep_15,122862.91,58273.57,9894.95,5905.8,50780.83,3913.56,3542.59,17.63,113,458.23,5082,871,239,5714,38,14796,1.7,7,79,6.8,137,105,4.7,488.92,17412.74,11.36,47.43,1532.81,76.64,24.18
